[{"senderID":"100085073240621","imgUrls":[{"url":"https://scontent.xx.fbcdn.net/v/t1.15752-9/451072603_1007724210886405_6936675945290821245_n.jpg?stp=dst-jpg_p480x480&_nc_cat=110&ccb=1-7&_nc_sid=9f807c&_nc_eui2=AeFtv1bgPqxbshjRTOJsOE3CvrO-dgCI8XK-s752AIjxchphB7xZ0lTk-amaOHrrLRoZ-Tgvh7Ek_Rfu6hKbw05H&_nc_ohc=Tq9KP-5G6PMQ7kNvgFIFdzh&_nc_ad=z-m&_nc_cid=0&_nc_ht=scontent.xx&oh=03_Q7cD1QE1Wo2HZXFd4iPp0NG81uw0NnNOqz1kGOQSBz86hpX1ew&oe=66C3C9A2","name":"1","uploadedAt":"7/20/2024, 9:30:03 PM"}],"videoUrls":[]}]