[
    {
        "senderID": "100089033040313",
        "choice": "tài",
        "betAmount": 100000000000,
        "phien": 1676,
        "time": 1719186163338
    },
    {
        "senderID": "100089033040313",
        "choice": "xỉu",
        "betAmount": 10000000,
        "phien": 1677,
        "time": 1719186230876
    },
    {
        "senderID": "100089033040313",
        "choice": "tài",
        "betAmount": 1000000000000000,
        "phien": 1678,
        "time": 1719186318414
    },
    {
        "senderID": "100089033040313",
        "choice": "tài",
        "betAmount": 1000000000,
        "phien": 1679,
        "time": 1719186354377
    }
]