[
    {
        "senderID": "100083222933380",
        "choice": "tài",
        "betAmount": 999999999999,
        "phien": 1676,
        "time": 1719186175969
    },
    {
        "senderID": "100083222933380",
        "choice": "tài",
        "betAmount": 999999999999,
        "phien": 1685,
        "time": 1719186708052
    },
    {
        "senderID": "100083222933380",
        "choice": "tài",
        "betAmount": 1.010101010110101e+41,
        "phien": 1686,
        "time": 1719186796840
    },
    {
        "senderID": "100083222933380",
        "choice": "tài",
        "betAmount": 1e+23,
        "phien": 1838,
        "time": 1719209876381
    },
    {
        "senderID": "100083222933380",
        "choice": "xỉu",
        "betAmount": 1.010101010110101e+41,
        "phien": 1839,
        "time": 1719209934518
    },
    {
        "senderID": "100083222933380",
        "choice": "xỉu",
        "betAmount": 2.020202020220202e+41,
        "phien": 1840,
        "time": 1719210000766
    },
    {
        "senderID": "100083222933380",
        "choice": "xỉu",
        "betAmount": 4.040404040440404e+41,
        "phien": 1841,
        "time": 1719210079828
    }
]