[
    {
        "senderID": "100042750775325",
        "choice": "tài",
        "betAmount": 100000000,
        "phien": 1050,
        "time": 1719148171761
    },
    {
        "senderID": "100042750775325",
        "choice": "tài",
        "betAmount": 100000000,
        "phien": 1051,
        "time": 1719148230022
    },
    {
        "senderID": "100042750775325",
        "choice": "tài",
        "betAmount": 10000000000,
        "phien": 1053,
        "time": 1719148331234
    },
    {
        "senderID": "100042750775325",
        "choice": "tài",
        "betAmount": 1000000000000000000,
        "phien": 1054,
        "time": 1719148392615
    },
    {
        "senderID": "100042750775325",
        "choice": "tài",
        "betAmount": 10000000000000000000,
        "phien": 1055,
        "time": 1719148447005
    },
    {
        "senderID": "100042750775325",
        "choice": "tài",
        "betAmount": 999999999999,
        "phien": 1057,
        "time": 1719148568185
    },
    {
        "senderID": "100042750775325",
        "choice": "tài",
        "betAmount": 9828293913939395000,
        "phien": 1058,
        "time": 1719148658126
    },
    {
        "senderID": "100042750775325",
        "choice": "tài",
        "betAmount": 1e+22,
        "phien": 1062,
        "time": 1719148872821
    },
    {
        "senderID": "100042750775325",
        "choice": "tài",
        "betAmount": 1e+29,
        "phien": 1063,
        "time": 1719148928936
    },
    {
        "senderID": "100042750775325",
        "choice": "xỉu",
        "betAmount": 9.273927291262926e+107,
        "phien": 1065,
        "time": 1719149046315
    },
    {
        "senderID": "100042750775325",
        "choice": "xỉu",
        "betAmount": 9.948464846496484e+244,
        "phien": 1067,
        "time": 1719149163467
    },
    {
        "senderID": "100042750775325",
        "choice": "xỉu",
        "betAmount": 9.948464846496484e+267,
        "phien": 1068,
        "time": 1719149230653
    },
    {
        "senderID": "100042750775325",
        "choice": "tài",
        "betAmount": 10000000,
        "phien": 1735,
        "time": 1719189712289
    },
    {
        "senderID": "100042750775325",
        "choice": "xỉu",
        "betAmount": 1e+36,
        "phien": 1736,
        "time": 1719189785631
    },
    {
        "senderID": "100042750775325",
        "choice": "tài",
        "betAmount": 9.253943262936492e+73,
        "phien": 1737,
        "time": 1719189837883
    },
    {
        "senderID": "100042750775325",
        "choice": "tài",
        "betAmount": 9.948464846496484e+267,
        "phien": 1738,
        "time": 1719189907766
    },
    {
        "senderID": "100042750775325",
        "choice": "tài",
        "betAmount": 7.383539373627383e+184,
        "phien": 1739,
        "time": 1719189967547
    },
    {
        "senderID": "100042750775325",
        "choice": "tài",
        "betAmount": 72926292639363,
        "phien": 1748,
        "time": 1719190507784
    },
    {
        "senderID": "100042750775325",
        "choice": "tài",
        "betAmount": 82826373,
        "phien": 1816,
        "time": 1719208565536
    },
    {
        "senderID": "100042750775325",
        "choice": "tài",
        "betAmount": 9.272917012602639e+30,
        "phien": 1817,
        "time": 1719208621742
    },
    {
        "senderID": "100042750775325",
        "choice": "tài",
        "betAmount": 8.291272827282729e+24,
        "phien": 1941,
        "time": 1719216069235
    },
    {
        "senderID": "100042750775325",
        "choice": "tài",
        "betAmount": 82729272,
        "phien": 2235,
        "time": 1719234050105
    },
    {
        "senderID": "100042750775325",
        "choice": "xỉu",
        "betAmount": 7.191629262926293e+25,
        "phien": 2236,
        "time": 1719234087903
    },
    {
        "senderID": "100042750775325",
        "choice": "tài",
        "betAmount": 1.9171925293738376e+57,
        "phien": 2239,
        "time": 1719234257613
    },
    {
        "senderID": "100042750775325",
        "choice": "tài",
        "betAmount": 9272927292728272,
        "phien": 2240,
        "time": 1719234338378
    },
    {
        "senderID": "100042750775325",
        "choice": "tài",
        "betAmount": 1000000,
        "phien": 2258,
        "time": 1719235411077
    },
    {
        "senderID": "100042750775325",
        "choice": "tài",
        "betAmount": 1000000,
        "phien": 2282,
        "time": 1719236841739
    },
    {
        "senderID": "100042750775325",
        "choice": "tài",
        "betAmount": 8.292739474947488e+37,
        "phien": 2407,
        "time": 1719244546911
    },
    {
        "senderID": "100042750775325",
        "choice": "tài",
        "betAmount": 10000000000,
        "phien": 2809,
        "time": 1719268747844
    }
]