{
    "boxname": [
        {
            "threadID": "8361569787254910",
            "name": "𝐀𝐄𝐌𝐓 𝐱 𝐀𝐃𝐌𝐈𝐍🤖"
        },
        {
            "threadID": "7521002927997636",
            "name": "Tửu Xuân Lâu ☯︎"
        },
        {
            "threadID": "8255448647833434",
            "name": "Divine Angels"
        }
    ],
    "boximage": [
        {
            "threadID": "8361569787254910",
            "url": "https://i.imgur.com/ZXWivlY.jpeg"
        },
        {
            "threadID": "7521002927997636",
            "url": "https://i.imgur.com/O0bJUOV.jpeg"
        },
        {
            "threadID": "8255448647833434",
            "url": "https://i.imgur.com/s0tegzw.jpeg"
        }
    ],
    "antiout": {
        "7289801334454991": true,
        "8361569787254910": false,
        "7521002927997636": true,
        "8255448647833434": true
    },
    "antiNickname": [
        {
            "threadID": "8255448647833434",
            "data": {
                "100002865025056": "DA• Đại 93",
                "100004417871041": "DA• Nghĩa ⁹⁸",
                "100004752336149": "[ ! ] • Con Đĩ Của Khánh",
                "100008016937122": "DA•Hậu⁰⁰",
                "100009037455424": "DA•Chuột⁹⁶",
                "100009534893430": "DA•Ánh ⁰²",
                "100010815753018": "DA•Huyền⁰²",
                "100012987460225": "DA•Kiên⁹⁸",
                "100018834165980": "DA•Trọng Lùn⁰³",
                "100021439593905": "DA•Bu05",
                "100022902729215": "DA• 𝓛ù𝓷 𝔂𝓪𝓷𝓰𝓱𝓸𝓸⁹⁹ ♡(QTV)",
                "100025952826221": "DA•Suyyk⁴",
                "100026645542670": "DA•Toàn ⁰³",
                "100027559176552": "DA• Thắng Thất _95",
                "100031050349068": "DA• Hải dô tri⁹⁵",
                "100048955819542": "DA•Đạt⁹⁷ ♡",
                "100049949086575": "DA•Zịt⁰⁶",
                "100054604996480": "DA•Tân⁹⁵",
                "100054837762087": "DA•Chanh•203",
                "100058554495010": "DA•Đạt 03",
                "100058759502298": "DA•Be nhất nhóm ½↗₀₀²",
                "100072825312392": "DA•Huệ 02",
                "100075610939839": "DA•Giè làng⁹³",
                "100077032407982": "DA•Duúuu⁰³",
                "100084398950729": "DA•Vinh⁰⁴",
                "100086635778898": "DA•Sam Sam ⁰⁴(Qtv)",
                "100090603080272": "DA•TKun⁰⁰🍓",
                "100091089670216": "DA•Vy⁹⁹",
                "100091541721038": "DA• Nhỏ này hay dỗi⁰³",
                "100093707658829": "DA•Nhím⁰⁴",
                "61551752412604": "Leopards🐆•Quên NYC Đi Em Tới Rồi⁰²🍓(Boss) ",
                "61554343060207": "DA• Tiến⁰⁵",
                "61557673323229": "DA• DucAnh 00",
                "61559489077182": "DA•Trang⁹⁷",
                "61561943984028": "DA•alicu hay dỗi²ᴷ",
                "61562492445049": "[ / ] ➺ Mark Bot"
            }
        }
    ]
}