{
    "total": [
        {
            "id": "100089033040313",
            "count": 84
        },
        {
            "id": "100022902729215",
            "count": 598
        },
        {
            "id": "61557876557356",
            "count": 18
        },
        {
            "id": "727201807",
            "count": 102
        },
        {
            "id": "100080101487002",
            "count": 0
        },
        {
            "id": "100024355281353",
            "count": 107
        },
        {
            "id": "100089494792922",
            "count": 0
        },
        {
            "id": "61553998834978",
            "count": 0
        },
        {
            "id": "100033771141427",
            "count": 4
        },
        {
            "id": "100042750775325",
            "count": 10
        },
        {
            "id": "100077461261016",
            "count": 0
        },
        {
            "id": "100048093021304",
            "count": 0
        },
        {
            "id": "61561929966427",
            "count": 0
        },
        {
            "id": "61561530282324",
            "count": 38
        },
        {
            "id": "61556666968083",
            "count": 706
        },
        {
            "id": "100023746650773",
            "count": 0
        },
        {
            "id": "100085073240621",
            "count": 795
        },
        {
            "id": "100047157346580",
            "count": 75
        },
        {
            "id": "61562119298096",
            "count": 0
        },
        {
            "id": "61562957031924",
            "count": 557
        },
        {
            "id": "100093272876499",
            "count": 0
        },
        {
            "id": "100004752336149",
            "count": 168
        },
        {
            "id": "61555877896247",
            "count": 0
        },
        {
            "id": "61562492445049",
            "count": 194
        },
        {
            "id": "61560496558238",
            "count": 14
        },
        {
            "id": "100037596822429",
            "count": 0
        },
        {
            "id": "100023434451963",
            "count": 195
        },
        {
            "id": "100001113278043",
            "count": 0
        },
        {
            "id": "100002240840457",
            "count": 11
        }
    ],
    "week": [
        {
            "id": "100089033040313",
            "count": 12,
            "name": "Nguyễn Đức Toàn"
        },
        {
            "id": "100022902729215",
            "count": 347,
            "name": "Đặng Thị Trúc Ly"
        },
        {
            "id": "61557876557356",
            "count": 17,
            "name": "Pham Thanh Tung"
        },
        {
            "id": "727201807",
            "count": 25,
            "name": "Trịnh Quốc Đại"
        },
        {
            "id": "100080101487002",
            "count": 0,
            "name": "Tú SadBoy"
        },
        {
            "id": "100024355281353",
            "count": 93,
            "name": "Người dùng Facebook"
        },
        {
            "id": "100089494792922",
            "count": 0,
            "name": "Anh　Là　 Zeno　Đấng Toàn　Năng"
        },
        {
            "id": "61553998834978",
            "count": 0,
            "name": "Văn Toàn Lê"
        },
        {
            "id": "100033771141427",
            "count": 0,
            "name": "Bé Xu"
        },
        {
            "id": "100042750775325",
            "count": 1,
            "name": "Vày Lập Đức"
        },
        {
            "id": "100077461261016",
            "count": 0,
            "name": "Vày Lập Đức"
        },
        {
            "id": "100048093021304",
            "count": 0,
            "name": "Nguyễn Quốc Toàn"
        },
        {
            "id": "61561929966427",
            "count": 0,
            "name": "Thanh Thanh"
        },
        {
            "id": "61561530282324",
            "count": 0,
            "name": "Roronoa Xoro"
        },
        {
            "id": "61556666968083",
            "count": 258,
            "name": "Gkhanhdz vcl"
        },
        {
            "id": "100023746650773",
            "count": 0,
            "name": "Phạm Minh Đồng"
        },
        {
            "id": "100085073240621",
            "count": 367,
            "name": "Dang Gia Khanh"
        },
        {
            "id": "100047157346580",
            "count": 0,
            "name": "༒«ะ๏ຼົะ»⁂⸸••••𝗧𝗿𝗶𝗻𝗵𝗤𝘂𝗼𝗰𝗗𝗮𝗶••••«ะ๏ຼົะ»⁂༒ 🩶🩷🩶🩷🩶🩷🩶🩷🩶🩷 🛜🛜🛜🛜🛜🛜🛜🛜🛜🛜 🪻🪻🪻🪻🪻🪻🪻🪻🪻🪻 🫎🪼🫎🪼🫎🪼🫎🪼🫎🪼 🫏🫏🫏🫸🫨🫨🫷🫏🫏🫏 🩷🩵🩷🩵🩷🩵🩷🩵🩷🩵"
        },
        {
            "id": "61562119298096",
            "count": 0,
            "name": "Người dùng facebook"
        },
        {
            "id": "61562957031924",
            "count": 557
        },
        {
            "id": "100093272876499",
            "count": 0
        },
        {
            "id": "100004752336149",
            "count": 168
        },
        {
            "id": "61555877896247",
            "count": 0
        },
        {
            "id": "61562492445049",
            "count": 194
        },
        {
            "id": "61560496558238",
            "count": 14
        },
        {
            "id": "100037596822429",
            "count": 0
        },
        {
            "id": "100023434451963",
            "count": 195
        },
        {
            "id": "100001113278043",
            "count": 0
        },
        {
            "id": "100002240840457",
            "count": 11
        }
    ],
    "day": [
        {
            "id": "100089033040313",
            "count": 0,
            "name": "Nguyễn Đức Toàn"
        },
        {
            "id": "100022902729215",
            "count": 0,
            "name": "Đặng Thị Trúc Ly"
        },
        {
            "id": "61557876557356",
            "count": 0,
            "name": "Pham Thanh Tung"
        },
        {
            "id": "727201807",
            "count": 0,
            "name": "Trịnh Quốc Đại"
        },
        {
            "id": "100080101487002",
            "count": 0,
            "name": "Tú SadBoy"
        },
        {
            "id": "100024355281353",
            "count": 0,
            "name": "Thu Hiền"
        },
        {
            "id": "100089494792922",
            "count": 0,
            "name": "Anh　Là　 Zeno　Đấng Toàn　Năng"
        },
        {
            "id": "61553998834978",
            "count": 0,
            "name": "Văn Toàn Lê"
        },
        {
            "id": "100033771141427",
            "count": 0,
            "name": "Bé Xu"
        },
        {
            "id": "100042750775325",
            "count": 0,
            "name": "Vày Lập Đức"
        },
        {
            "id": "100077461261016",
            "count": 0,
            "name": "Vày Lập Đức"
        },
        {
            "id": "100048093021304",
            "count": 0,
            "name": "Nguyễn Quốc Toàn"
        },
        {
            "id": "61561929966427",
            "count": 0,
            "name": "Thanh Thanh"
        },
        {
            "id": "61561530282324",
            "count": 0,
            "name": "Roronoa Xoro"
        },
        {
            "id": "61556666968083",
            "count": 7,
            "name": "Gkhanhdz vcl"
        },
        {
            "id": "100023746650773",
            "count": 0,
            "name": "Phạm Minh Đồng"
        },
        {
            "id": "100085073240621",
            "count": 49,
            "name": "Dang Gia Khanh"
        },
        {
            "id": "100047157346580",
            "count": 0,
            "name": "༒«ะ๏ຼົะ»⁂⸸••••𝗧𝗿𝗶𝗻𝗵𝗤𝘂𝗼𝗰𝗗𝗮𝗶••••«ะ๏ຼົะ»⁂༒ 🩶🩷🩶🩷🩶🩷🩶🩷🩶🩷 🛜🛜🛜🛜🛜🛜🛜🛜🛜🛜 🪻🪻🪻🪻🪻🪻🪻🪻🪻🪻 🫎🪼🫎🪼🫎🪼🫎🪼🫎🪼 🫏🫏🫏🫸🫨🫨🫷🫏🫏🫏 🩷🩵🩷🩵🩷🩵🩷🩵🩷🩵"
        },
        {
            "id": "61562119298096",
            "count": 0,
            "name": "Chu Quang Thủy"
        },
        {
            "id": "61562957031924",
            "count": 40,
            "name": "Quỳnhh Nhưu"
        },
        {
            "id": "100093272876499",
            "count": 0,
            "name": "Người dùng facebook"
        },
        {
            "id": "100004752336149",
            "count": 1,
            "name": "Dang Gia Khanh"
        },
        {
            "id": "61555877896247",
            "count": 0,
            "name": "Người dùng facebook"
        },
        {
            "id": "61562492445049",
            "count": 0,
            "name": "Như Quỳnhh"
        },
        {
            "id": "61560496558238",
            "count": 0,
            "name": "Người dùng Facebook"
        },
        {
            "id": "100037596822429",
            "count": 0,
            "name": "Chính Dương"
        },
        {
            "id": "100023434451963",
            "count": 6,
            "name": "Cao Ngọc Hiếu"
        },
        {
            "id": "100001113278043",
            "count": 0,
            "name": "Phương Huyền"
        },
        {
            "id": "100002240840457",
            "count": 11
        }
    ],
    "time": 0,
    "last": {
        "time": 3,
        "day": [
            {
                "id": "100089033040313",
                "count": 0,
                "name": "Nguyễn Đức Toàn"
            },
            {
                "id": "100022902729215",
                "count": 6,
                "name": "Đặng Thị Trúc Ly"
            },
            {
                "id": "61557876557356",
                "count": 0,
                "name": "Pham Thanh Tung"
            },
            {
                "id": "727201807",
                "count": 2,
                "name": "Trịnh Quốc Đại"
            },
            {
                "id": "100080101487002",
                "count": 0,
                "name": "Tú SadBoy"
            },
            {
                "id": "100024355281353",
                "count": 0,
                "name": "Thu Hiền"
            },
            {
                "id": "100089494792922",
                "count": 0,
                "name": "Anh　Là　 Zeno　Đấng Toàn　Năng"
            },
            {
                "id": "61553998834978",
                "count": 0,
                "name": "Văn Toàn Lê"
            },
            {
                "id": "100033771141427",
                "count": 0,
                "name": "Bé Xu"
            },
            {
                "id": "100042750775325",
                "count": 0,
                "name": "Vày Lập Đức"
            },
            {
                "id": "100077461261016",
                "count": 0,
                "name": "Vày Lập Đức"
            },
            {
                "id": "100048093021304",
                "count": 0,
                "name": "Nguyễn Quốc Toàn"
            },
            {
                "id": "61561929966427",
                "count": 0,
                "name": "Thanh Thanh"
            },
            {
                "id": "61561530282324",
                "count": 0,
                "name": "Roronoa Xoro"
            },
            {
                "id": "61556666968083",
                "count": 5,
                "name": "Gkhanhdz vcl"
            },
            {
                "id": "100023746650773",
                "count": 0,
                "name": "Phạm Minh Đồng"
            },
            {
                "id": "100085073240621",
                "count": 2,
                "name": "Dang Gia Khanh"
            },
            {
                "id": "100047157346580",
                "count": 0,
                "name": "༒«ะ๏ຼົะ»⁂⸸••••𝗧𝗿𝗶𝗻𝗵𝗤𝘂𝗼𝗰𝗗𝗮𝗶••••«ะ๏ຼົะ»⁂༒ 🩶🩷🩶🩷🩶🩷🩶🩷🩶🩷 🛜🛜🛜🛜🛜🛜🛜🛜🛜🛜 🪻🪻🪻🪻🪻🪻🪻🪻🪻🪻 🫎🪼🫎🪼🫎🪼🫎🪼🫎🪼 🫏🫏🫏🫸🫨🫨🫷🫏🫏🫏 🩷🩵🩷🩵🩷🩵🩷🩵🩷🩵"
            },
            {
                "id": "61562119298096",
                "count": 0,
                "name": "Chu Quang Thủy"
            },
            {
                "id": "61562957031924",
                "count": 2,
                "name": "Quỳnhh Nhưu"
            },
            {
                "id": "100093272876499",
                "count": 0,
                "name": "Người dùng facebook"
            },
            {
                "id": "100004752336149",
                "count": 0,
                "name": "Dang Gia Khanh"
            },
            {
                "id": "61555877896247",
                "count": 0,
                "name": "Người dùng facebook"
            },
            {
                "id": "61562492445049",
                "count": 0,
                "name": "Như Quỳnhh"
            },
            {
                "id": "61560496558238",
                "count": 0,
                "name": "Người dùng Facebook"
            },
            {
                "id": "100037596822429",
                "count": 0,
                "name": "Chính Dương"
            },
            {
                "id": "100023434451963",
                "count": 1,
                "name": "Cao Ngọc Hiếu"
            },
            {
                "id": "100001113278043",
                "count": 0,
                "name": "Phương Huyền"
            },
            {
                "id": "100002240840457",
                "count": 0
            }
        ],
        "week": [
            {
                "id": "100089033040313",
                "count": 72,
                "name": "Nguyễn Đức Toàn"
            },
            {
                "id": "100091286040529",
                "count": 0,
                "name": "Người dùng Facebook"
            },
            {
                "id": "100022902729215",
                "count": 251,
                "name": "Đặng Thị Trúc Ly"
            },
            {
                "id": "61557876557356",
                "count": 1,
                "name": "Pham Thanh Tung"
            },
            {
                "id": "727201807",
                "count": 77,
                "name": "Trịnh Quốc Đại"
            },
            {
                "id": "61559954415305",
                "count": 0,
                "name": "Người dùng Facebook"
            },
            {
                "id": "61557755524047",
                "count": 0,
                "name": "Người dùng Facebook"
            },
            {
                "id": "61560770519720",
                "count": 0,
                "name": "Người dùng Facebook"
            },
            {
                "id": "100080101487002",
                "count": 0,
                "name": "Tú SadBoy"
            },
            {
                "id": "100061352873625",
                "count": 0,
                "name": "Nguyễn Hải"
            },
            {
                "id": "100024355281353",
                "count": 14,
                "name": "Người dùng Facebook"
            },
            {
                "id": "100089494792922",
                "count": 0,
                "name": "Anh　Là　 Zeno　Đấng Toàn　Năng"
            },
            {
                "id": "61553998834978",
                "count": 0,
                "name": "Văn Toàn Lê"
            },
            {
                "id": "100033771141427",
                "count": 4,
                "name": "Bé Xu"
            },
            {
                "id": "100042750775325",
                "count": 9,
                "name": "Vày Lập Đức"
            },
            {
                "id": "100077461261016",
                "count": 0,
                "name": "Vày Lập Đức"
            },
            {
                "id": "100048093021304",
                "count": 0,
                "name": "Nguyễn Quốc Toàn"
            },
            {
                "id": "100004752336149",
                "count": 82,
                "name": "Dang Gia Khanh"
            },
            {
                "id": "61554805957250",
                "count": 0,
                "name": "Bố Là Khánh "
            },
            {
                "id": "61561929966427",
                "count": 0,
                "name": "Thanh Thanh"
            },
            {
                "id": "61561790543629",
                "count": 0,
                "name": "Người dùng Facebook"
            },
            {
                "id": "61561530282324",
                "count": 38,
                "name": "Roronoa Xoro"
            },
            {
                "id": "100077026869574",
                "count": 98,
                "name": "Người dùng Facebook"
            },
            {
                "id": "61556666968083",
                "count": 448,
                "name": "Gkhanhdz vcl"
            },
            {
                "id": "100023746650773",
                "count": 0,
                "name": "Phạm Minh Đồng"
            },
            {
                "id": "100037596822429",
                "count": 0,
                "name": "Chính Dương"
            },
            {
                "id": "100085073240621",
                "count": 428,
                "name": "Dang Gia Khanh"
            },
            {
                "id": "100023434451963",
                "count": 425,
                "name": "Cao Ngọc Hiếu"
            },
            {
                "id": "100070654404373",
                "count": 28,
                "name": "Trúc Ly"
            },
            {
                "id": "100047157346580",
                "count": 75,
                "name": "༒«ะ๏ຼົะ»⁂⸸••••𝗧𝗿𝗶𝗻𝗵𝗤𝘂𝗼𝗰𝗗𝗮𝗶••••«ะ๏ຼົะ»⁂༒ 🩶🩷🩶🩷🩶🩷🩶🩷🩶🩷 🛜🛜🛜🛜🛜🛜🛜🛜🛜🛜 🪻🪻🪻🪻🪻🪻🪻🪻🪻🪻 🫎🪼🫎🪼🫎🪼🫎🪼🫎🪼 🫏🫏🫏🫸🫨🫨🫷🫏🫏🫏 🩷🩵🩷🩵🩷🩵🩷🩵🩷🩵"
            },
            {
                "id": "61556894156849",
                "count": 183,
                "name": "Em dạo này ổn không Còn đi làm ở công ty cũ Còn đi sớm về hôm nhưng mà đồng lương vẫn không khi đủ Đồng nghiệp của em thế nào trong thang máy có chào với nhau "
            },
            {
                "id": "61562373477666",
                "count": 12,
                "name": "Hàn Nhược Hy"
            },
            {
                "id": "100028194466770",
                "count": 168,
                "name": "Phạm Thị Thanh Tâm"
            },
            {
                "id": "61562119298096",
                "count": 0,
                "name": "Người dùng facebook"
            },
            {
                "id": "61562440247620",
                "count": 0
            },
            {
                "id": "61562957031924",
                "count": 0
            },
            {
                "id": "100093272876499",
                "count": 0
            },
            {
                "id": "61555877896247",
                "count": 0
            },
            {
                "id": "61562492445049",
                "count": 0
            },
            {
                "id": "61560496558238",
                "count": 0
            },
            {
                "id": "100001113278043",
                "count": 0
            },
            {
                "id": "100002240840457",
                "count": 0
            }
        ]
    }
}