{
    "total": [
        {
            "id": "100054759737386",
            "count": 3
        },
        {
            "id": "100060753603302",
            "count": 2
        },
        {
            "id": "61554782606553",
            "count": 40
        },
        {
            "id": "100047044890483",
            "count": 381
        },
        {
            "id": "100074835383434",
            "count": 1620
        },
        {
            "id": "100078654426585",
            "count": 19
        },
        {
            "id": "100078324677265",
            "count": 12
        },
        {
            "id": "100077049855798",
            "count": 41
        },
        {
            "id": "100061704379636",
            "count": 2
        },
        {
            "id": "61556217054723",
            "count": 1
        },
        {
            "id": "61556256404332",
            "count": 281
        },
        {
            "id": "61556883956806",
            "count": 242
        },
        {
            "id": "61555852221905",
            "count": 11
        },
        {
            "id": "100023434451963",
            "count": 8
        },
        {
            "id": "100086421230991",
            "count": 135
        },
        {
            "id": "100092541647079",
            "count": 0
        },
        {
            "id": "61554446734244",
            "count": 0
        },
        {
            "id": "100089567225940",
            "count": 17
        },
        {
            "id": "100025677501986",
            "count": 0
        },
        {
            "id": "100034646829238",
            "count": 7
        },
        {
            "id": "100056195961266",
            "count": 0
        },
        {
            "id": "61557821427473",
            "count": 3
        },
        {
            "id": "100034419407222",
            "count": 10
        },
        {
            "id": "100079560040412",
            "count": 3
        },
        {
            "id": "100089346594886",
            "count": 25
        },
        {
            "id": "100009484786918",
            "count": 66
        },
        {
            "id": "100062206610640",
            "count": 4
        },
        {
            "id": "100010014995382",
            "count": 150
        },
        {
            "id": "100079137060504",
            "count": 28
        },
        {
            "id": "100084276900129",
            "count": 79
        },
        {
            "id": "61554597753770",
            "count": 348
        },
        {
            "id": "100022902729215",
            "count": 152
        },
        {
            "id": "61559627318854",
            "count": 0
        },
        {
            "id": "100089568515896",
            "count": 0
        },
        {
            "id": "100057030998763",
            "count": 1
        },
        {
            "id": "100070045481991",
            "count": 167
        },
        {
            "id": "61553630384601",
            "count": 5
        },
        {
            "id": "100064791009871",
            "count": 3
        },
        {
            "id": "100024355281353",
            "count": 2
        },
        {
            "id": "61551032910538",
            "count": 99
        },
        {
            "id": "61553363446095",
            "count": 279
        },
        {
            "id": "100077498948956",
            "count": 177
        },
        {
            "id": "61555661677424",
            "count": 10
        },
        {
            "id": "61556894156849",
            "count": 27
        },
        {
            "id": "100048709788870",
            "count": 28
        },
        {
            "id": "61557009303621",
            "count": 159
        },
        {
            "id": "100041511785469",
            "count": 24
        },
        {
            "id": "100088804388797",
            "count": 6
        },
        {
            "id": "100004752336149",
            "count": 98
        },
        {
            "id": "61551579420994",
            "count": 1
        },
        {
            "id": "61562492445049",
            "count": 48
        },
        {
            "id": "100063763835697",
            "count": 17
        },
        {
            "id": "100085074442255",
            "count": 58
        },
        {
            "id": "100080159696757",
            "count": 20
        },
        {
            "id": "100063466983326",
            "count": 10
        },
        {
            "id": "61556666968083",
            "count": 27
        },
        {
            "id": "61551301948856",
            "count": 125
        }
    ],
    "week": [
        {
            "id": "100054759737386",
            "count": 0,
            "name": "Đào Trọng Phương"
        },
        {
            "id": "100060753603302",
            "count": 0,
            "name": "Tuyết Nhi"
        },
        {
            "id": "61554782606553",
            "count": 32,
            "name": "Phạm Mai Anh"
        },
        {
            "id": "100047044890483",
            "count": 251,
            "name": "Trịnh Hoa"
        },
        {
            "id": "100074835383434",
            "count": 1417,
            "name": "Minh Trí"
        },
        {
            "id": "100078654426585",
            "count": 9,
            "name": "Đặng Văn Duy"
        },
        {
            "id": "100078324677265",
            "count": 0,
            "name": "Khôi Tô"
        },
        {
            "id": "100077049855798",
            "count": 28,
            "name": "Nguyễn Quang Huy"
        },
        {
            "id": "100061704379636",
            "count": 1,
            "name": "Venn Lord"
        },
        {
            "id": "61556217054723",
            "count": 0,
            "name": "Nguyên Thanh"
        },
        {
            "id": "61556256404332",
            "count": 212,
            "name": "Nguyễn Thăng"
        },
        {
            "id": "61556883956806",
            "count": 218,
            "name": "Ngô M Hoàng"
        },
        {
            "id": "61555852221905",
            "count": 4,
            "name": "Tuyet Mai Cuti"
        },
        {
            "id": "100023434451963",
            "count": 0,
            "name": "Cao Ngọc Hiếu"
        },
        {
            "id": "100086421230991",
            "count": 135,
            "name": "Huyền Trang"
        },
        {
            "id": "100092541647079",
            "count": 0,
            "name": "Nguyễn Bảo Vy"
        },
        {
            "id": "61554446734244",
            "count": 0,
            "name": "Phạm Huyền Trang"
        },
        {
            "id": "100089567225940",
            "count": 10,
            "name": "Nguyễn Tâm"
        },
        {
            "id": "100025677501986",
            "count": 0,
            "name": "Hưng Tuấn"
        },
        {
            "id": "100034646829238",
            "count": 7,
            "name": "Ngô Nhân"
        },
        {
            "id": "100056195961266",
            "count": 0,
            "name": "Thanh Tâm"
        },
        {
            "id": "61557821427473",
            "count": 3,
            "name": "Nguyễn Minh"
        },
        {
            "id": "100034419407222",
            "count": 10,
            "name": "Ng Phuc Hao"
        },
        {
            "id": "100079560040412",
            "count": 1,
            "name": "Nguyễn Trường Giang"
        },
        {
            "id": "100089346594886",
            "count": 24,
            "name": "Ngoc Thang"
        },
        {
            "id": "100009484786918",
            "count": 51,
            "name": "Nguyễn Thu Vân"
        },
        {
            "id": "100062206610640",
            "count": 2,
            "name": "Khang Lê"
        },
        {
            "id": "100010014995382",
            "count": 108,
            "name": "Tấn Sang"
        },
        {
            "id": "100079137060504",
            "count": 2,
            "name": "Cái Tên"
        },
        {
            "id": "100084276900129",
            "count": 36,
            "name": "Quỳnhh Nga"
        },
        {
            "id": "61554597753770",
            "count": 321,
            "name": "Mai Anh"
        },
        {
            "id": "100022902729215",
            "count": 109,
            "name": "Đặng Thị Trúc Ly"
        },
        {
            "id": "61559627318854",
            "count": 0,
            "name": "Minh Thư"
        },
        {
            "id": "100089568515896",
            "count": 0,
            "name": "Nguyễn Quốc Việt"
        },
        {
            "id": "100057030998763",
            "count": 1,
            "name": "Thiên Lười"
        },
        {
            "id": "100070045481991",
            "count": 124,
            "name": "Quỳnhh Như"
        },
        {
            "id": "61553630384601",
            "count": 3,
            "name": "Nina Mao"
        },
        {
            "id": "100064791009871",
            "count": 1,
            "name": "Bánh Tiêu"
        },
        {
            "id": "100024355281353",
            "count": 2,
            "name": "Người dùng Facebook"
        },
        {
            "id": "61551032910538",
            "count": 91,
            "name": "Khoa Bùi Văn"
        },
        {
            "id": "61553363446095",
            "count": 269,
            "name": "Yến Dii"
        },
        {
            "id": "100077498948956",
            "count": 118,
            "name": "Lam Phan"
        },
        {
            "id": "61555661677424",
            "count": 9,
            "name": "Minh Hiệp"
        },
        {
            "id": "61556894156849",
            "count": 0,
            "name": "Em dạo này ổn không Còn đi làm ở công ty cũ Còn đi sớm về hôm nhưng mà đồng lương vẫn không khi đủ Đồng nghiệp của em thế nào trong thang máy có chào với nhau "
        },
        {
            "id": "100048709788870",
            "count": 28
        },
        {
            "id": "61557009303621",
            "count": 159
        },
        {
            "id": "100041511785469",
            "count": 24
        },
        {
            "id": "100088804388797",
            "count": 6
        },
        {
            "id": "100004752336149",
            "count": 98
        },
        {
            "id": "61551579420994",
            "count": 1
        },
        {
            "id": "61562492445049",
            "count": 48
        },
        {
            "id": "100063763835697",
            "count": 17
        },
        {
            "id": "100085074442255",
            "count": 58
        },
        {
            "id": "100080159696757",
            "count": 20
        },
        {
            "id": "100063466983326",
            "count": 10
        },
        {
            "id": "61556666968083",
            "count": 27
        },
        {
            "id": "61551301948856",
            "count": 125
        }
    ],
    "day": [
        {
            "id": "100054759737386",
            "count": 0,
            "name": "Đào Trọng Phương"
        },
        {
            "id": "100060753603302",
            "count": 0,
            "name": "Tuyết Nhi"
        },
        {
            "id": "61554782606553",
            "count": 0,
            "name": "Phạm Mai Anh"
        },
        {
            "id": "100047044890483",
            "count": 0,
            "name": "Trịnh Hoa"
        },
        {
            "id": "100074835383434",
            "count": 0,
            "name": "Minh Trí"
        },
        {
            "id": "100078654426585",
            "count": 0,
            "name": "Đặng Văn Duy"
        },
        {
            "id": "100078324677265",
            "count": 0,
            "name": "Khôi Tô"
        },
        {
            "id": "100077049855798",
            "count": 0,
            "name": "Nguyễn Quang Huy"
        },
        {
            "id": "100061704379636",
            "count": 0,
            "name": "Venn Lord"
        },
        {
            "id": "61556217054723",
            "count": 0,
            "name": "Nguyên Thanh"
        },
        {
            "id": "61556256404332",
            "count": 0,
            "name": "Nguyễn Thăng"
        },
        {
            "id": "61556883956806",
            "count": 0,
            "name": "Ngô M Hoàng"
        },
        {
            "id": "61555852221905",
            "count": 0,
            "name": "Tuyet Mai Cuti"
        },
        {
            "id": "100023434451963",
            "count": 0,
            "name": "Cao Ngọc Hiếu"
        },
        {
            "id": "100086421230991",
            "count": 0,
            "name": "Huyền Trang"
        },
        {
            "id": "100092541647079",
            "count": 0,
            "name": "Nguyễn Bảo Vy"
        },
        {
            "id": "61554446734244",
            "count": 0,
            "name": "Phạm Huyền Trang"
        },
        {
            "id": "100089567225940",
            "count": 0,
            "name": "Nguyễn Tâm"
        },
        {
            "id": "100025677501986",
            "count": 0,
            "name": "Hưng Tuấn"
        },
        {
            "id": "100034646829238",
            "count": 0,
            "name": "Ngô Nhân"
        },
        {
            "id": "100056195961266",
            "count": 0,
            "name": "Thanh Tâm"
        },
        {
            "id": "61557821427473",
            "count": 0,
            "name": "Nguyễn Minh"
        },
        {
            "id": "100034419407222",
            "count": 0,
            "name": "Ng Phuc Hao"
        },
        {
            "id": "100079560040412",
            "count": 0,
            "name": "Nguyễn Trường Giang"
        },
        {
            "id": "100089346594886",
            "count": 0,
            "name": "Ngoc Thang"
        },
        {
            "id": "100009484786918",
            "count": 0,
            "name": "Nguyễn Thu Vân"
        },
        {
            "id": "100062206610640",
            "count": 0,
            "name": "Khang Lê"
        },
        {
            "id": "100010014995382",
            "count": 0,
            "name": "Tấn Sang"
        },
        {
            "id": "100079137060504",
            "count": 0,
            "name": "Cái Tên"
        },
        {
            "id": "100084276900129",
            "count": 0,
            "name": "Quỳnhh Nga"
        },
        {
            "id": "61554597753770",
            "count": 0,
            "name": "Mai Anh"
        },
        {
            "id": "100022902729215",
            "count": 0,
            "name": "Đặng Thị Trúc Ly"
        },
        {
            "id": "61559627318854",
            "count": 0,
            "name": "Minh Thư"
        },
        {
            "id": "100089568515896",
            "count": 0,
            "name": "Nguyễn Quốc Việt"
        },
        {
            "id": "100057030998763",
            "count": 0,
            "name": "Thiên Lười"
        },
        {
            "id": "100070045481991",
            "count": 0,
            "name": "Quỳnhh Như"
        },
        {
            "id": "61553630384601",
            "count": 0,
            "name": "Nina Mao"
        },
        {
            "id": "100064791009871",
            "count": 0,
            "name": "Bánh Tiêu"
        },
        {
            "id": "100024355281353",
            "count": 0,
            "name": "Thu Hiền"
        },
        {
            "id": "61551032910538",
            "count": 0,
            "name": "Khoa Bùi Văn"
        },
        {
            "id": "61553363446095",
            "count": 0,
            "name": "Yến Dii"
        },
        {
            "id": "100077498948956",
            "count": 0,
            "name": "Lam Phan"
        },
        {
            "id": "61555661677424",
            "count": 0,
            "name": "Minh Hiệp"
        },
        {
            "id": "61556894156849",
            "count": 0,
            "name": "Em dạo này ổn không Còn đi làm ở công ty cũ Còn đi sớm về hôm nhưng mà đồng lương vẫn không khi đủ Đồng nghiệp của em thế nào trong thang máy có chào với nhau "
        },
        {
            "id": "100048709788870",
            "count": 0,
            "name": "Tấn Thành"
        },
        {
            "id": "61557009303621",
            "count": 0,
            "name": "Tạ Ngọc Ánh"
        },
        {
            "id": "100041511785469",
            "count": 0,
            "name": "Phạmm Hằngg"
        },
        {
            "id": "100088804388797",
            "count": 0,
            "name": "Khiêm Broly"
        },
        {
            "id": "100004752336149",
            "count": 0,
            "name": "Dang Gia Khanh"
        },
        {
            "id": "61551579420994",
            "count": 0,
            "name": "Xì Trum"
        },
        {
            "id": "61562492445049",
            "count": 0,
            "name": "Như Quỳnhh"
        },
        {
            "id": "100063763835697",
            "count": 0,
            "name": "Cọp Cục Cưng"
        },
        {
            "id": "100085074442255",
            "count": 0,
            "name": "Bảo Hân"
        },
        {
            "id": "100080159696757",
            "count": 0,
            "name": "Đoàn Văn Tài"
        },
        {
            "id": "100063466983326",
            "count": 0,
            "name": "Ngọc Apple"
        },
        {
            "id": "61556666968083",
            "count": 0,
            "name": "Gkhanhdz vcl"
        },
        {
            "id": "61551301948856",
            "count": 0,
            "name": "Bảo Nhi"
        }
    ],
    "time": 0,
    "last": {
        "time": 3,
        "day": [
            {
                "id": "100054759737386",
                "count": 0,
                "name": "Đào Trọng Phương"
            },
            {
                "id": "100060753603302",
                "count": 0,
                "name": "Tuyết Nhi"
            },
            {
                "id": "61554782606553",
                "count": 0,
                "name": "Phạm Mai Anh"
            },
            {
                "id": "100047044890483",
                "count": 0,
                "name": "Trịnh Hoa"
            },
            {
                "id": "100074835383434",
                "count": 0,
                "name": "Minh Trí"
            },
            {
                "id": "100078654426585",
                "count": 0,
                "name": "Đặng Văn Duy"
            },
            {
                "id": "100078324677265",
                "count": 0,
                "name": "Khôi Tô"
            },
            {
                "id": "100077049855798",
                "count": 0,
                "name": "Nguyễn Quang Huy"
            },
            {
                "id": "100061704379636",
                "count": 0,
                "name": "Venn Lord"
            },
            {
                "id": "61556217054723",
                "count": 0,
                "name": "Nguyên Thanh"
            },
            {
                "id": "61556256404332",
                "count": 0,
                "name": "Nguyễn Thăng"
            },
            {
                "id": "61556883956806",
                "count": 0,
                "name": "Ngô M Hoàng"
            },
            {
                "id": "61555852221905",
                "count": 0,
                "name": "Tuyet Mai Cuti"
            },
            {
                "id": "100023434451963",
                "count": 0,
                "name": "Cao Ngọc Hiếu"
            },
            {
                "id": "100086421230991",
                "count": 0,
                "name": "Huyền Trang"
            },
            {
                "id": "100092541647079",
                "count": 0,
                "name": "Nguyễn Bảo Vy"
            },
            {
                "id": "61554446734244",
                "count": 0,
                "name": "Phạm Huyền Trang"
            },
            {
                "id": "100089567225940",
                "count": 0,
                "name": "Nguyễn Tâm"
            },
            {
                "id": "100025677501986",
                "count": 0,
                "name": "Hưng Tuấn"
            },
            {
                "id": "100034646829238",
                "count": 0,
                "name": "Ngô Nhân"
            },
            {
                "id": "100056195961266",
                "count": 0,
                "name": "Thanh Tâm"
            },
            {
                "id": "61557821427473",
                "count": 0,
                "name": "Nguyễn Minh"
            },
            {
                "id": "100034419407222",
                "count": 0,
                "name": "Ng Phuc Hao"
            },
            {
                "id": "100079560040412",
                "count": 0,
                "name": "Nguyễn Trường Giang"
            },
            {
                "id": "100089346594886",
                "count": 0,
                "name": "Ngoc Thang"
            },
            {
                "id": "100009484786918",
                "count": 0,
                "name": "Nguyễn Thu Vân"
            },
            {
                "id": "100062206610640",
                "count": 0,
                "name": "Khang Lê"
            },
            {
                "id": "100010014995382",
                "count": 0,
                "name": "Tấn Sang"
            },
            {
                "id": "100079137060504",
                "count": 0,
                "name": "Cái Tên"
            },
            {
                "id": "100084276900129",
                "count": 0,
                "name": "Quỳnhh Nga"
            },
            {
                "id": "61554597753770",
                "count": 0,
                "name": "Mai Anh"
            },
            {
                "id": "100022902729215",
                "count": 0,
                "name": "Đặng Thị Trúc Ly"
            },
            {
                "id": "61559627318854",
                "count": 0,
                "name": "Minh Thư"
            },
            {
                "id": "100089568515896",
                "count": 0,
                "name": "Nguyễn Quốc Việt"
            },
            {
                "id": "100057030998763",
                "count": 0,
                "name": "Thiên Lười"
            },
            {
                "id": "100070045481991",
                "count": 0,
                "name": "Quỳnhh Như"
            },
            {
                "id": "61553630384601",
                "count": 0,
                "name": "Nina Mao"
            },
            {
                "id": "100064791009871",
                "count": 0,
                "name": "Bánh Tiêu"
            },
            {
                "id": "100024355281353",
                "count": 0,
                "name": "Thu Hiền"
            },
            {
                "id": "61551032910538",
                "count": 0,
                "name": "Khoa Bùi Văn"
            },
            {
                "id": "61553363446095",
                "count": 0,
                "name": "Yến Dii"
            },
            {
                "id": "100077498948956",
                "count": 0,
                "name": "Lam Phan"
            },
            {
                "id": "61555661677424",
                "count": 0,
                "name": "Minh Hiệp"
            },
            {
                "id": "61556894156849",
                "count": 0,
                "name": "Em dạo này ổn không Còn đi làm ở công ty cũ Còn đi sớm về hôm nhưng mà đồng lương vẫn không khi đủ Đồng nghiệp của em thế nào trong thang máy có chào với nhau "
            },
            {
                "id": "100048709788870",
                "count": 0,
                "name": "Tấn Thành"
            },
            {
                "id": "61557009303621",
                "count": 0,
                "name": "Tạ Ngọc Ánh"
            },
            {
                "id": "100041511785469",
                "count": 0,
                "name": "Phạmm Hằngg"
            },
            {
                "id": "100088804388797",
                "count": 0,
                "name": "Khiêm Broly"
            },
            {
                "id": "100004752336149",
                "count": 0,
                "name": "Dang Gia Khanh"
            },
            {
                "id": "61551579420994",
                "count": 0,
                "name": "Xì Trum"
            },
            {
                "id": "61562492445049",
                "count": 0,
                "name": "Như Quỳnhh"
            },
            {
                "id": "100063763835697",
                "count": 0,
                "name": "Cọp Cục Cưng"
            },
            {
                "id": "100085074442255",
                "count": 0,
                "name": "Bảo Hân"
            },
            {
                "id": "100080159696757",
                "count": 0,
                "name": "Đoàn Văn Tài"
            },
            {
                "id": "100063466983326",
                "count": 0,
                "name": "Ngọc Apple"
            },
            {
                "id": "61556666968083",
                "count": 0,
                "name": "Gkhanhdz vcl"
            },
            {
                "id": "61551301948856",
                "count": 0,
                "name": "Bảo Nhi"
            }
        ],
        "week": [
            {
                "id": "100054759737386",
                "count": 3,
                "name": "Đào Trọng Phương"
            },
            {
                "id": "100060753603302",
                "count": 2,
                "name": "Tuyết Nhi"
            },
            {
                "id": "61554782606553",
                "count": 8,
                "name": "Phạm Mai Anh"
            },
            {
                "id": "100047044890483",
                "count": 130,
                "name": "Trịnh Hoa"
            },
            {
                "id": "100074835383434",
                "count": 203,
                "name": "Minh Trí"
            },
            {
                "id": "100078654426585",
                "count": 10,
                "name": "Đặng Văn Duy"
            },
            {
                "id": "100078324677265",
                "count": 12,
                "name": "Khôi Tô"
            },
            {
                "id": "100077049855798",
                "count": 13,
                "name": "Nguyễn Quang Huy"
            },
            {
                "id": "100061704379636",
                "count": 1,
                "name": "Venn Lord"
            },
            {
                "id": "61556217054723",
                "count": 1,
                "name": "Nguyên Thanh"
            },
            {
                "id": "61556256404332",
                "count": 69,
                "name": "Nguyễn Thăng"
            },
            {
                "id": "61556883956806",
                "count": 24,
                "name": "Ngô M Hoàng"
            },
            {
                "id": "61555852221905",
                "count": 7,
                "name": "Tuyet Mai Cuti"
            },
            {
                "id": "100023434451963",
                "count": 8,
                "name": "Cao Ngọc Hiếu"
            },
            {
                "id": "100086421230991",
                "count": 0,
                "name": "Huyền Trang"
            },
            {
                "id": "100092541647079",
                "count": 0,
                "name": "Nguyễn Bảo Vy"
            },
            {
                "id": "61554446734244",
                "count": 0,
                "name": "Phạm Huyền Trang"
            },
            {
                "id": "100089567225940",
                "count": 7,
                "name": "Nguyễn Tâm"
            },
            {
                "id": "100025677501986",
                "count": 0,
                "name": "Hưng Tuấn"
            },
            {
                "id": "100034646829238",
                "count": 0,
                "name": "Ngô Nhân"
            },
            {
                "id": "100056195961266",
                "count": 0,
                "name": "Thanh Tâm"
            },
            {
                "id": "61557821427473",
                "count": 0,
                "name": "Nguyễn Minh"
            },
            {
                "id": "100034419407222",
                "count": 0,
                "name": "Ng Phuc Hao"
            },
            {
                "id": "100090750210377",
                "count": 0,
                "name": "Người dùng Facebook"
            },
            {
                "id": "100079560040412",
                "count": 2,
                "name": "Nguyễn Trường Giang"
            },
            {
                "id": "100089346594886",
                "count": 1,
                "name": "Ngoc Thang"
            },
            {
                "id": "100009484786918",
                "count": 15,
                "name": "Nguyễn Thu Vân"
            },
            {
                "id": "100062206610640",
                "count": 2,
                "name": "Khang Lê"
            },
            {
                "id": "100073996602961",
                "count": 0,
                "name": "Người dùng Facebook"
            },
            {
                "id": "100010014995382",
                "count": 42,
                "name": "Tấn Sang"
            },
            {
                "id": "100079137060504",
                "count": 26,
                "name": "Cái Tên"
            },
            {
                "id": "100084276900129",
                "count": 43,
                "name": "Quỳnhh Nga"
            },
            {
                "id": "61554597753770",
                "count": 27,
                "name": "Mai Anh"
            },
            {
                "id": "100022902729215",
                "count": 43,
                "name": "Đặng Thị Trúc Ly"
            },
            {
                "id": "61559627318854",
                "count": 0,
                "name": "Minh Thư"
            },
            {
                "id": "100089568515896",
                "count": 0,
                "name": "Nguyễn Quốc Việt"
            },
            {
                "id": "100057030998763",
                "count": 0,
                "name": "Thiên Lười"
            },
            {
                "id": "100070045481991",
                "count": 43,
                "name": "Quỳnhh Như"
            },
            {
                "id": "61553630384601",
                "count": 2,
                "name": "Nina Mao"
            },
            {
                "id": "100064791009871",
                "count": 2,
                "name": "Bánh Tiêu"
            },
            {
                "id": "100024355281353",
                "count": 0,
                "name": "Người dùng Facebook"
            },
            {
                "id": "61551032910538",
                "count": 8,
                "name": "Khoa Bùi Văn"
            },
            {
                "id": "100068070915645",
                "count": 0,
                "name": "Đoàn Đăng"
            },
            {
                "id": "61553363446095",
                "count": 10,
                "name": "Yến Dii"
            },
            {
                "id": "100004752336149",
                "count": 15,
                "name": "Dang Gia Khanh"
            },
            {
                "id": "100077498948956",
                "count": 59,
                "name": "Lam Phan"
            },
            {
                "id": "61556666968083",
                "count": 162,
                "name": "Gkhanhdz vcl"
            },
            {
                "id": "61555661677424",
                "count": 1,
                "name": "Minh Hiệp"
            },
            {
                "id": "61556894156849",
                "count": 27,
                "name": "Em dạo này ổn không Còn đi làm ở công ty cũ Còn đi sớm về hôm nhưng mà đồng lương vẫn không khi đủ Đồng nghiệp của em thế nào trong thang máy có chào với nhau "
            },
            {
                "id": "100048709788870",
                "count": 0
            },
            {
                "id": "100073857682214",
                "count": 0
            },
            {
                "id": "61557009303621",
                "count": 0
            },
            {
                "id": "100041511785469",
                "count": 0
            },
            {
                "id": "61556017500620",
                "count": 0
            },
            {
                "id": "100088804388797",
                "count": 0
            },
            {
                "id": "100085073240621",
                "count": 0
            },
            {
                "id": "100085074442255",
                "count": 0
            },
            {
                "id": "61551579420994",
                "count": 0
            },
            {
                "id": "61562492445049",
                "count": 0
            },
            {
                "id": "100063763835697",
                "count": 0
            },
            {
                "id": "100080159696757",
                "count": 0
            },
            {
                "id": "100063466983326",
                "count": 0
            },
            {
                "id": "61551301948856",
                "count": 0
            }
        ]
    }
}