{
    "total": [
        {
            "id": "100051451965796",
            "count": 3
        },
        {
            "id": "100075185498345",
            "count": 31
        },
        {
            "id": "100089033040313",
            "count": 400
        },
        {
            "id": "100085073240621",
            "count": 729
        },
        {
            "id": "61551120508642",
            "count": 0
        },
        {
            "id": "100026066957350",
            "count": 0
        },
        {
            "id": "100023434451963",
            "count": 4
        },
        {
            "id": "100000214497723",
            "count": 29
        },
        {
            "id": "61553537736684",
            "count": 0
        },
        {
            "id": "61557694386770",
            "count": 0
        },
        {
            "id": "61560933423232",
            "count": 24
        },
        {
            "id": "61560957805349",
            "count": 0
        },
        {
            "id": "100066982081378",
            "count": 20
        },
        {
            "id": "61560695497242",
            "count": 0
        },
        {
            "id": "100004752336149",
            "count": 1880
        },
        {
            "id": "61556666968083",
            "count": 715
        },
        {
            "id": "100089494792922",
            "count": 0
        },
        {
            "id": "61560178637385",
            "count": 4
        },
        {
            "id": "100042750775325",
            "count": 80
        },
        {
            "id": "61553998834978",
            "count": 0
        },
        {
            "id": "61559948472835",
            "count": 69
        },
        {
            "id": "61559110839419",
            "count": 0
        },
        {
            "id": "61560315025197",
            "count": 1
        },
        {
            "id": "100076354464928",
            "count": 7
        },
        {
            "id": "61561346483573",
            "count": 0
        },
        {
            "id": "100074224563535",
            "count": 34
        },
        {
            "id": "100085065916104",
            "count": 270
        },
        {
            "id": "100008166858665",
            "count": 0
        },
        {
            "id": "61561775225170",
            "count": 0
        },
        {
            "id": "61551997412624",
            "count": 81
        },
        {
            "id": "100077026869574",
            "count": 133
        },
        {
            "id": "61561175883023",
            "count": 0
        },
        {
            "id": "61560872894099",
            "count": 0
        },
        {
            "id": "61550992642482",
            "count": 0
        },
        {
            "id": "100093051642489",
            "count": 685
        },
        {
            "id": "61560450915670",
            "count": 0
        },
        {
            "id": "61561995988657",
            "count": 139
        },
        {
            "id": "61561033598192",
            "count": 0
        },
        {
            "id": "100047870110891",
            "count": 116
        },
        {
            "id": "100000612458490",
            "count": 432
        },
        {
            "id": "100052939611895",
            "count": 26
        },
        {
            "id": "100065379692917",
            "count": 15
        },
        {
            "id": "1053703548",
            "count": 14
        },
        {
            "id": "61556894156849",
            "count": 254
        },
        {
            "id": "100030259834679",
            "count": 76
        },
        {
            "id": "61562439355061",
            "count": 273
        },
        {
            "id": "1678083193",
            "count": 45
        },
        {
            "id": "100092744481406",
            "count": 3
        },
        {
            "id": "100055154154050",
            "count": 14
        },
        {
            "id": "61562377964092",
            "count": 97
        },
        {
            "id": "61561510254962",
            "count": 45
        },
        {
            "id": "100000816791098",
            "count": 2
        },
        {
            "id": "100000010827486",
            "count": 0
        },
        {
            "id": "100000022002976",
            "count": 57
        },
        {
            "id": "764218009",
            "count": 11
        },
        {
            "id": "61562211158190",
            "count": 168
        },
        {
            "id": "61562468907763",
            "count": 2
        },
        {
            "id": "100000435192353",
            "count": 0
        },
        {
            "id": "100003133525251",
            "count": 219
        },
        {
            "id": "61560407583530",
            "count": 120
        },
        {
            "id": "61562495816778",
            "count": 0
        },
        {
            "id": "61562299303915",
            "count": 79
        },
        {
            "id": "61561171259534",
            "count": 0
        },
        {
            "id": "61562206563697",
            "count": 0
        },
        {
            "id": "61563454850537",
            "count": 0
        },
        {
            "id": "61550536127381",
            "count": 45
        },
        {
            "id": "100084035917282",
            "count": 94
        },
        {
            "id": "61560392341264",
            "count": 14
        },
        {
            "id": "100089281770842",
            "count": 179
        },
        {
            "id": "61560496558238",
            "count": 10
        },
        {
            "id": "61560740554202",
            "count": 27
        },
        {
            "id": "61561601624319",
            "count": 70
        },
        {
            "id": "61552481596737",
            "count": 42
        },
        {
            "id": "61560118331700",
            "count": 12
        },
        {
            "id": "100088577864287",
            "count": 12
        },
        {
            "id": "100088171699176",
            "count": 6
        }
    ],
    "week": [
        {
            "id": "100051451965796",
            "count": 3,
            "name": "Nguyễn hiệp🧸❤️‍🩹"
        },
        {
            "id": "100075185498345",
            "count": 13,
            "name": " Nguyễn Đức Hậu 💤 🐼"
        },
        {
            "id": "100089033040313",
            "count": 245,
            "name": "Nguyễn Đức Toàn"
        },
        {
            "id": "100085073240621",
            "count": 273,
            "name": "Dang Gia Khanh"
        },
        {
            "id": "61551120508642",
            "count": 0,
            "name": "𓂄𓆩𑁍 Ngàу Hôm Ấу 𖤛 Em Buông Taу Anh Vì Lý Do Gì 𖤤 Người Hãу Nói Đi 𖥂Đừng Bắt Anh Phải Nghĩ Suу 𖠺 Để Rồi Từng Đêm Thao Thức Lệ Tràn Ướt Đôi Khóe Mi 𓈷 Ϲũng Chỉ Bởi Vì Em Ra Đi Chẳng Lời Biệt Lу ꫞ Rồi Những Ngày Qua Anh Phải Sống Trong Nỗi Cô Đơn 𓅳 Phố Đông Tim Lạnh Lòng Saу Mình Anh Hiu Quạnh 𓆦 Giờ Em Nơi Đâu 𓆏 Xin Hãу Trả Lời Một Lần Anh Đi 𓃰𓆪𓂁"
        },
        {
            "id": "100026066957350",
            "count": 0,
            "name": "Nguyen Hiep"
        },
        {
            "id": "100023434451963",
            "count": 4,
            "name": "Cao Ngọc Hiếu"
        },
        {
            "id": "100000214497723",
            "count": 23,
            "name": "Kiên ッ"
        },
        {
            "id": "61553537736684",
            "count": 0,
            "name": "Đồng Văn Tú"
        },
        {
            "id": "61557694386770",
            "count": 0,
            "name": "Hoàng Ngọc Yến"
        },
        {
            "id": "61560933423232",
            "count": 9,
            "name": "Nguyen Duy"
        },
        {
            "id": "61560957805349",
            "count": 0,
            "name": "Trang Linh"
        },
        {
            "id": "100066982081378",
            "count": 14,
            "name": "Dương Nguyễn"
        },
        {
            "id": "61560695497242",
            "count": 0,
            "name": "Nakano Nino"
        },
        {
            "id": "100004752336149",
            "count": 1725,
            "name": "Dang Gia Khanh"
        },
        {
            "id": "61556666968083",
            "count": 262,
            "name": "Gkhanhdz vcl"
        },
        {
            "id": "100089494792922",
            "count": 0,
            "name": "Anh　Là　 Zeno　Đấng Toàn　Năng"
        },
        {
            "id": "61560178637385",
            "count": 4,
            "name": "Nhật　Trường　Yêu　Em Ở　Mọi　Vũ　Trụ"
        },
        {
            "id": "100042750775325",
            "count": 66,
            "name": "Vày Lập Đức"
        },
        {
            "id": "61553998834978",
            "count": 0,
            "name": "Văn Toàn Lê"
        },
        {
            "id": "61559948472835",
            "count": 69,
            "name": "Minh Triết"
        },
        {
            "id": "61559110839419",
            "count": 0,
            "name": "Pun Xinh"
        },
        {
            "id": "61560315025197",
            "count": 0,
            "name": "Trần Phước Lộc"
        },
        {
            "id": "100076354464928",
            "count": 3,
            "name": "Hiếu Bye"
        },
        {
            "id": "61561346483573",
            "count": 0,
            "name": "Nguyễn Thanh Thúy"
        },
        {
            "id": "100074224563535",
            "count": 25,
            "name": "Bui Cong Duc"
        },
        {
            "id": "100085065916104",
            "count": 237,
            "name": "Trần Minh Triết"
        },
        {
            "id": "100008166858665",
            "count": 0,
            "name": "Nợ　Lại　Cho　Nhau　Chiều　 Hẹn　Rong　Chơi　Ngọt　Ngào　 Nơi　Tim　Còn　Nhiều　Không　Em"
        },
        {
            "id": "61561775225170",
            "count": 0,
            "name": "Người dùng Facebook"
        },
        {
            "id": "61551997412624",
            "count": 0,
            "name": "Trần Minh Triết"
        },
        {
            "id": "100077026869574",
            "count": 0,
            "name": "Người dùng Facebook"
        },
        {
            "id": "61561175883023",
            "count": 0,
            "name": "Anh Lại Làm Em Khóc Nữa Rồi Anh Lại Làm Em Đớn Đau Rồi Anh Lại Làm Em Mất Hy Vọng Về Tương Lai Của Hai Chúng Taaaa..Nhưng Bởi Vì Anh Chẳng Đủ Tốt Để Hiểu Hàng Vạn Lý Do Làm Em Đau Đớnnn.-."
        },
        {
            "id": "61560872894099",
            "count": 0,
            "name": "Bố Là Nguyễn Hoàng Long - Người Đã Địt Mẹ Chúng Mày Và Tạo Ra Những Thằng Con Báo Và Những Con Đĩ Cận Huyết Đú Ửa Ở Tbg"
        },
        {
            "id": "61550992642482",
            "count": 0,
            "name": "Thanh Thanh"
        },
        {
            "id": "100093051642489",
            "count": 358,
            "name": "Anh　Là　Hải　Phong　Yêu　Em　Ở Mọi　Vũ　Trụ"
        },
        {
            "id": "61560450915670",
            "count": 0,
            "name": "Người dùng Facebook"
        },
        {
            "id": "61561995988657",
            "count": 0,
            "name": "ᏮᏮᏮ ᏮᏮᏮ"
        },
        {
            "id": "61561033598192",
            "count": 0,
            "name": "Trần Thị Khánh Ly"
        },
        {
            "id": "100047870110891",
            "count": 55,
            "name": "Mỹ Tuyết"
        },
        {
            "id": "100000612458490",
            "count": 32,
            "name": "ഋൠ ഋൠ"
        },
        {
            "id": "100052939611895",
            "count": 1,
            "name": "Thành Nói Jì"
        },
        {
            "id": "100065379692917",
            "count": 3,
            "name": "ꘈ⃟⃝⃞҈ꘈ⃟⃝⃞҈ꘈ⃟⃝⃞҈ꘈ⃟⃝⃞҈ꘈ⃟⃝⃞҈ꘈ⃟⃝⃞҈ꘈ⃟⃝⃞҈ꘈ⃟⃝⃞҈ꘈ ꘈ⃟⃝⃞҈ꘈ⃟⃝⃞҈ꘈ⃟⃝⃞҈ꘈ⃟⃝⃞҈ꘈ⃟⃝⃞҈ꘈ⃟⃝⃞҈ꘈ⃟⃝⃞҈ꘈ⃟⃝⃞҈ꘈ"
        },
        {
            "id": "1053703548",
            "count": 5,
            "name": "Hoàng Luân"
        },
        {
            "id": "61556894156849",
            "count": 27,
            "name": "Em dạo này ổn không Còn đi làm ở công ty cũ Còn đi sớm về hôm nhưng mà đồng lương vẫn không khi đủ Đồng nghiệp của em thế nào trong thang máy có chào với nhau "
        },
        {
            "id": "100030259834679",
            "count": 76,
            "name": "𝐀𝐧𝐡 𝐐𝐮𝐲́ 𓆉"
        },
        {
            "id": "61562439355061",
            "count": 107,
            "name": "️️️️️️️️️️️️️️️️️️️️️️️️️️️️️️️️️️️️️️️️️️️️️️️️️️️️️️️️️️️️️️️️️️️️️️️️️️️️️️️️️️️️️️️️️️️️️️️️️️️️️️️️️️️️️️️️️️️️️️️️️️️️️️️️️️️️️️️️️️️️️️️️️️️️️️️️️️️️️️️️️️️️️️️️️️"
        },
        {
            "id": "1678083193",
            "count": 45,
            "name": "Nguyễn Văn Đức"
        },
        {
            "id": "100092744481406",
            "count": 3
        },
        {
            "id": "100055154154050",
            "count": 14
        },
        {
            "id": "61562377964092",
            "count": 97
        },
        {
            "id": "61561510254962",
            "count": 45
        },
        {
            "id": "100000816791098",
            "count": 2
        },
        {
            "id": "100000010827486",
            "count": 0
        },
        {
            "id": "100000022002976",
            "count": 57
        },
        {
            "id": "764218009",
            "count": 11
        },
        {
            "id": "61562211158190",
            "count": 168
        },
        {
            "id": "61562468907763",
            "count": 2
        },
        {
            "id": "100000435192353",
            "count": 0
        },
        {
            "id": "100003133525251",
            "count": 219
        },
        {
            "id": "61560407583530",
            "count": 120
        },
        {
            "id": "61562495816778",
            "count": 0
        },
        {
            "id": "61562299303915",
            "count": 79
        },
        {
            "id": "61561171259534",
            "count": 0
        },
        {
            "id": "61562206563697",
            "count": 0
        },
        {
            "id": "61563454850537",
            "count": 0
        },
        {
            "id": "61550536127381",
            "count": 45
        },
        {
            "id": "100084035917282",
            "count": 94
        },
        {
            "id": "61560392341264",
            "count": 14
        },
        {
            "id": "100089281770842",
            "count": 179
        },
        {
            "id": "61560496558238",
            "count": 10
        },
        {
            "id": "61560740554202",
            "count": 27
        },
        {
            "id": "61561601624319",
            "count": 70
        },
        {
            "id": "61552481596737",
            "count": 42
        },
        {
            "id": "61560118331700",
            "count": 12
        },
        {
            "id": "100088577864287",
            "count": 12
        },
        {
            "id": "100088171699176",
            "count": 6
        }
    ],
    "day": [
        {
            "id": "100051451965796",
            "count": 0,
            "name": "Nguyễn hiệp🧸❤️‍🩹"
        },
        {
            "id": "100075185498345",
            "count": 0,
            "name": " Nguyễn Đức Hậu 💤 🐼"
        },
        {
            "id": "100089033040313",
            "count": 0,
            "name": "Nguyễn Đức Toàn"
        },
        {
            "id": "100085073240621",
            "count": 1,
            "name": "Dang Gia Khanh"
        },
        {
            "id": "61551120508642",
            "count": 0,
            "name": "𓂄𓆩𑁍 Ngàу Hôm Ấу 𖤛 Em Buông Taу Anh Vì Lý Do Gì 𖤤 Người Hãу Nói Đi 𖥂Đừng Bắt Anh Phải Nghĩ Suу 𖠺 Để Rồi Từng Đêm Thao Thức Lệ Tràn Ướt Đôi Khóe Mi 𓈷 Ϲũng Chỉ Bởi Vì Em Ra Đi Chẳng Lời Biệt Lу ꫞ Rồi Những Ngày Qua Anh Phải Sống Trong Nỗi Cô Đơn 𓅳 Phố Đông Tim Lạnh Lòng Saу Mình Anh Hiu Quạnh 𓆦 Giờ Em Nơi Đâu 𓆏 Xin Hãу Trả Lời Một Lần Anh Đi 𓃰𓆪𓂁"
        },
        {
            "id": "100026066957350",
            "count": 0,
            "name": "Nguyen Hiep"
        },
        {
            "id": "100023434451963",
            "count": 0,
            "name": "Cao Ngọc Hiếu"
        },
        {
            "id": "100000214497723",
            "count": 0,
            "name": "Kiên ッ"
        },
        {
            "id": "61553537736684",
            "count": 0,
            "name": "Đồng Văn Tú"
        },
        {
            "id": "61557694386770",
            "count": 0,
            "name": "Hoàng Ngọc Yến"
        },
        {
            "id": "61560933423232",
            "count": 0,
            "name": "Nguyen Duyメ"
        },
        {
            "id": "61560957805349",
            "count": 0,
            "name": "Trang Linh"
        },
        {
            "id": "100066982081378",
            "count": 1,
            "name": "Dương Nguyễn"
        },
        {
            "id": "61560695497242",
            "count": 0,
            "name": "Nakano Nino"
        },
        {
            "id": "100004752336149",
            "count": 0,
            "name": "Dang Gia Khanh"
        },
        {
            "id": "61556666968083",
            "count": 2,
            "name": "Gkhanhdz vcl"
        },
        {
            "id": "100089494792922",
            "count": 0,
            "name": "Anh　Là　 Zeno　Đấng Toàn　Năng"
        },
        {
            "id": "61560178637385",
            "count": 0,
            "name": "Nhật　Trường　Yêu　Em Ở　Mọi　Vũ　Trụ"
        },
        {
            "id": "100042750775325",
            "count": 0,
            "name": "Vày Lập Đức"
        },
        {
            "id": "61553998834978",
            "count": 0,
            "name": "Văn Toàn Lê"
        },
        {
            "id": "61559948472835",
            "count": 0,
            "name": "Minh Triết"
        },
        {
            "id": "61559110839419",
            "count": 0,
            "name": "Pun Xinh"
        },
        {
            "id": "61560315025197",
            "count": 0,
            "name": "Trần Phước Lộc"
        },
        {
            "id": "100076354464928",
            "count": 0,
            "name": "Hiếu Bye"
        },
        {
            "id": "61561346483573",
            "count": 0,
            "name": "Nguyễn Thanh Thúy"
        },
        {
            "id": "100074224563535",
            "count": 0,
            "name": "Bui Cong Duc"
        },
        {
            "id": "100085065916104",
            "count": 0,
            "name": "Trần Minh Triết"
        },
        {
            "id": "100008166858665",
            "count": 0,
            "name": "Nợ　Lại　Cho　Nhau　Chiều　 Hẹn　Rong　Chơi　Ngọt　Ngào　 Nơi　Tim　Còn　Nhiều　Không　Em"
        },
        {
            "id": "61561775225170",
            "count": 0,
            "name": "Người dùng Facebook"
        },
        {
            "id": "61551997412624",
            "count": 0,
            "name": "Người dùng Facebook"
        },
        {
            "id": "100077026869574",
            "count": 0,
            "name": "Người dùng Facebook"
        },
        {
            "id": "61561175883023",
            "count": 0,
            "name": "Người dùng Facebook"
        },
        {
            "id": "61560872894099",
            "count": 0,
            "name": "Bố Là Nguyễn Hoàng Long - Người Đã Địt Mẹ Chúng Mày Và Tạo Ra Những Thằng Con Báo Và Những Con Đĩ Cận Huyết Đú Ửa Ở Tbg"
        },
        {
            "id": "61550992642482",
            "count": 0,
            "name": "Thanh Thanh"
        },
        {
            "id": "100093051642489",
            "count": 0,
            "name": "Anh　Là　Hải　Phong　Yêu　Em　Ở Mọi　Vũ　Trụ"
        },
        {
            "id": "61560450915670",
            "count": 0,
            "name": "Người dùng Facebook"
        },
        {
            "id": "61561995988657",
            "count": 0,
            "name": "Người dùng Facebook"
        },
        {
            "id": "61561033598192",
            "count": 0,
            "name": "Trần Thị Khánh Ly"
        },
        {
            "id": "100047870110891",
            "count": 0,
            "name": "Mỹ Tuyết"
        },
        {
            "id": "100000612458490",
            "count": 0,
            "name": "ഋൠ ഋൠ"
        },
        {
            "id": "100052939611895",
            "count": 0,
            "name": "Thành Nói Jì"
        },
        {
            "id": "100065379692917",
            "count": 0,
            "name": "ꘈ⃟⃝⃞҈ꘈ⃟⃝⃞҈ꘈ⃟⃝⃞҈ꘈ⃟⃝⃞҈ꘈ⃟⃝⃞҈ꘈ⃟⃝⃞҈ꘈ⃟⃝⃞҈ꘈ⃟⃝⃞҈ꘈ ꘈ⃟⃝⃞҈ꘈ⃟⃝⃞҈ꘈ⃟⃝⃞҈ꘈ⃟⃝⃞҈ꘈ⃟⃝⃞҈ꘈ⃟⃝⃞҈ꘈ⃟⃝⃞҈ꘈ⃟⃝⃞҈ꘈ"
        },
        {
            "id": "1053703548",
            "count": 0,
            "name": "Hoàng Luân"
        },
        {
            "id": "61556894156849",
            "count": 0,
            "name": "Em dạo này ổn không Còn đi làm ở công ty cũ Còn đi sớm về hôm nhưng mà đồng lương vẫn không khi đủ Đồng nghiệp của em thế nào trong thang máy có chào với nhau "
        },
        {
            "id": "100030259834679",
            "count": 0,
            "name": "𝐀𝐧𝐡 𝐐𝐮𝐲́ 𓆉"
        },
        {
            "id": "61562439355061",
            "count": 0,
            "name": "Người dùng Facebook"
        },
        {
            "id": "1678083193",
            "count": 0,
            "name": "Nguyễn Văn Đức"
        },
        {
            "id": "100092744481406",
            "count": 0,
            "name": "Ng Huy"
        },
        {
            "id": "100055154154050",
            "count": 0,
            "name": "Võ N-đăng"
        },
        {
            "id": "61562377964092",
            "count": 0,
            "name": "kem ᗢ 丨kemcute.com"
        },
        {
            "id": "61561510254962",
            "count": 0,
            "name": "Người dùng Facebook"
        },
        {
            "id": "100000816791098",
            "count": 0,
            "name": "Người dùng Facebook"
        },
        {
            "id": "100000010827486",
            "count": 0,
            "name": "Người dùng Facebook"
        },
        {
            "id": "100000022002976",
            "count": 0,
            "name": "Mary DeMint"
        },
        {
            "id": "764218009",
            "count": 0,
            "name": "Người dùng Facebook"
        },
        {
            "id": "61562211158190",
            "count": 0,
            "name": "Người dùng Facebook"
        },
        {
            "id": "61562468907763",
            "count": 0,
            "name": "Nguyễn Văn Đức"
        },
        {
            "id": "100000435192353",
            "count": 0,
            "name": "Người dùng Facebook"
        },
        {
            "id": "100003133525251",
            "count": 0,
            "name": "Tran Dinh Tuan"
        },
        {
            "id": "61560407583530",
            "count": 0,
            "name": "ဗီူ ဗီူ ဗီူ"
        },
        {
            "id": "61562495816778",
            "count": 0,
            "name": "ꔫꔫ ꔫꔫ ꔫꔫ ꔫꔫ"
        },
        {
            "id": "61562299303915",
            "count": 0,
            "name": "ʚAnh Quýɞ丨chatbotmessenger ᰔᩚ"
        },
        {
            "id": "61561171259534",
            "count": 0,
            "name": "Người dùng Facebook"
        },
        {
            "id": "61562206563697",
            "count": 0,
            "name": "ᏎᏎᏎ ᏎᏎᏎ"
        },
        {
            "id": "61563454850537",
            "count": 0,
            "name": "Người dùng Facebook"
        },
        {
            "id": "61550536127381",
            "count": 0,
            "name": "Người dùng Facebook"
        },
        {
            "id": "100084035917282",
            "count": 0,
            "name": "Ken Yeuem"
        },
        {
            "id": "61560392341264",
            "count": 0,
            "name": "Ken Yeuem"
        },
        {
            "id": "100089281770842",
            "count": 2,
            "name": "Dương Như"
        },
        {
            "id": "61560496558238",
            "count": 0,
            "name": "Người dùng Facebook"
        },
        {
            "id": "61560740554202",
            "count": 0,
            "name": "Minh Triết"
        },
        {
            "id": "61561601624319",
            "count": 0,
            "name": "Chỉ　Cần　Một　Ngày　Tồi　Tệ　 Thôi　Nó　Sẽ　Biến　Một　Kẻ　 Thành　Một　Kẻ　Điên"
        },
        {
            "id": "61552481596737",
            "count": 0,
            "name": "Đào TuwAnh"
        },
        {
            "id": "61560118331700",
            "count": 0,
            "name": "Chạy　Khắp　Trái　Đất　Để　Kím　Em　 Mà　Em　Trốn　Mất　Mẹ　Anh　Đành　 Về　Kím　Người　Yêu　Cũ　Đây"
        },
        {
            "id": "100088577864287",
            "count": 0,
            "name": "Như Quỳnh"
        },
        {
            "id": "100088171699176",
            "count": 0,
            "name": "Nhật Trường"
        }
    ],
    "time": 0,
    "last": {
        "time": 3,
        "day": [
            {
                "id": "100051451965796",
                "count": 0,
                "name": "Nguyễn hiệp🧸❤️‍🩹"
            },
            {
                "id": "100075185498345",
                "count": 0,
                "name": " Nguyễn Đức Hậu 💤 🐼"
            },
            {
                "id": "100089033040313",
                "count": 0,
                "name": "Nguyễn Đức Toàn"
            },
            {
                "id": "100085073240621",
                "count": 4,
                "name": "Dang Gia Khanh"
            },
            {
                "id": "61551120508642",
                "count": 0,
                "name": "𓂄𓆩𑁍 Ngàу Hôm Ấу 𖤛 Em Buông Taу Anh Vì Lý Do Gì 𖤤 Người Hãу Nói Đi 𖥂Đừng Bắt Anh Phải Nghĩ Suу 𖠺 Để Rồi Từng Đêm Thao Thức Lệ Tràn Ướt Đôi Khóe Mi 𓈷 Ϲũng Chỉ Bởi Vì Em Ra Đi Chẳng Lời Biệt Lу ꫞ Rồi Những Ngày Qua Anh Phải Sống Trong Nỗi Cô Đơn 𓅳 Phố Đông Tim Lạnh Lòng Saу Mình Anh Hiu Quạnh 𓆦 Giờ Em Nơi Đâu 𓆏 Xin Hãу Trả Lời Một Lần Anh Đi 𓃰𓆪𓂁"
            },
            {
                "id": "100026066957350",
                "count": 0,
                "name": "Nguyen Hiep"
            },
            {
                "id": "100023434451963",
                "count": 0,
                "name": "Cao Ngọc Hiếu"
            },
            {
                "id": "100000214497723",
                "count": 0,
                "name": "Kiên ッ"
            },
            {
                "id": "61553537736684",
                "count": 0,
                "name": "Đồng Văn Tú"
            },
            {
                "id": "61557694386770",
                "count": 0,
                "name": "Hoàng Ngọc Yến"
            },
            {
                "id": "61560933423232",
                "count": 0,
                "name": "Nguyen Duyメ"
            },
            {
                "id": "61560957805349",
                "count": 0,
                "name": "Trang Linh"
            },
            {
                "id": "100066982081378",
                "count": 0,
                "name": "Dương Nguyễn"
            },
            {
                "id": "61560695497242",
                "count": 0,
                "name": "Nakano Nino"
            },
            {
                "id": "100004752336149",
                "count": 0,
                "name": "Dang Gia Khanh"
            },
            {
                "id": "61556666968083",
                "count": 3,
                "name": "Gkhanhdz vcl"
            },
            {
                "id": "100089494792922",
                "count": 0,
                "name": "Anh　Là　 Zeno　Đấng Toàn　Năng"
            },
            {
                "id": "61560178637385",
                "count": 0,
                "name": "Nhật　Trường　Yêu　Em Ở　Mọi　Vũ　Trụ"
            },
            {
                "id": "100042750775325",
                "count": 0,
                "name": "Vày Lập Đức"
            },
            {
                "id": "61553998834978",
                "count": 0,
                "name": "Văn Toàn Lê"
            },
            {
                "id": "61559948472835",
                "count": 0,
                "name": "Minh Triết"
            },
            {
                "id": "61559110839419",
                "count": 0,
                "name": "Pun Xinh"
            },
            {
                "id": "61560315025197",
                "count": 0,
                "name": "Trần Phước Lộc"
            },
            {
                "id": "100076354464928",
                "count": 0,
                "name": "Hiếu Bye"
            },
            {
                "id": "61561346483573",
                "count": 0,
                "name": "Nguyễn Thanh Thúy"
            },
            {
                "id": "100074224563535",
                "count": 0,
                "name": "Bui Cong Duc"
            },
            {
                "id": "100085065916104",
                "count": 2,
                "name": "Trần Minh Triết"
            },
            {
                "id": "100008166858665",
                "count": 0,
                "name": "Nợ　Lại　Cho　Nhau　Chiều　 Hẹn　Rong　Chơi　Ngọt　Ngào　 Nơi　Tim　Còn　Nhiều　Không　Em"
            },
            {
                "id": "61561775225170",
                "count": 0,
                "name": "Người dùng Facebook"
            },
            {
                "id": "61551997412624",
                "count": 0,
                "name": "Người dùng Facebook"
            },
            {
                "id": "100077026869574",
                "count": 0,
                "name": "Người dùng Facebook"
            },
            {
                "id": "61561175883023",
                "count": 0,
                "name": "Người dùng Facebook"
            },
            {
                "id": "61560872894099",
                "count": 0,
                "name": "Bố Là Nguyễn Hoàng Long - Người Đã Địt Mẹ Chúng Mày Và Tạo Ra Những Thằng Con Báo Và Những Con Đĩ Cận Huyết Đú Ửa Ở Tbg"
            },
            {
                "id": "61550992642482",
                "count": 0,
                "name": "Thanh Thanh"
            },
            {
                "id": "100093051642489",
                "count": 1,
                "name": "Anh　Là　Hải　Phong　Yêu　Em　Ở Mọi　Vũ　Trụ"
            },
            {
                "id": "61560450915670",
                "count": 0,
                "name": "Người dùng Facebook"
            },
            {
                "id": "61561995988657",
                "count": 0,
                "name": "Người dùng Facebook"
            },
            {
                "id": "61561033598192",
                "count": 0,
                "name": "Trần Thị Khánh Ly"
            },
            {
                "id": "100047870110891",
                "count": 0,
                "name": "Mỹ Tuyết"
            },
            {
                "id": "100000612458490",
                "count": 0,
                "name": "ഋൠ ഋൠ"
            },
            {
                "id": "100052939611895",
                "count": 0,
                "name": "Thành Nói Jì"
            },
            {
                "id": "100065379692917",
                "count": 0,
                "name": "ꘈ⃟⃝⃞҈ꘈ⃟⃝⃞҈ꘈ⃟⃝⃞҈ꘈ⃟⃝⃞҈ꘈ⃟⃝⃞҈ꘈ⃟⃝⃞҈ꘈ⃟⃝⃞҈ꘈ⃟⃝⃞҈ꘈ ꘈ⃟⃝⃞҈ꘈ⃟⃝⃞҈ꘈ⃟⃝⃞҈ꘈ⃟⃝⃞҈ꘈ⃟⃝⃞҈ꘈ⃟⃝⃞҈ꘈ⃟⃝⃞҈ꘈ⃟⃝⃞҈ꘈ"
            },
            {
                "id": "1053703548",
                "count": 0,
                "name": "Hoàng Luân"
            },
            {
                "id": "61556894156849",
                "count": 0,
                "name": "Em dạo này ổn không Còn đi làm ở công ty cũ Còn đi sớm về hôm nhưng mà đồng lương vẫn không khi đủ Đồng nghiệp của em thế nào trong thang máy có chào với nhau "
            },
            {
                "id": "100030259834679",
                "count": 0,
                "name": "𝐀𝐧𝐡 𝐐𝐮𝐲́ 𓆉"
            },
            {
                "id": "61562439355061",
                "count": 0,
                "name": "Người dùng Facebook"
            },
            {
                "id": "1678083193",
                "count": 0,
                "name": "Nguyễn Văn Đức"
            },
            {
                "id": "100092744481406",
                "count": 0,
                "name": "Ng Huy"
            },
            {
                "id": "100055154154050",
                "count": 0,
                "name": "Võ N-đăng"
            },
            {
                "id": "61562377964092",
                "count": 0,
                "name": "kem ᗢ 丨kemcute.com"
            },
            {
                "id": "61561510254962",
                "count": 0,
                "name": "Người dùng Facebook"
            },
            {
                "id": "100000816791098",
                "count": 0,
                "name": "Người dùng Facebook"
            },
            {
                "id": "100000010827486",
                "count": 0,
                "name": "Người dùng Facebook"
            },
            {
                "id": "100000022002976",
                "count": 0,
                "name": "Mary DeMint"
            },
            {
                "id": "764218009",
                "count": 0,
                "name": "Người dùng Facebook"
            },
            {
                "id": "61562211158190",
                "count": 0,
                "name": "Người dùng Facebook"
            },
            {
                "id": "61562468907763",
                "count": 0,
                "name": "Nguyễn Văn Đức"
            },
            {
                "id": "100000435192353",
                "count": 0,
                "name": "Người dùng Facebook"
            },
            {
                "id": "100003133525251",
                "count": 11,
                "name": "Tran Dinh Tuan"
            },
            {
                "id": "61560407583530",
                "count": 0,
                "name": "ဗီူ ဗီူ ဗီူ"
            },
            {
                "id": "61562495816778",
                "count": 0,
                "name": "ꔫꔫ ꔫꔫ ꔫꔫ ꔫꔫ"
            },
            {
                "id": "61562299303915",
                "count": 2,
                "name": "ʚAnh Quýɞ丨chatbotmessenger ᰔᩚ"
            },
            {
                "id": "61561171259534",
                "count": 0,
                "name": "Người dùng Facebook"
            },
            {
                "id": "61562206563697",
                "count": 0,
                "name": "ᏎᏎᏎ ᏎᏎᏎ"
            },
            {
                "id": "61563454850537",
                "count": 0,
                "name": "Người dùng Facebook"
            },
            {
                "id": "61550536127381",
                "count": 0,
                "name": "Người dùng Facebook"
            },
            {
                "id": "100084035917282",
                "count": 0,
                "name": "Ken Yeuem"
            },
            {
                "id": "61560392341264",
                "count": 0,
                "name": "Ken Yeuem"
            },
            {
                "id": "100089281770842",
                "count": 3,
                "name": "Dương Như"
            },
            {
                "id": "61560496558238",
                "count": 0,
                "name": "Người dùng Facebook"
            },
            {
                "id": "61560740554202",
                "count": 0,
                "name": "Minh Triết"
            },
            {
                "id": "61559809987389",
                "count": 0,
                "name": "Anh　Đem　Lòng Đơn　Phương　Người　Anh Đã　Từng　Rất　Thương"
            },
            {
                "id": "61561601624319",
                "count": 6,
                "name": "Chỉ　Cần　Một　Ngày　Tồi　Tệ　 Thôi　Nó　Sẽ　Biến　Một　Kẻ　 Thành　Một　Kẻ　Điên"
            },
            {
                "id": "61552481596737",
                "count": 0,
                "name": "Đào TuwAnh"
            },
            {
                "id": "61560118331700",
                "count": 0,
                "name": "Chạy　Khắp　Trái　Đất　Để　Kím　Em　 Mà　Em　Trốn　Mất　Mẹ　Anh　Đành　 Về　Kím　Người　Yêu　Cũ　Đây"
            },
            {
                "id": "100088577864287",
                "count": 0,
                "name": "Như Quỳnh"
            },
            {
                "id": "100088171699176",
                "count": 0,
                "name": "Nhật Trường"
            }
        ],
        "week": [
            {
                "id": "100051451965796",
                "count": 0,
                "name": "Nguyễn hiệp🧸❤️‍🩹"
            },
            {
                "id": "100075185498345",
                "count": 18,
                "name": " Nguyễn Đức Hậu 💤 🐼"
            },
            {
                "id": "100089033040313",
                "count": 155,
                "name": "Nguyễn Đức Toàn"
            },
            {
                "id": "100085073240621",
                "count": 456,
                "name": "Dang Gia Khanh"
            },
            {
                "id": "61551120508642",
                "count": 0,
                "name": "𓂄𓆩𑁍 Ngàу Hôm Ấу 𖤛 Em Buông Taу Anh Vì Lý Do Gì 𖤤 Người Hãу Nói Đi 𖥂Đừng Bắt Anh Phải Nghĩ Suу 𖠺 Để Rồi Từng Đêm Thao Thức Lệ Tràn Ướt Đôi Khóe Mi 𓈷 Ϲũng Chỉ Bởi Vì Em Ra Đi Chẳng Lời Biệt Lу ꫞ Rồi Những Ngày Qua Anh Phải Sống Trong Nỗi Cô Đơn 𓅳 Phố Đông Tim Lạnh Lòng Saу Mình Anh Hiu Quạnh 𓆦 Giờ Em Nơi Đâu 𓆏 Xin Hãу Trả Lời Một Lần Anh Đi 𓃰𓆪𓂁"
            },
            {
                "id": "100026066957350",
                "count": 0,
                "name": "Nguyen Hiep"
            },
            {
                "id": "100023434451963",
                "count": 0,
                "name": "Cao Ngọc Hiếu"
            },
            {
                "id": "100000214497723",
                "count": 6,
                "name": "Kiên ッ"
            },
            {
                "id": "61553537736684",
                "count": 0,
                "name": "Đồng Văn Tú"
            },
            {
                "id": "61557694386770",
                "count": 0,
                "name": "Hoàng Ngọc Yến"
            },
            {
                "id": "61560933423232",
                "count": 15,
                "name": "Nguyen Duy"
            },
            {
                "id": "61560957805349",
                "count": 0,
                "name": "Trang Linh"
            },
            {
                "id": "100066982081378",
                "count": 6,
                "name": "Dương Nguyễn"
            },
            {
                "id": "61560695497242",
                "count": 0,
                "name": "Nakano Nino"
            },
            {
                "id": "100004752336149",
                "count": 155,
                "name": "Dang Gia Khanh"
            },
            {
                "id": "61556666968083",
                "count": 453,
                "name": "Gkhanhdz vcl"
            },
            {
                "id": "100089494792922",
                "count": 0,
                "name": "Anh　Là　 Zeno　Đấng Toàn　Năng"
            },
            {
                "id": "61560178637385",
                "count": 0,
                "name": "Nhật　Trường　Yêu　Em Ở　Mọi　Vũ　Trụ"
            },
            {
                "id": "100024355281353",
                "count": 0,
                "name": "Người dùng Facebook"
            },
            {
                "id": "100042750775325",
                "count": 14,
                "name": "Vày Lập Đức"
            },
            {
                "id": "61553998834978",
                "count": 0,
                "name": "Văn Toàn Lê"
            },
            {
                "id": "61561152974838",
                "count": 15,
                "name": "Hau Duc"
            },
            {
                "id": "61559948472835",
                "count": 0,
                "name": "Minh Triết"
            },
            {
                "id": "61560740554202",
                "count": 5,
                "name": "Minh Triết"
            },
            {
                "id": "61559110839419",
                "count": 0,
                "name": "Pun Xinh"
            },
            {
                "id": "61560315025197",
                "count": 1,
                "name": "Trần Phước Lộc"
            },
            {
                "id": "100076354464928",
                "count": 4,
                "name": "Hiếu Bye"
            },
            {
                "id": "61561346483573",
                "count": 0,
                "name": "Nguyễn Thanh Thúy"
            },
            {
                "id": "100074368458815",
                "count": 273,
                "name": "Nguyễn Ngọc Thanh"
            },
            {
                "id": "100074224563535",
                "count": 9,
                "name": "Bui Cong Duc"
            },
            {
                "id": "100085065916104",
                "count": 33,
                "name": "Trần Minh Triết"
            },
            {
                "id": "100008166858665",
                "count": 0,
                "name": "Nợ　Lại　Cho　Nhau　Chiều　 Hẹn　Rong　Chơi　Ngọt　Ngào　 Nơi　Tim　Còn　Nhiều　Không　Em"
            },
            {
                "id": "61561775225170",
                "count": 0,
                "name": "Người dùng Facebook"
            },
            {
                "id": "61551997412624",
                "count": 81,
                "name": "Trần Minh Triết"
            },
            {
                "id": "100077026869574",
                "count": 133,
                "name": "Người dùng Facebook"
            },
            {
                "id": "61559407214892",
                "count": 0,
                "name": "anhiuembe"
            },
            {
                "id": "61561175883023",
                "count": 0,
                "name": "Anh Lại Làm Em Khóc Nữa Rồi Anh Lại Làm Em Đớn Đau Rồi Anh Lại Làm Em Mất Hy Vọng Về Tương Lai Của Hai Chúng Taaaa..Nhưng Bởi Vì Anh Chẳng Đủ Tốt Để Hiểu Hàng Vạn Lý Do Làm Em Đau Đớnnn.-."
            },
            {
                "id": "61560872894099",
                "count": 0,
                "name": "Bố Là Nguyễn Hoàng Long - Người Đã Địt Mẹ Chúng Mày Và Tạo Ra Những Thằng Con Báo Và Những Con Đĩ Cận Huyết Đú Ửa Ở Tbg"
            },
            {
                "id": "61550992642482",
                "count": 0,
                "name": "Thanh Thanh"
            },
            {
                "id": "100093051642489",
                "count": 327,
                "name": "Anh　Là　Hải　Phong　Yêu　Em　Ở Mọi　Vũ　Trụ"
            },
            {
                "id": "61560450915670",
                "count": 0,
                "name": "Người dùng Facebook"
            },
            {
                "id": "61559424537809",
                "count": 0,
                "name": "Nguyen Minh Duc"
            },
            {
                "id": "61561995988657",
                "count": 139,
                "name": "ᏮᏮᏮ ᏮᏮᏮ"
            },
            {
                "id": "61560960125929",
                "count": 0,
                "name": "Út Khờ Chợ Hội"
            },
            {
                "id": "61561033598192",
                "count": 0,
                "name": "Trần Thị Khánh Ly"
            },
            {
                "id": "100047870110891",
                "count": 61,
                "name": "Mỹ Tuyết"
            },
            {
                "id": "100000612458490",
                "count": 400,
                "name": "ഋൠ ഋൠ"
            },
            {
                "id": "100052939611895",
                "count": 25,
                "name": "Thành Nói Jì"
            },
            {
                "id": "100065379692917",
                "count": 12,
                "name": "ꘈ⃟⃝⃞҈ꘈ⃟⃝⃞҈ꘈ⃟⃝⃞҈ꘈ⃟⃝⃞҈ꘈ⃟⃝⃞҈ꘈ⃟⃝⃞҈ꘈ⃟⃝⃞҈ꘈ⃟⃝⃞҈ꘈ ꘈ⃟⃝⃞҈ꘈ⃟⃝⃞҈ꘈ⃟⃝⃞҈ꘈ⃟⃝⃞҈ꘈ⃟⃝⃞҈ꘈ⃟⃝⃞҈ꘈ⃟⃝⃞҈ꘈ⃟⃝⃞҈ꘈ"
            },
            {
                "id": "1053703548",
                "count": 9,
                "name": "Hoàng Luân"
            },
            {
                "id": "61556894156849",
                "count": 227,
                "name": "Em dạo này ổn không Còn đi làm ở công ty cũ Còn đi sớm về hôm nhưng mà đồng lương vẫn không khi đủ Đồng nghiệp của em thế nào trong thang máy có chào với nhau "
            },
            {
                "id": "61560448753709",
                "count": 98,
                "name": "﹍﹍﹍﹍ⵂ﹌／﹌﹌﹌一乀　　　　匸 ﹍﹍﹍ⵂ﹌ノノノ〇乀︻﹌﹌乀　　ソ ﹍﹍ⵂ﹌᜵᜵᜵᜵᜵᜵᜵᜵᜵᜵﹆＿＿＿＿＿＿I　 乃 ﹍ⵂ﹌ノ︱ⵂⵂⵂ﹌﹌﹌V﹌V﹌V﹌V 　㠪 ⵂ﹌ノ︱﹊᜵᜵᜵᜵᜵᜵᜵᜵᜵﹏亼亼亼亼ノ　　尺 ﹌ノ︱﹊ノI乀I﹌﹌﹌﹌﹌﹌　　 ਏਃੱਓ ノ︱﹊ノ﹍︱﹊︱乀﹍Quin Love 4ever ༅"
            },
            {
                "id": "100030259834679",
                "count": 0,
                "name": "𝐀𝐧𝐡 𝐐𝐮𝐲́ 𓆉"
            },
            {
                "id": "61562439355061",
                "count": 166,
                "name": "️️️️️️️️️️️️️️️️️️️️️️️️️️️️️️️️️️️️️️️️️️️️️️️️️️️️️️️️️️️️️️️️️️️️️️️️️️️️️️️️️️️️️️️️️️️️️️️️️️️️️️️️️️️️️️️️️️️️️️️️️️️️️️️️️️️️️️️️️️️️️️️️️️️️️️️️️️️️️️️️️️️️️️️️️️"
            },
            {
                "id": "1678083193",
                "count": 0,
                "name": "Nguyễn Văn Đức"
            },
            {
                "id": "100048286966787",
                "count": 0
            },
            {
                "id": "100092744481406",
                "count": 0
            },
            {
                "id": "100055154154050",
                "count": 0
            },
            {
                "id": "100078235840682",
                "count": 0
            },
            {
                "id": "1745850334",
                "count": 0
            },
            {
                "id": "61562377964092",
                "count": 0
            },
            {
                "id": "61561336433951",
                "count": 0
            },
            {
                "id": "61561510254962",
                "count": 0
            },
            {
                "id": "100000816791098",
                "count": 0
            },
            {
                "id": "100000010827486",
                "count": 0
            },
            {
                "id": "61559809987389",
                "count": 0
            },
            {
                "id": "100000022002976",
                "count": 0
            },
            {
                "id": "764218009",
                "count": 0
            },
            {
                "id": "61562211158190",
                "count": 0
            },
            {
                "id": "61562468907763",
                "count": 0
            },
            {
                "id": "61562957031924",
                "count": 0
            },
            {
                "id": "100000435192353",
                "count": 0
            },
            {
                "id": "100003133525251",
                "count": 0
            },
            {
                "id": "61560496558238",
                "count": 0
            },
            {
                "id": "61560407583530",
                "count": 0
            },
            {
                "id": "61562495816778",
                "count": 0
            },
            {
                "id": "61562299303915",
                "count": 0
            },
            {
                "id": "61561171259534",
                "count": 0
            },
            {
                "id": "61562206563697",
                "count": 0
            },
            {
                "id": "61563454850537",
                "count": 0
            },
            {
                "id": "61550536127381",
                "count": 0
            },
            {
                "id": "100084035917282",
                "count": 0
            },
            {
                "id": "61560392341264",
                "count": 0
            },
            {
                "id": "100089281770842",
                "count": 0
            },
            {
                "id": "61561601624319",
                "count": 0
            },
            {
                "id": "61552481596737",
                "count": 0
            },
            {
                "id": "61560118331700",
                "count": 0
            },
            {
                "id": "100088577864287",
                "count": 0
            },
            {
                "id": "100088171699176",
                "count": 0
            }
        ]
    }
}