{
    "total": [
        {
            "id": "100068009795358",
            "count": 178
        },
        {
            "id": "100069864945865",
            "count": 168
        },
        {
            "id": "100082329843728",
            "count": 42
        },
        {
            "id": "100085073240621",
            "count": 80
        },
        {
            "id": "100081308743272",
            "count": 89
        },
        {
            "id": "100018088576695",
            "count": 0
        },
        {
            "id": "589579718",
            "count": 2
        },
        {
            "id": "100094648899639",
            "count": 0
        },
        {
            "id": "61556666968083",
            "count": 105
        }
    ],
    "week": [
        {
            "id": "100068009795358",
            "count": 69,
            "name": "Hoàng Duy Tân"
        },
        {
            "id": "100069864945865",
            "count": 19,
            "name": "Đặng Văn Lịnh"
        },
        {
            "id": "100082329843728",
            "count": 41,
            "name": "Lê Thị Như Ý"
        },
        {
            "id": "100085073240621",
            "count": 7,
            "name": "Dang Gia Khanh"
        },
        {
            "id": "100081308743272",
            "count": 0,
            "name": "Bill Clinton ✔"
        },
        {
            "id": "100018088576695",
            "count": 0,
            "name": "Nguyen Thanh Loc"
        },
        {
            "id": "589579718",
            "count": 0,
            "name": "Duyy Tann"
        },
        {
            "id": "100094648899639",
            "count": 0,
            "name": "Người dùng Facebook"
        },
        {
            "id": "61556666968083",
            "count": 92,
            "name": "Gkhanhdz vcl"
        }
    ],
    "day": [
        {
            "id": "100068009795358",
            "count": 0,
            "name": "Hoàng Duy Tân"
        },
        {
            "id": "100069864945865",
            "count": 0,
            "name": "Đặng Văn Lịnh"
        },
        {
            "id": "100082329843728",
            "count": 0,
            "name": "Lê Thị Như Ý"
        },
        {
            "id": "100085073240621",
            "count": 0,
            "name": "Dang Gia Khanh"
        },
        {
            "id": "100081308743272",
            "count": 0,
            "name": "Bill Clinton ✔"
        },
        {
            "id": "100018088576695",
            "count": 0,
            "name": "Nguyen Thanh Loc"
        },
        {
            "id": "589579718",
            "count": 0,
            "name": "Duyy Tann"
        },
        {
            "id": "100094648899639",
            "count": 0,
            "name": "Người dùng Facebook"
        },
        {
            "id": "61556666968083",
            "count": 0,
            "name": "Gkhanhdz vcl"
        }
    ],
    "time": 0,
    "last": {
        "time": 0,
        "day": [
            {
                "id": "100068009795358",
                "count": 7,
                "name": "Hoàng Duy Tân"
            },
            {
                "id": "100069864945865",
                "count": 1,
                "name": "Đặng Văn Lịnh"
            },
            {
                "id": "100082329843728",
                "count": 0,
                "name": "Lê Thị Như Ý"
            },
            {
                "id": "100085073240621",
                "count": 0,
                "name": "Dang Gia Khanh"
            },
            {
                "id": "100081308743272",
                "count": 0,
                "name": "Bill Clinton ✔"
            },
            {
                "id": "100018088576695",
                "count": 0,
                "name": "Nguyen Thanh Loc"
            },
            {
                "id": "589579718",
                "count": 0,
                "name": "Duyy Tann"
            },
            {
                "id": "100094648899639",
                "count": 0,
                "name": "Người dùng Facebook"
            },
            {
                "id": "61556666968083",
                "count": 2,
                "name": "Gkhanhdz vcl"
            }
        ],
        "week": [
            {
                "id": "100068009795358",
                "count": 106,
                "name": "Hoàng Duy Tân"
            },
            {
                "id": "100069864945865",
                "count": 136,
                "name": "Đặng Văn Lịnh"
            },
            {
                "id": "100082329843728",
                "count": 1,
                "name": "Lê Thị Như Ý"
            },
            {
                "id": "100085073240621",
                "count": 60,
                "name": "Dang Gia Khanh"
            },
            {
                "id": "61558630156400",
                "count": 0,
                "name": "Lorex Ai"
            },
            {
                "id": "61554118325543",
                "count": 0,
                "name": "Nguyễn Trung Huy"
            },
            {
                "id": "61554838161306",
                "count": 1,
                "name": "NgThanh Thuý Hiền"
            },
            {
                "id": "61559049601341",
                "count": 0,
                "name": "Anh Lan"
            },
            {
                "id": "100079027159606",
                "count": 10,
                "name": "Nguyễn Trung"
            },
            {
                "id": "100044751316259",
                "count": 0,
                "name": "Dương Gia Bảo"
            },
            {
                "id": "100081308743272",
                "count": 78,
                "name": "Bill Clinton ✔"
            },
            {
                "id": "100070380617746",
                "count": 0,
                "name": "Nguyễn Ng Thanh Sang"
            },
            {
                "id": "100041105450808",
                "count": 1,
                "name": "MaiLinh Ng"
            },
            {
                "id": "61560411854773",
                "count": 0,
                "name": "Bông Nguyễn"
            },
            {
                "id": "100076253363261",
                "count": 0,
                "name": "Người dùng Facebook"
            },
            {
                "id": "61552495317063",
                "count": 0,
                "name": "Người dùng Facebook"
            },
            {
                "id": "100090859886743",
                "count": 0,
                "name": "Cn Mel Ki Te"
            },
            {
                "id": "100088278919391",
                "count": 0,
                "name": "Phương Thuỳ"
            },
            {
                "id": "100018088576695",
                "count": 0,
                "name": "Nguyen Thanh Loc"
            },
            {
                "id": "100082809943982",
                "count": 0,
                "name": "Tiến Dũng"
            },
            {
                "id": "61553894292585",
                "count": 0,
                "name": "Ng Phuong Anh"
            },
            {
                "id": "61551306389650",
                "count": 0,
                "name": "Người dùng Facebook"
            },
            {
                "id": "100094066556091",
                "count": 0,
                "name": "Bảo Nhi"
            },
            {
                "id": "61559946601454",
                "count": 3,
                "name": "Công Phạm"
            },
            {
                "id": "589579718",
                "count": 2,
                "name": "Duyy Tann"
            },
            {
                "id": "61551123990395",
                "count": 1,
                "name": "Quốc Khánh"
            },
            {
                "id": "100089033040313",
                "count": 6,
                "name": "Nguyễn Đức Toàn"
            },
            {
                "id": "61561242374354",
                "count": 1,
                "name": "ᶻz︒　ィ meo　٭　ˎˊ"
            },
            {
                "id": "100077026869574",
                "count": 0,
                "name": "Người dùng Facebook"
            },
            {
                "id": "61556331459073",
                "count": 1,
                "name": "Nguyễn Thành Phúc"
            },
            {
                "id": "61553638626966",
                "count": 0,
                "name": "Sun Moon"
            },
            {
                "id": "100087659527478",
                "count": 100,
                "name": "Xuân Bách"
            },
            {
                "id": "100094648899639",
                "count": 0,
                "name": "Người dùng Facebook"
            },
            {
                "id": "61556666968083",
                "count": 13,
                "name": "Gkhanhdz vcl"
            },
            {
                "id": "61550595215938",
                "count": 0
            },
            {
                "id": "100066544365480",
                "count": 0
            }
        ]
    }
}