{
    "total": [
        {
            "id": "100088813517047",
            "count": 0
        },
        {
            "id": "100091921995806",
            "count": 47
        },
        {
            "id": "100094259287865",
            "count": 1
        },
        {
            "id": "100004752336149",
            "count": 40
        }
    ],
    "week": [
        {
            "id": "100088813517047",
            "count": 0
        },
        {
            "id": "100091921995806",
            "count": 47
        },
        {
            "id": "100094259287865",
            "count": 1
        },
        {
            "id": "100004752336149",
            "count": 40
        }
    ],
    "day": [
        {
            "id": "100088813517047",
            "count": 0,
            "name": "Người dùng facebook"
        },
        {
            "id": "100091921995806",
            "count": 0,
            "name": "Nguyen Phuong Anh"
        },
        {
            "id": "100094259287865",
            "count": 0,
            "name": "Người dùng facebook"
        },
        {
            "id": "100004752336149",
            "count": 0,
            "name": "Dang Gia Khanh"
        }
    ],
    "time": 0,
    "last": {
        "time": 1,
        "day": [
            {
                "id": "100088813517047",
                "count": 0,
                "name": "Người dùng facebook"
            },
            {
                "id": "100091921995806",
                "count": 0,
                "name": "Nguyen Phuong Anh"
            },
            {
                "id": "100094259287865",
                "count": 0,
                "name": "Người dùng facebook"
            },
            {
                "id": "100004752336149",
                "count": 0,
                "name": "Dang Gia Khanh"
            }
        ],
        "week": [
            {
                "id": "100088813517047",
                "count": 0
            },
            {
                "id": "100091921995806",
                "count": 0
            },
            {
                "id": "100094259287865",
                "count": 0
            },
            {
                "id": "100085065916104",
                "count": 0
            },
            {
                "id": "100008166858665",
                "count": 0
            },
            {
                "id": "100004752336149",
                "count": 0
            },
            {
                "id": "61561336433951",
                "count": 0
            }
        ]
    }
}