{
    "total": [
        {
            "id": "61559832402512",
            "count": 65
        },
        {
            "id": "100089033040313",
            "count": 57
        },
        {
            "id": "100077026869574",
            "count": 0
        },
        {
            "id": "61556894156849",
            "count": 25
        },
        {
            "id": "100004752336149",
            "count": 29
        }
    ],
    "week": [
        {
            "id": "61559832402512",
            "count": 0,
            "name": " 友人 が 子 猫 を 拾 っ て き た ん だ け ど 、 ぐ う か わ す ぎ る。"
        },
        {
            "id": "100089033040313",
            "count": 0,
            "name": "Nguyễn Đức Toàn"
        },
        {
            "id": "100077026869574",
            "count": 0,
            "name": "Người dùng Facebook"
        },
        {
            "id": "61556894156849",
            "count": 0,
            "name": "Em dạo này ổn không Còn đi làm ở công ty cũ Còn đi sớm về hôm nhưng mà đồng lương vẫn không khi đủ Đồng nghiệp của em thế nào trong thang máy có chào với nhau "
        },
        {
            "id": "100004752336149",
            "count": 0,
            "name": "Dang Gia Khanh"
        }
    ],
    "day": [
        {
            "id": "61559832402512",
            "count": 0,
            "name": " 友人 が 子 猫 を 拾 っ て き た ん だ け ど 、 ぐ う か わ す ぎ る。"
        },
        {
            "id": "100089033040313",
            "count": 0,
            "name": "Nguyễn Đức Toàn"
        },
        {
            "id": "100077026869574",
            "count": 0,
            "name": "Người dùng Facebook"
        },
        {
            "id": "61556894156849",
            "count": 0,
            "name": "Em dạo này ổn không Còn đi làm ở công ty cũ Còn đi sớm về hôm nhưng mà đồng lương vẫn không khi đủ Đồng nghiệp của em thế nào trong thang máy có chào với nhau "
        },
        {
            "id": "100004752336149",
            "count": 0,
            "name": "Dang Gia Khanh"
        }
    ],
    "time": 0,
    "last": {
        "time": 5,
        "day": [
            {
                "id": "61559832402512",
                "count": 0,
                "name": " 友人 が 子 猫 を 拾 っ て き た ん だ け ど 、 ぐ う か わ す ぎ る。"
            },
            {
                "id": "100089033040313",
                "count": 0,
                "name": "Nguyễn Đức Toàn"
            },
            {
                "id": "100077026869574",
                "count": 0,
                "name": "Người dùng Facebook"
            },
            {
                "id": "61556894156849",
                "count": 0,
                "name": "Em dạo này ổn không Còn đi làm ở công ty cũ Còn đi sớm về hôm nhưng mà đồng lương vẫn không khi đủ Đồng nghiệp của em thế nào trong thang máy có chào với nhau "
            },
            {
                "id": "100004752336149",
                "count": 0,
                "name": "Dang Gia Khanh"
            }
        ],
        "week": [
            {
                "id": "61559832402512",
                "count": 65,
                "name": " 友人 が 子 猫 を 拾 っ て き た ん だ け ど 、 ぐ う か わ す ぎ る。"
            },
            {
                "id": "100089033040313",
                "count": 57,
                "name": "Nguyễn Đức Toàn"
            },
            {
                "id": "100077026869574",
                "count": 0,
                "name": "Người dùng Facebook"
            },
            {
                "id": "61556894156849",
                "count": 25,
                "name": "Em dạo này ổn không Còn đi làm ở công ty cũ Còn đi sớm về hôm nhưng mà đồng lương vẫn không khi đủ Đồng nghiệp của em thế nào trong thang máy có chào với nhau "
            },
            {
                "id": "100004752336149",
                "count": 29,
                "name": "Dang Gia Khanh"
            }
        ]
    }
}