{
    "total": [
        {
            "id": "100090091872388",
            "count": 322
        },
        {
            "id": "61559516499913",
            "count": 31
        },
        {
            "id": "100079992417611",
            "count": 72
        },
        {
            "id": "100012833433759",
            "count": 6
        },
        {
            "id": "61556666968083",
            "count": 1239
        },
        {
            "id": "61561368861584",
            "count": 122
        },
        {
            "id": "100043744083597",
            "count": 18
        },
        {
            "id": "61555393023592",
            "count": 0
        },
        {
            "id": "61557453122196",
            "count": 72
        },
        {
            "id": "100092723114198",
            "count": 4
        },
        {
            "id": "100060294171439",
            "count": 0
        },
        {
            "id": "100072363950710",
            "count": 10
        },
        {
            "id": "61555746856533",
            "count": 4
        },
        {
            "id": "61556894156849",
            "count": 521
        },
        {
            "id": "100093660079102",
            "count": 0
        },
        {
            "id": "100090885681271",
            "count": 0
        }
    ],
    "week": [
        {
            "id": "100090091872388",
            "count": 0,
            "name": "Huỳnh Hân"
        },
        {
            "id": "61559516499913",
            "count": 0,
            "name": "Nguyễn Thái Dương"
        },
        {
            "id": "100079992417611",
            "count": 0,
            "name": "Người dùng facebook"
        },
        {
            "id": "100012833433759",
            "count": 0,
            "name": "Lê Hậu"
        },
        {
            "id": "61556666968083",
            "count": 0,
            "name": "Gkhanhdz vcl"
        },
        {
            "id": "61561368861584",
            "count": 0,
            "name": "Hoàng Long"
        },
        {
            "id": "100043744083597",
            "count": 0,
            "name": "Người dùng facebook"
        },
        {
            "id": "61555393023592",
            "count": 0,
            "name": "Người dùng facebook"
        },
        {
            "id": "61557453122196",
            "count": 0,
            "name": "Hà My Hay Suy"
        },
        {
            "id": "100092723114198",
            "count": 0,
            "name": "Nguyen Nhat"
        },
        {
            "id": "100060294171439",
            "count": 0,
            "name": "Người dùng facebook"
        },
        {
            "id": "100072363950710",
            "count": 0,
            "name": "Nguyễn Thị Thu Trang"
        },
        {
            "id": "61555746856533",
            "count": 0,
            "name": "Kiều Trang"
        },
        {
            "id": "61556894156849",
            "count": 0,
            "name": "Em dạo này ổn không Còn đi làm ở công ty cũ Còn đi sớm về hôm nhưng mà đồng lương vẫn không khi đủ Đồng nghiệp của em thế nào trong thang máy có chào với nhau "
        },
        {
            "id": "100093660079102",
            "count": 0,
            "name": "Người dùng facebook"
        },
        {
            "id": "100090885681271",
            "count": 0,
            "name": "Người dùng facebook"
        }
    ],
    "day": [
        {
            "id": "100090091872388",
            "count": 0,
            "name": "Huỳnh Hân"
        },
        {
            "id": "61559516499913",
            "count": 0,
            "name": "Nguyễn Thái Dương"
        },
        {
            "id": "100079992417611",
            "count": 0,
            "name": "Người dùng facebook"
        },
        {
            "id": "100012833433759",
            "count": 0,
            "name": "Lê Hậu"
        },
        {
            "id": "61556666968083",
            "count": 0,
            "name": "Gkhanhdz vcl"
        },
        {
            "id": "61561368861584",
            "count": 0,
            "name": "Hoàng Long"
        },
        {
            "id": "100043744083597",
            "count": 0,
            "name": "Người dùng facebook"
        },
        {
            "id": "61555393023592",
            "count": 0,
            "name": "Người dùng facebook"
        },
        {
            "id": "61557453122196",
            "count": 0,
            "name": "Hà My Hay Suy"
        },
        {
            "id": "100092723114198",
            "count": 0,
            "name": "Nguyen Nhat"
        },
        {
            "id": "100060294171439",
            "count": 0,
            "name": "Người dùng facebook"
        },
        {
            "id": "100072363950710",
            "count": 0,
            "name": "Nguyễn Thị Thu Trang"
        },
        {
            "id": "61555746856533",
            "count": 0,
            "name": "Kiều Trang"
        },
        {
            "id": "61556894156849",
            "count": 0,
            "name": "Em dạo này ổn không Còn đi làm ở công ty cũ Còn đi sớm về hôm nhưng mà đồng lương vẫn không khi đủ Đồng nghiệp của em thế nào trong thang máy có chào với nhau "
        },
        {
            "id": "100093660079102",
            "count": 0,
            "name": "Người dùng facebook"
        },
        {
            "id": "100090885681271",
            "count": 0,
            "name": "Người dùng facebook"
        }
    ],
    "time": 0,
    "last": {
        "time": 3,
        "day": [
            {
                "id": "100090091872388",
                "count": 0,
                "name": "Huỳnh Hân"
            },
            {
                "id": "61559516499913",
                "count": 0,
                "name": "Nguyễn Thái Dương"
            },
            {
                "id": "100079992417611",
                "count": 0,
                "name": "Người dùng facebook"
            },
            {
                "id": "100012833433759",
                "count": 0,
                "name": "Lê Hậu"
            },
            {
                "id": "61556666968083",
                "count": 0,
                "name": "Gkhanhdz vcl"
            },
            {
                "id": "61561368861584",
                "count": 0,
                "name": "Hoàng Long"
            },
            {
                "id": "100043744083597",
                "count": 0,
                "name": "Người dùng facebook"
            },
            {
                "id": "61555393023592",
                "count": 0,
                "name": "Người dùng facebook"
            },
            {
                "id": "61557453122196",
                "count": 0,
                "name": "Hà My Hay Suy"
            },
            {
                "id": "100092723114198",
                "count": 0,
                "name": "Nguyen Nhat"
            },
            {
                "id": "100060294171439",
                "count": 0,
                "name": "Người dùng facebook"
            },
            {
                "id": "100072363950710",
                "count": 0,
                "name": "Nguyễn Thị Thu Trang"
            },
            {
                "id": "61555746856533",
                "count": 0,
                "name": "Kiều Trang"
            },
            {
                "id": "61556894156849",
                "count": 0,
                "name": "Em dạo này ổn không Còn đi làm ở công ty cũ Còn đi sớm về hôm nhưng mà đồng lương vẫn không khi đủ Đồng nghiệp của em thế nào trong thang máy có chào với nhau "
            },
            {
                "id": "100093660079102",
                "count": 0,
                "name": "Người dùng facebook"
            },
            {
                "id": "100090885681271",
                "count": 0,
                "name": "Người dùng facebook"
            }
        ],
        "week": [
            {
                "id": "100090091872388",
                "count": 0,
                "name": "Huỳnh Hân"
            },
            {
                "id": "61559516499913",
                "count": 0,
                "name": "Nguyễn Thái Dương"
            },
            {
                "id": "100079992417611",
                "count": 0,
                "name": "Người dùng facebook"
            },
            {
                "id": "100012833433759",
                "count": 0,
                "name": "Lê Hậu"
            },
            {
                "id": "61556666968083",
                "count": 1,
                "name": "Gkhanhdz vcl"
            },
            {
                "id": "61561368861584",
                "count": 0,
                "name": "Hoàng Long"
            },
            {
                "id": "100043744083597",
                "count": 0,
                "name": "Người dùng facebook"
            },
            {
                "id": "61555393023592",
                "count": 0,
                "name": "Người dùng facebook"
            },
            {
                "id": "61557453122196",
                "count": 0,
                "name": "Hà My Hay Suy"
            },
            {
                "id": "100092723114198",
                "count": 0,
                "name": "Nguyen Nhat"
            },
            {
                "id": "100060294171439",
                "count": 0,
                "name": "Người dùng facebook"
            },
            {
                "id": "100072363950710",
                "count": 0,
                "name": "Nguyễn Thị Thu Trang"
            },
            {
                "id": "61555746856533",
                "count": 0,
                "name": "Kiều Trang"
            },
            {
                "id": "61556894156849",
                "count": 0,
                "name": "Em dạo này ổn không Còn đi làm ở công ty cũ Còn đi sớm về hôm nhưng mà đồng lương vẫn không khi đủ Đồng nghiệp của em thế nào trong thang máy có chào với nhau "
            },
            {
                "id": "100093660079102",
                "count": 0,
                "name": "Người dùng facebook"
            },
            {
                "id": "100090885681271",
                "count": 0,
                "name": "Người dùng facebook"
            }
        ]
    }
}