{
    "total": [
        {
            "id": "100092835228141",
            "count": 0
        },
        {
            "id": "100079978599529",
            "count": 0
        },
        {
            "id": "61550202793540",
            "count": 12
        },
        {
            "id": "100053064575571",
            "count": 5
        },
        {
            "id": "100051444886836",
            "count": 42
        },
        {
            "id": "100060013296883",
            "count": 80
        },
        {
            "id": "100054326833689",
            "count": 0
        },
        {
            "id": "100059680812152",
            "count": 0
        },
        {
            "id": "100088336562580",
            "count": 1
        },
        {
            "id": "100043222719250",
            "count": 0
        },
        {
            "id": "100093211953381",
            "count": 0
        },
        {
            "id": "100051275413699",
            "count": 11
        },
        {
            "id": "100084723154303",
            "count": 0
        },
        {
            "id": "100059757032732",
            "count": 0
        },
        {
            "id": "61559744110223",
            "count": 0
        },
        {
            "id": "61559876945108",
            "count": 0
        },
        {
            "id": "61559199307538",
            "count": 0
        },
        {
            "id": "100091356283847",
            "count": 0
        },
        {
            "id": "100091247604561",
            "count": 2
        },
        {
            "id": "100081675679639",
            "count": 0
        },
        {
            "id": "61550987511731",
            "count": 0
        },
        {
            "id": "61558642474574",
            "count": 199
        },
        {
            "id": "100067187813684",
            "count": 0
        },
        {
            "id": "100077020085010",
            "count": 0
        },
        {
            "id": "100077967924509",
            "count": 0
        },
        {
            "id": "100090632870778",
            "count": 0
        },
        {
            "id": "100075964366251",
            "count": 0
        },
        {
            "id": "100034646449717",
            "count": 0
        },
        {
            "id": "100092213490161",
            "count": 0
        },
        {
            "id": "100083463677087",
            "count": 0
        },
        {
            "id": "100017946612506",
            "count": 0
        },
        {
            "id": "100088188494776",
            "count": 0
        },
        {
            "id": "61556528260598",
            "count": 11
        },
        {
            "id": "61550976489388",
            "count": 3
        },
        {
            "id": "100047870110891",
            "count": 47
        },
        {
            "id": "100076545782911",
            "count": 18
        },
        {
            "id": "100052734706273",
            "count": 8
        },
        {
            "id": "61557224263039",
            "count": 4
        },
        {
            "id": "61551507231813",
            "count": 79
        },
        {
            "id": "61551087987971",
            "count": 7
        },
        {
            "id": "100084000564805",
            "count": 0
        },
        {
            "id": "61551129388024",
            "count": 12
        },
        {
            "id": "61555896249934",
            "count": 7
        },
        {
            "id": "61558630352170",
            "count": 19
        },
        {
            "id": "61560275856833",
            "count": 1
        },
        {
            "id": "100037625325049",
            "count": 0
        },
        {
            "id": "61556096007363",
            "count": 18
        },
        {
            "id": "100087499662426",
            "count": 1
        },
        {
            "id": "100087617360201",
            "count": 0
        },
        {
            "id": "100018421426302",
            "count": 12
        },
        {
            "id": "100081502627988",
            "count": 0
        },
        {
            "id": "100083037042929",
            "count": 331
        },
        {
            "id": "100066370937455",
            "count": 0
        },
        {
            "id": "100008803986524",
            "count": 0
        },
        {
            "id": "100092512598568",
            "count": 0
        },
        {
            "id": "100075315008067",
            "count": 0
        },
        {
            "id": "61556133269194",
            "count": 0
        },
        {
            "id": "100088909450851",
            "count": 0
        },
        {
            "id": "61556666968083",
            "count": 357
        },
        {
            "id": "100086467230743",
            "count": 0
        },
        {
            "id": "100087081248423",
            "count": 52
        },
        {
            "id": "100022730893871",
            "count": 0
        },
        {
            "id": "100040368009433",
            "count": 0
        },
        {
            "id": "61552825213862",
            "count": 9
        },
        {
            "id": "100078287576392",
            "count": 21
        },
        {
            "id": "61550004758857",
            "count": 0
        },
        {
            "id": "61555991367233",
            "count": 0
        },
        {
            "id": "100079185345680",
            "count": 0
        },
        {
            "id": "61556510465614",
            "count": 1
        },
        {
            "id": "100080268109947",
            "count": 1
        },
        {
            "id": "100081998210746",
            "count": 0
        },
        {
            "id": "100079324749613",
            "count": 0
        },
        {
            "id": "61551987536562",
            "count": 29
        },
        {
            "id": "100076997396323",
            "count": 0
        },
        {
            "id": "61556912254012",
            "count": 1
        },
        {
            "id": "100057208910554",
            "count": 0
        },
        {
            "id": "100050180901076",
            "count": 0
        },
        {
            "id": "100057699948349",
            "count": 2
        },
        {
            "id": "100010955358359",
            "count": 0
        },
        {
            "id": "100085470555811",
            "count": 0
        },
        {
            "id": "100010863277732",
            "count": 0
        },
        {
            "id": "100075349429392",
            "count": 4
        },
        {
            "id": "100084250236845",
            "count": 0
        },
        {
            "id": "100085812832486",
            "count": 0
        },
        {
            "id": "100039063856405",
            "count": 0
        },
        {
            "id": "100081522430685",
            "count": 4
        },
        {
            "id": "100080254775628",
            "count": 1
        },
        {
            "id": "100025619040570",
            "count": 0
        },
        {
            "id": "100076630037737",
            "count": 11
        },
        {
            "id": "61554232534637",
            "count": 0
        },
        {
            "id": "100083316812470",
            "count": 0
        },
        {
            "id": "100075828728736",
            "count": 0
        },
        {
            "id": "61554163236453",
            "count": 0
        },
        {
            "id": "100080652760410",
            "count": 0
        },
        {
            "id": "61560507131182",
            "count": 0
        },
        {
            "id": "100071661622935",
            "count": 0
        },
        {
            "id": "61554712401904",
            "count": 0
        },
        {
            "id": "61558730773288",
            "count": 0
        },
        {
            "id": "61557663514786",
            "count": 57
        },
        {
            "id": "100094229714691",
            "count": 0
        },
        {
            "id": "61552030020368",
            "count": 0
        },
        {
            "id": "100072511668345",
            "count": 0
        },
        {
            "id": "100054227564060",
            "count": 22
        },
        {
            "id": "100091541680764",
            "count": 0
        },
        {
            "id": "61555914156952",
            "count": 0
        },
        {
            "id": "100085005521297",
            "count": 0
        },
        {
            "id": "61550327271010",
            "count": 89
        },
        {
            "id": "100090425558282",
            "count": 273
        },
        {
            "id": "100082791649961",
            "count": 0
        },
        {
            "id": "100086267816520",
            "count": 57
        }
    ],
    "week": [
        {
            "id": "100092835228141",
            "count": 0,
            "name": "Người dùng Facebook"
        },
        {
            "id": "100079978599529",
            "count": 0,
            "name": "Tran Phuc"
        },
        {
            "id": "61550202793540",
            "count": 12,
            "name": "Nguyễn Cừu"
        },
        {
            "id": "100053064575571",
            "count": 5,
            "name": "Vũ Tú"
        },
        {
            "id": "100051444886836",
            "count": 35,
            "name": "Tấn Đạt"
        },
        {
            "id": "100060013296883",
            "count": 3,
            "name": "Tuấn Nghĩa"
        },
        {
            "id": "100054326833689",
            "count": 0,
            "name": "Tờ Hờ"
        },
        {
            "id": "100059680812152",
            "count": 0,
            "name": "Nguyễn Thị Thu Hoài"
        },
        {
            "id": "100088336562580",
            "count": 0,
            "name": "Nguyễn Hoàn"
        },
        {
            "id": "100043222719250",
            "count": 0,
            "name": "Tiến Đạt"
        },
        {
            "id": "100093211953381",
            "count": 0,
            "name": "Nguyễn Xuân Duy Khánh"
        },
        {
            "id": "100051275413699",
            "count": 10,
            "name": "Hoàn Đặng"
        },
        {
            "id": "100084723154303",
            "count": 0,
            "name": "Nguyễn Trí"
        },
        {
            "id": "100059757032732",
            "count": 0,
            "name": "Phùng Hà Trang"
        },
        {
            "id": "61559744110223",
            "count": 0,
            "name": "Đặng Gia Huyy"
        },
        {
            "id": "61559876945108",
            "count": 0,
            "name": "Nguyễn Ngọc Mai Hoa"
        },
        {
            "id": "61559199307538",
            "count": 0,
            "name": "Bu Thư Shank"
        },
        {
            "id": "100091356283847",
            "count": 0,
            "name": "Thw Nhae"
        },
        {
            "id": "100091247604561",
            "count": 2,
            "name": "Đạt Chè"
        },
        {
            "id": "100081675679639",
            "count": 0,
            "name": "Phương Văn Tiến"
        },
        {
            "id": "61550987511731",
            "count": 0,
            "name": "Kai Nguyễn"
        },
        {
            "id": "61558642474574",
            "count": 189,
            "name": "Trần Tài"
        },
        {
            "id": "100067187813684",
            "count": 0,
            "name": "Nguyễn Q.Anh"
        },
        {
            "id": "100077020085010",
            "count": 0,
            "name": "Khánhh Linhh"
        },
        {
            "id": "100077967924509",
            "count": 0,
            "name": "Nguyễn Hoàng Vũ"
        },
        {
            "id": "100090632870778",
            "count": 0,
            "name": "Bùi Cường"
        },
        {
            "id": "100075964366251",
            "count": 0,
            "name": "Carlos Villarreal Ovando"
        },
        {
            "id": "100034646449717",
            "count": 0,
            "name": "吳禹欣"
        },
        {
            "id": "100092213490161",
            "count": 0,
            "name": "Steve NoPro"
        },
        {
            "id": "100083463677087",
            "count": 0,
            "name": "Khoa Vũ"
        },
        {
            "id": "100017946612506",
            "count": 0,
            "name": "Law Traflgar"
        },
        {
            "id": "100088188494776",
            "count": 0,
            "name": "Quí Bửu San"
        },
        {
            "id": "61556528260598",
            "count": 11,
            "name": "Gia Haan"
        },
        {
            "id": "61550976489388",
            "count": 0,
            "name": "VHofng PhwThaoo"
        },
        {
            "id": "100047870110891",
            "count": 26,
            "name": "Mỹ Tuyết"
        },
        {
            "id": "100076545782911",
            "count": 12,
            "name": "Nguyễn Hữu Tuan Anh"
        },
        {
            "id": "100052734706273",
            "count": 6,
            "name": "Tran Hieu"
        },
        {
            "id": "61557224263039",
            "count": 4,
            "name": "Quang Minh"
        },
        {
            "id": "61551507231813",
            "count": 18,
            "name": "Lâm Thiên Dương"
        },
        {
            "id": "61551087987971",
            "count": 7,
            "name": "Trịnh Quang Hoàng Anh"
        },
        {
            "id": "100084000564805",
            "count": 0,
            "name": "Bạch Vô Nguyệt"
        },
        {
            "id": "61551129388024",
            "count": 12,
            "name": "Kien Bei Dz"
        },
        {
            "id": "61555896249934",
            "count": 7,
            "name": "Dạ Thảo"
        },
        {
            "id": "61558630352170",
            "count": 19,
            "name": "Trần Nam"
        },
        {
            "id": "61560275856833",
            "count": 1,
            "name": "Shank Bu Nhật"
        },
        {
            "id": "100037625325049",
            "count": 0,
            "name": "Nguyễn Duy"
        },
        {
            "id": "61556096007363",
            "count": 14,
            "name": "Minh Lê"
        },
        {
            "id": "100087499662426",
            "count": 1,
            "name": "Nguyễn Hưng"
        },
        {
            "id": "100087617360201",
            "count": 0,
            "name": "Huỳnh Bảo"
        },
        {
            "id": "100018421426302",
            "count": 9,
            "name": "Minh Lee"
        },
        {
            "id": "100081502627988",
            "count": 0,
            "name": "Đỗ Lê Quang"
        },
        {
            "id": "100083037042929",
            "count": 92,
            "name": "Gura Vô Diện"
        },
        {
            "id": "100066370937455",
            "count": 0,
            "name": "Mạnh Dũngg"
        },
        {
            "id": "100008803986524",
            "count": 0,
            "name": "Thanh Tuyết"
        },
        {
            "id": "100092512598568",
            "count": 0,
            "name": "Trần Bảo Lộc"
        },
        {
            "id": "100075315008067",
            "count": 0,
            "name": "Dino Thach"
        },
        {
            "id": "61556133269194",
            "count": 0,
            "name": "Đập Vỡ Kây Đàn"
        },
        {
            "id": "100088909450851",
            "count": 0,
            "name": "Nobo Dy"
        },
        {
            "id": "61556666968083",
            "count": 145,
            "name": "Gkhanhdz vcl"
        },
        {
            "id": "100086467230743",
            "count": 0,
            "name": "Long Lê"
        },
        {
            "id": "100087081248423",
            "count": 0,
            "name": "Putin Cte"
        },
        {
            "id": "100022730893871",
            "count": 0,
            "name": "Người dùng facebook"
        },
        {
            "id": "100040368009433",
            "count": 0,
            "name": "Nguyễn Khang"
        },
        {
            "id": "61552825213862",
            "count": 6,
            "name": "Phạm Đình An"
        },
        {
            "id": "100078287576392",
            "count": 9,
            "name": "Mén Awa Awa"
        },
        {
            "id": "61550004758857",
            "count": 0,
            "name": "Người dùng facebook"
        },
        {
            "id": "61555991367233",
            "count": 0,
            "name": "Người dùng facebook"
        },
        {
            "id": "100079185345680",
            "count": 0,
            "name": "Người dùng facebook"
        },
        {
            "id": "61556510465614",
            "count": 1,
            "name": "Người dùng facebook"
        },
        {
            "id": "100080268109947",
            "count": 0,
            "name": "Tlf Minh"
        },
        {
            "id": "100081998210746",
            "count": 0,
            "name": "Người dùng facebook"
        },
        {
            "id": "100079324749613",
            "count": 0,
            "name": "Người dùng facebook"
        },
        {
            "id": "61551987536562",
            "count": 28,
            "name": "Nguyễn Phan Nhật Tân"
        },
        {
            "id": "100076997396323",
            "count": 0,
            "name": "Người dùng facebook"
        },
        {
            "id": "61556912254012",
            "count": 0,
            "name": "Bùi Tiến"
        },
        {
            "id": "100057208910554",
            "count": 0,
            "name": "Người dùng facebook"
        },
        {
            "id": "100050180901076",
            "count": 0,
            "name": "Người dùng facebook"
        },
        {
            "id": "100057699948349",
            "count": 2,
            "name": "Người dùng facebook"
        },
        {
            "id": "100010955358359",
            "count": 0,
            "name": "Người dùng facebook"
        },
        {
            "id": "100085470555811",
            "count": 0,
            "name": "Người dùng facebook"
        },
        {
            "id": "100010863277732",
            "count": 0,
            "name": "Người dùng facebook"
        },
        {
            "id": "100075349429392",
            "count": 0,
            "name": "Nguyễn Ap"
        },
        {
            "id": "100084250236845",
            "count": 0,
            "name": "Người dùng facebook"
        },
        {
            "id": "100085812832486",
            "count": 0,
            "name": "Người dùng facebook"
        },
        {
            "id": "100039063856405",
            "count": 0,
            "name": "Người dùng facebook"
        },
        {
            "id": "100081522430685",
            "count": 4,
            "name": "Người dùng facebook"
        },
        {
            "id": "100080254775628",
            "count": 1,
            "name": "Người dùng facebook"
        },
        {
            "id": "100025619040570",
            "count": 0,
            "name": "Người dùng facebook"
        },
        {
            "id": "100076630037737",
            "count": 11
        },
        {
            "id": "61554232534637",
            "count": 0
        },
        {
            "id": "100083316812470",
            "count": 0
        },
        {
            "id": "100075828728736",
            "count": 0
        },
        {
            "id": "61554163236453",
            "count": 0
        },
        {
            "id": "100080652760410",
            "count": 0
        },
        {
            "id": "61560507131182",
            "count": 0
        },
        {
            "id": "100071661622935",
            "count": 0
        },
        {
            "id": "61554712401904",
            "count": 0
        },
        {
            "id": "61558730773288",
            "count": 0
        },
        {
            "id": "61557663514786",
            "count": 57
        },
        {
            "id": "100094229714691",
            "count": 0
        },
        {
            "id": "61552030020368",
            "count": 0
        },
        {
            "id": "100072511668345",
            "count": 0
        },
        {
            "id": "100054227564060",
            "count": 22
        },
        {
            "id": "100091541680764",
            "count": 0
        },
        {
            "id": "61555914156952",
            "count": 0
        },
        {
            "id": "100085005521297",
            "count": 0
        },
        {
            "id": "61550327271010",
            "count": 89
        },
        {
            "id": "100090425558282",
            "count": 273
        },
        {
            "id": "100082791649961",
            "count": 0
        },
        {
            "id": "100086267816520",
            "count": 57
        }
    ],
    "day": [
        {
            "id": "100092835228141",
            "count": 0,
            "name": "Người dùng Facebook"
        },
        {
            "id": "100079978599529",
            "count": 0,
            "name": "Tran Phuc"
        },
        {
            "id": "61550202793540",
            "count": 0,
            "name": "Nguyễn Cừu"
        },
        {
            "id": "100053064575571",
            "count": 0,
            "name": "Vũ Tú"
        },
        {
            "id": "100051444886836",
            "count": 0,
            "name": "Tấn Đạt"
        },
        {
            "id": "100060013296883",
            "count": 0,
            "name": "Tuấn Nghĩa"
        },
        {
            "id": "100054326833689",
            "count": 0,
            "name": "Tờ Hờ"
        },
        {
            "id": "100059680812152",
            "count": 0,
            "name": "Nguyễn Thị Thu Hoài"
        },
        {
            "id": "100088336562580",
            "count": 0,
            "name": "Nguyễn Hoàn"
        },
        {
            "id": "100043222719250",
            "count": 0,
            "name": "Tiến Đạt"
        },
        {
            "id": "100093211953381",
            "count": 0,
            "name": "Nguyễn Xuân Duy Khánh"
        },
        {
            "id": "100051275413699",
            "count": 0,
            "name": "Hoàn Đặng"
        },
        {
            "id": "100084723154303",
            "count": 0,
            "name": "Nguyễn Trí"
        },
        {
            "id": "100059757032732",
            "count": 0,
            "name": "Phùng Hà Trang"
        },
        {
            "id": "61559744110223",
            "count": 0,
            "name": "Đặng Gia Huyy"
        },
        {
            "id": "61559876945108",
            "count": 0,
            "name": "Nguyễn Ngọc Mai Hoa"
        },
        {
            "id": "61559199307538",
            "count": 0,
            "name": "Bu Thư Shank"
        },
        {
            "id": "100091356283847",
            "count": 0,
            "name": "Thw Nhae"
        },
        {
            "id": "100091247604561",
            "count": 0,
            "name": "Đạt Chè"
        },
        {
            "id": "100081675679639",
            "count": 0,
            "name": "Phương Văn Tiến"
        },
        {
            "id": "61550987511731",
            "count": 0,
            "name": "Kai Nguyễn"
        },
        {
            "id": "61558642474574",
            "count": 0,
            "name": "Trần Tài"
        },
        {
            "id": "100067187813684",
            "count": 0,
            "name": "Nguyễn Q.Anh"
        },
        {
            "id": "100077020085010",
            "count": 0,
            "name": "Khánhh Linhh"
        },
        {
            "id": "100077967924509",
            "count": 0,
            "name": "Nguyễn Hoàng Vũ"
        },
        {
            "id": "100090632870778",
            "count": 0,
            "name": "Bùi Cường"
        },
        {
            "id": "100075964366251",
            "count": 0,
            "name": "Carlos Villarreal Ovando"
        },
        {
            "id": "100034646449717",
            "count": 0,
            "name": "吳禹欣"
        },
        {
            "id": "100092213490161",
            "count": 0,
            "name": "Steve NoPro"
        },
        {
            "id": "100083463677087",
            "count": 0,
            "name": "Khoa Vũ"
        },
        {
            "id": "100017946612506",
            "count": 0,
            "name": "Law Traflgar"
        },
        {
            "id": "100088188494776",
            "count": 0,
            "name": "Quí Bửu San"
        },
        {
            "id": "61556528260598",
            "count": 0,
            "name": "Gia Haan"
        },
        {
            "id": "61550976489388",
            "count": 0,
            "name": "VHofng PhwThaoo"
        },
        {
            "id": "100047870110891",
            "count": 0,
            "name": "Mỹ Tuyết"
        },
        {
            "id": "100076545782911",
            "count": 0,
            "name": "Nguyễn Hữu Tuan Anh"
        },
        {
            "id": "100052734706273",
            "count": 0,
            "name": "Tran Hieu"
        },
        {
            "id": "61557224263039",
            "count": 0,
            "name": "Quang Minh"
        },
        {
            "id": "61551507231813",
            "count": 0,
            "name": "Lâm Thiên Dương"
        },
        {
            "id": "61551087987971",
            "count": 0,
            "name": "Trịnh Quang Hoàng Anh"
        },
        {
            "id": "100084000564805",
            "count": 0,
            "name": "Bạch Vô Nguyệt"
        },
        {
            "id": "61551129388024",
            "count": 0,
            "name": "Kien Bei Dz"
        },
        {
            "id": "61555896249934",
            "count": 0,
            "name": "Dạ Thảo"
        },
        {
            "id": "61558630352170",
            "count": 0,
            "name": "Trần Nam"
        },
        {
            "id": "61560275856833",
            "count": 0,
            "name": "Shank Bu Nhật"
        },
        {
            "id": "100037625325049",
            "count": 0,
            "name": "Nguyễn Duy"
        },
        {
            "id": "61556096007363",
            "count": 0,
            "name": "Minh Lê"
        },
        {
            "id": "100087499662426",
            "count": 0,
            "name": "Nguyễn Hưng"
        },
        {
            "id": "100087617360201",
            "count": 0,
            "name": "Huỳnh Bảo"
        },
        {
            "id": "100018421426302",
            "count": 0,
            "name": "Minh Lee"
        },
        {
            "id": "100081502627988",
            "count": 0,
            "name": "Đỗ Lê Quang"
        },
        {
            "id": "100083037042929",
            "count": 0,
            "name": "Gura Vô Diện"
        },
        {
            "id": "100066370937455",
            "count": 0,
            "name": "Mạnh Dũngg"
        },
        {
            "id": "100008803986524",
            "count": 0,
            "name": "Thanh Tuyết"
        },
        {
            "id": "100092512598568",
            "count": 0,
            "name": "Trần Bảo Lộc"
        },
        {
            "id": "100075315008067",
            "count": 0,
            "name": "Dino Thach"
        },
        {
            "id": "61556133269194",
            "count": 0,
            "name": "Đập Vỡ Kây Đàn"
        },
        {
            "id": "100088909450851",
            "count": 0,
            "name": "Nobo Dy"
        },
        {
            "id": "61556666968083",
            "count": 0,
            "name": "Gkhanhdz vcl"
        },
        {
            "id": "100086467230743",
            "count": 0,
            "name": "Long Lê"
        },
        {
            "id": "100087081248423",
            "count": 0,
            "name": "Putin Cte"
        },
        {
            "id": "100022730893871",
            "count": 0,
            "name": "Kyo Kusanagi"
        },
        {
            "id": "100040368009433",
            "count": 0,
            "name": "Nguyễn Khang"
        },
        {
            "id": "61552825213862",
            "count": 0,
            "name": "Phạm Đình An"
        },
        {
            "id": "100078287576392",
            "count": 0,
            "name": "Mén Awa Awa"
        },
        {
            "id": "61550004758857",
            "count": 0,
            "name": "Người dùng Facebook"
        },
        {
            "id": "61555991367233",
            "count": 0,
            "name": "Què Phát"
        },
        {
            "id": "100079185345680",
            "count": 0,
            "name": "Hiếu Phan"
        },
        {
            "id": "61556510465614",
            "count": 0,
            "name": "Nguyễn Hải"
        },
        {
            "id": "100080268109947",
            "count": 0,
            "name": "Tlf Minh"
        },
        {
            "id": "100081998210746",
            "count": 0,
            "name": "Khánh Nam"
        },
        {
            "id": "100079324749613",
            "count": 0,
            "name": "Ka Ka"
        },
        {
            "id": "61551987536562",
            "count": 0,
            "name": "Nguyễn Phan Nhật Tân"
        },
        {
            "id": "100076997396323",
            "count": 0,
            "name": "Nguyễn Trỗi"
        },
        {
            "id": "61556912254012",
            "count": 0,
            "name": "Bùi Tiến"
        },
        {
            "id": "100057208910554",
            "count": 0,
            "name": "Người dùng Facebook"
        },
        {
            "id": "100050180901076",
            "count": 0,
            "name": "Tao Đây Rất Hiền Gặp Ai Mông To Vú Bự Chỉ Biết Cầm Cặc Chạy Lại Và Đâm Và Tao Bị Buộc Tội Hiếp Dâm Vì Đã Sờ Lồn Em Loli Nhưng Tao Thật Sự Ko Có Làm Người Tao Sờ Là Một Con Khác Thế Là Tao Bị Bắt Vô Tù Ngồi Sáu Năm Trong Nhà Đá Con Cu Tao Muốn Ngã Quỵ Không Biết Bao Giờ Mới Được Ra Và Thấm Thoát Đã Mấy Năm Tao Chính Thức Được Ra Tù Cơ Thể Tao Ốm Nhom Gầy Gò Nhưng Sao Con Cu Tao Vẫn Ú Nu"
        },
        {
            "id": "100057699948349",
            "count": 0,
            "name": "Tên Anh Là Sadboy"
        },
        {
            "id": "100010955358359",
            "count": 0,
            "name": "Phùng Nhật Tân"
        },
        {
            "id": "100085470555811",
            "count": 0,
            "name": "Nguyễn Thị Ái My"
        },
        {
            "id": "100010863277732",
            "count": 0,
            "name": "Ngọc Huân"
        },
        {
            "id": "100075349429392",
            "count": 0,
            "name": "Nguyễn Ap"
        },
        {
            "id": "100084250236845",
            "count": 0,
            "name": "Tuấn Tú"
        },
        {
            "id": "100085812832486",
            "count": 0,
            "name": "Thanh Bình"
        },
        {
            "id": "100039063856405",
            "count": 0,
            "name": "Linh Xủi"
        },
        {
            "id": "100081522430685",
            "count": 0,
            "name": "Huy Gia"
        },
        {
            "id": "100080254775628",
            "count": 0,
            "name": "Trần Phong"
        },
        {
            "id": "100025619040570",
            "count": 0,
            "name": "Tiến Phát"
        },
        {
            "id": "100076630037737",
            "count": 0,
            "name": "Hoang Nguyen"
        },
        {
            "id": "61554232534637",
            "count": 0,
            "name": "Ha Lo"
        },
        {
            "id": "100083316812470",
            "count": 0,
            "name": "Hasagi Wibu"
        },
        {
            "id": "100075828728736",
            "count": 0,
            "name": "Duy Phan"
        },
        {
            "id": "61554163236453",
            "count": 0,
            "name": "Nado Ro"
        },
        {
            "id": "100080652760410",
            "count": 0,
            "name": "Huyền Như"
        },
        {
            "id": "61560507131182",
            "count": 0,
            "name": "Người dùng Facebook"
        },
        {
            "id": "100071661622935",
            "count": 0,
            "name": "Nguyễn An"
        },
        {
            "id": "61554712401904",
            "count": 0,
            "name": "Nguyễn Trải"
        },
        {
            "id": "61558730773288",
            "count": 0,
            "name": "Ng Thi"
        },
        {
            "id": "61557663514786",
            "count": 0,
            "name": "Hoàng Hiền"
        },
        {
            "id": "100094229714691",
            "count": 0,
            "name": "Thien Nguyen Duc"
        },
        {
            "id": "61552030020368",
            "count": 0,
            "name": "Shimoneta"
        },
        {
            "id": "100072511668345",
            "count": 0,
            "name": "Nguyen Hoang"
        },
        {
            "id": "100054227564060",
            "count": 0,
            "name": "Lưu Vũ"
        },
        {
            "id": "100091541680764",
            "count": 0,
            "name": "Nguyễn Hữu Tân"
        },
        {
            "id": "61555914156952",
            "count": 0,
            "name": "Người dùng facebook"
        },
        {
            "id": "100085005521297",
            "count": 0,
            "name": "Người dùng facebook"
        },
        {
            "id": "61550327271010",
            "count": 0,
            "name": "Bồ Khổng Luồi"
        },
        {
            "id": "100090425558282",
            "count": 0,
            "name": "Dino Sama"
        },
        {
            "id": "100082791649961",
            "count": 0,
            "name": "Người dùng facebook"
        },
        {
            "id": "100086267816520",
            "count": 0,
            "name": "Nàng Bân"
        }
    ],
    "time": 0,
    "last": {
        "time": 4,
        "day": [
            {
                "id": "100092835228141",
                "count": 0,
                "name": "Người dùng Facebook"
            },
            {
                "id": "100079978599529",
                "count": 0,
                "name": "Tran Phuc"
            },
            {
                "id": "61550202793540",
                "count": 0,
                "name": "Nguyễn Cừu"
            },
            {
                "id": "100053064575571",
                "count": 0,
                "name": "Vũ Tú"
            },
            {
                "id": "100051444886836",
                "count": 0,
                "name": "Tấn Đạt"
            },
            {
                "id": "100060013296883",
                "count": 0,
                "name": "Tuấn Nghĩa"
            },
            {
                "id": "100054326833689",
                "count": 0,
                "name": "Tờ Hờ"
            },
            {
                "id": "100059680812152",
                "count": 0,
                "name": "Nguyễn Thị Thu Hoài"
            },
            {
                "id": "100088336562580",
                "count": 0,
                "name": "Nguyễn Hoàn"
            },
            {
                "id": "100043222719250",
                "count": 0,
                "name": "Tiến Đạt"
            },
            {
                "id": "100093211953381",
                "count": 0,
                "name": "Nguyễn Xuân Duy Khánh"
            },
            {
                "id": "100051275413699",
                "count": 0,
                "name": "Hoàn Đặng"
            },
            {
                "id": "100084723154303",
                "count": 0,
                "name": "Nguyễn Trí"
            },
            {
                "id": "100059757032732",
                "count": 0,
                "name": "Phùng Hà Trang"
            },
            {
                "id": "61559744110223",
                "count": 0,
                "name": "Đặng Gia Huyy"
            },
            {
                "id": "61559876945108",
                "count": 0,
                "name": "Nguyễn Ngọc Mai Hoa"
            },
            {
                "id": "61559199307538",
                "count": 0,
                "name": "Bu Thư Shank"
            },
            {
                "id": "100091356283847",
                "count": 0,
                "name": "Thw Nhae"
            },
            {
                "id": "100091247604561",
                "count": 0,
                "name": "Đạt Chè"
            },
            {
                "id": "100081675679639",
                "count": 0,
                "name": "Phương Văn Tiến"
            },
            {
                "id": "61550987511731",
                "count": 0,
                "name": "Kai Nguyễn"
            },
            {
                "id": "61558642474574",
                "count": 0,
                "name": "Trần Tài"
            },
            {
                "id": "100067187813684",
                "count": 0,
                "name": "Nguyễn Q.Anh"
            },
            {
                "id": "100077020085010",
                "count": 0,
                "name": "Khánhh Linhh"
            },
            {
                "id": "100077967924509",
                "count": 0,
                "name": "Nguyễn Hoàng Vũ"
            },
            {
                "id": "100090632870778",
                "count": 0,
                "name": "Bùi Cường"
            },
            {
                "id": "100075964366251",
                "count": 0,
                "name": "Carlos Villarreal Ovando"
            },
            {
                "id": "100034646449717",
                "count": 0,
                "name": "吳禹欣"
            },
            {
                "id": "100092213490161",
                "count": 0,
                "name": "Steve NoPro"
            },
            {
                "id": "100083463677087",
                "count": 0,
                "name": "Khoa Vũ"
            },
            {
                "id": "100017946612506",
                "count": 0,
                "name": "Law Traflgar"
            },
            {
                "id": "100088188494776",
                "count": 0,
                "name": "Quí Bửu San"
            },
            {
                "id": "61556528260598",
                "count": 0,
                "name": "Gia Haan"
            },
            {
                "id": "61550976489388",
                "count": 0,
                "name": "VHofng PhwThaoo"
            },
            {
                "id": "100047870110891",
                "count": 0,
                "name": "Mỹ Tuyết"
            },
            {
                "id": "100076545782911",
                "count": 0,
                "name": "Nguyễn Hữu Tuan Anh"
            },
            {
                "id": "100052734706273",
                "count": 0,
                "name": "Tran Hieu"
            },
            {
                "id": "61557224263039",
                "count": 0,
                "name": "Quang Minh"
            },
            {
                "id": "61551507231813",
                "count": 0,
                "name": "Lâm Thiên Dương"
            },
            {
                "id": "61551087987971",
                "count": 0,
                "name": "Trịnh Quang Hoàng Anh"
            },
            {
                "id": "100084000564805",
                "count": 0,
                "name": "Bạch Vô Nguyệt"
            },
            {
                "id": "61551129388024",
                "count": 0,
                "name": "Kien Bei Dz"
            },
            {
                "id": "61555896249934",
                "count": 0,
                "name": "Dạ Thảo"
            },
            {
                "id": "61558630352170",
                "count": 0,
                "name": "Trần Nam"
            },
            {
                "id": "61560275856833",
                "count": 0,
                "name": "Shank Bu Nhật"
            },
            {
                "id": "100037625325049",
                "count": 0,
                "name": "Nguyễn Duy"
            },
            {
                "id": "61556096007363",
                "count": 0,
                "name": "Minh Lê"
            },
            {
                "id": "100087499662426",
                "count": 0,
                "name": "Nguyễn Hưng"
            },
            {
                "id": "100087617360201",
                "count": 0,
                "name": "Huỳnh Bảo"
            },
            {
                "id": "100018421426302",
                "count": 0,
                "name": "Minh Lee"
            },
            {
                "id": "100081502627988",
                "count": 0,
                "name": "Đỗ Lê Quang"
            },
            {
                "id": "100083037042929",
                "count": 0,
                "name": "Gura Vô Diện"
            },
            {
                "id": "100066370937455",
                "count": 0,
                "name": "Mạnh Dũngg"
            },
            {
                "id": "100008803986524",
                "count": 0,
                "name": "Thanh Tuyết"
            },
            {
                "id": "100092512598568",
                "count": 0,
                "name": "Trần Bảo Lộc"
            },
            {
                "id": "100075315008067",
                "count": 0,
                "name": "Dino Thach"
            },
            {
                "id": "61556133269194",
                "count": 0,
                "name": "Đập Vỡ Kây Đàn"
            },
            {
                "id": "100088909450851",
                "count": 0,
                "name": "Nobo Dy"
            },
            {
                "id": "61556666968083",
                "count": 0,
                "name": "Gkhanhdz vcl"
            },
            {
                "id": "100086467230743",
                "count": 0,
                "name": "Long Lê"
            },
            {
                "id": "100087081248423",
                "count": 0,
                "name": "Putin Cte"
            },
            {
                "id": "100022730893871",
                "count": 0,
                "name": "Kyo Kusanagi"
            },
            {
                "id": "100040368009433",
                "count": 0,
                "name": "Nguyễn Khang"
            },
            {
                "id": "61552825213862",
                "count": 0,
                "name": "Phạm Đình An"
            },
            {
                "id": "100078287576392",
                "count": 0,
                "name": "Mén Awa Awa"
            },
            {
                "id": "61550004758857",
                "count": 0,
                "name": "Người dùng Facebook"
            },
            {
                "id": "61555991367233",
                "count": 0,
                "name": "Què Phát"
            },
            {
                "id": "100079185345680",
                "count": 0,
                "name": "Hiếu Phan"
            },
            {
                "id": "61556510465614",
                "count": 0,
                "name": "Nguyễn Hải"
            },
            {
                "id": "100080268109947",
                "count": 0,
                "name": "Tlf Minh"
            },
            {
                "id": "100081998210746",
                "count": 0,
                "name": "Khánh Nam"
            },
            {
                "id": "100079324749613",
                "count": 0,
                "name": "Ka Ka"
            },
            {
                "id": "61551987536562",
                "count": 0,
                "name": "Nguyễn Phan Nhật Tân"
            },
            {
                "id": "100076997396323",
                "count": 0,
                "name": "Nguyễn Trỗi"
            },
            {
                "id": "61556912254012",
                "count": 0,
                "name": "Bùi Tiến"
            },
            {
                "id": "100057208910554",
                "count": 0,
                "name": "Người dùng Facebook"
            },
            {
                "id": "100050180901076",
                "count": 0,
                "name": "Tao Đây Rất Hiền Gặp Ai Mông To Vú Bự Chỉ Biết Cầm Cặc Chạy Lại Và Đâm Và Tao Bị Buộc Tội Hiếp Dâm Vì Đã Sờ Lồn Em Loli Nhưng Tao Thật Sự Ko Có Làm Người Tao Sờ Là Một Con Khác Thế Là Tao Bị Bắt Vô Tù Ngồi Sáu Năm Trong Nhà Đá Con Cu Tao Muốn Ngã Quỵ Không Biết Bao Giờ Mới Được Ra Và Thấm Thoát Đã Mấy Năm Tao Chính Thức Được Ra Tù Cơ Thể Tao Ốm Nhom Gầy Gò Nhưng Sao Con Cu Tao Vẫn Ú Nu"
            },
            {
                "id": "100057699948349",
                "count": 0,
                "name": "Tên Anh Là Sadboy"
            },
            {
                "id": "100010955358359",
                "count": 0,
                "name": "Phùng Nhật Tân"
            },
            {
                "id": "100085470555811",
                "count": 0,
                "name": "Nguyễn Thị Ái My"
            },
            {
                "id": "100010863277732",
                "count": 0,
                "name": "Ngọc Huân"
            },
            {
                "id": "100075349429392",
                "count": 0,
                "name": "Nguyễn Ap"
            },
            {
                "id": "100084250236845",
                "count": 0,
                "name": "Tuấn Tú"
            },
            {
                "id": "100085812832486",
                "count": 0,
                "name": "Thanh Bình"
            },
            {
                "id": "100039063856405",
                "count": 0,
                "name": "Linh Xủi"
            },
            {
                "id": "100081522430685",
                "count": 0,
                "name": "Huy Gia"
            },
            {
                "id": "100080254775628",
                "count": 0,
                "name": "Trần Phong"
            },
            {
                "id": "100025619040570",
                "count": 0,
                "name": "Tiến Phát"
            },
            {
                "id": "100076630037737",
                "count": 0,
                "name": "Hoang Nguyen"
            },
            {
                "id": "61554232534637",
                "count": 0,
                "name": "Ha Lo"
            },
            {
                "id": "100083316812470",
                "count": 0,
                "name": "Hasagi Wibu"
            },
            {
                "id": "100075828728736",
                "count": 0,
                "name": "Duy Phan"
            },
            {
                "id": "61554163236453",
                "count": 0,
                "name": "Nado Ro"
            },
            {
                "id": "100080652760410",
                "count": 0,
                "name": "Huyền Như"
            },
            {
                "id": "61560507131182",
                "count": 0,
                "name": "Người dùng Facebook"
            },
            {
                "id": "100071661622935",
                "count": 0,
                "name": "Nguyễn An"
            },
            {
                "id": "61554712401904",
                "count": 0,
                "name": "Nguyễn Trải"
            },
            {
                "id": "61558730773288",
                "count": 0,
                "name": "Ng Thi"
            },
            {
                "id": "61557663514786",
                "count": 0,
                "name": "Hoàng Hiền"
            },
            {
                "id": "100094229714691",
                "count": 0,
                "name": "Thien Nguyen Duc"
            },
            {
                "id": "61552030020368",
                "count": 0,
                "name": "Shimoneta"
            },
            {
                "id": "100072511668345",
                "count": 0,
                "name": "Nguyen Hoang"
            },
            {
                "id": "100054227564060",
                "count": 0,
                "name": "Lưu Vũ"
            },
            {
                "id": "100091541680764",
                "count": 0,
                "name": "Nguyễn Hữu Tân"
            },
            {
                "id": "61555914156952",
                "count": 0,
                "name": "Người dùng facebook"
            },
            {
                "id": "100085005521297",
                "count": 0,
                "name": "Người dùng facebook"
            },
            {
                "id": "61550327271010",
                "count": 0,
                "name": "Bồ Khổng Luồi"
            },
            {
                "id": "100090425558282",
                "count": 0,
                "name": "Dino Sama"
            },
            {
                "id": "100082791649961",
                "count": 0,
                "name": "Người dùng facebook"
            },
            {
                "id": "100086267816520",
                "count": 0,
                "name": "Nàng Bân"
            }
        ],
        "week": [
            {
                "id": "100092835228141",
                "count": 0,
                "name": "Người dùng Facebook"
            },
            {
                "id": "100079978599529",
                "count": 0,
                "name": "Tran Phuc"
            },
            {
                "id": "61550202793540",
                "count": 0,
                "name": "Nguyễn Cừu"
            },
            {
                "id": "100053064575571",
                "count": 0,
                "name": "Vũ Tú"
            },
            {
                "id": "100051444886836",
                "count": 7,
                "name": "Tấn Đạt"
            },
            {
                "id": "100060013296883",
                "count": 77,
                "name": "Tuấn Nghĩa"
            },
            {
                "id": "100054326833689",
                "count": 0,
                "name": "Tờ Hờ"
            },
            {
                "id": "100059680812152",
                "count": 0,
                "name": "Nguyễn Thị Thu Hoài"
            },
            {
                "id": "100088336562580",
                "count": 1,
                "name": "Nguyễn Hoàn"
            },
            {
                "id": "100043222719250",
                "count": 0,
                "name": "Tiến Đạt"
            },
            {
                "id": "100093211953381",
                "count": 0,
                "name": "Nguyễn Xuân Duy Khánh"
            },
            {
                "id": "100051275413699",
                "count": 1,
                "name": "Hoàn Đặng"
            },
            {
                "id": "100084723154303",
                "count": 0,
                "name": "Nguyễn Trí"
            },
            {
                "id": "100059757032732",
                "count": 0,
                "name": "Phùng Hà Trang"
            },
            {
                "id": "61559744110223",
                "count": 0,
                "name": "Đặng Gia Huyy"
            },
            {
                "id": "61559876945108",
                "count": 0,
                "name": "Nguyễn Ngọc Mai Hoa"
            },
            {
                "id": "61559199307538",
                "count": 0,
                "name": "Bu Thư Shank"
            },
            {
                "id": "100082456124159",
                "count": 0,
                "name": "Cảnh Sát Cơ Động"
            },
            {
                "id": "100091356283847",
                "count": 0,
                "name": "Thw Nhae"
            },
            {
                "id": "100074036822036",
                "count": 0,
                "name": "Lee Vờ Anh"
            },
            {
                "id": "100091247604561",
                "count": 0,
                "name": "Đạt Chè"
            },
            {
                "id": "100081675679639",
                "count": 0,
                "name": "Phương Văn Tiến"
            },
            {
                "id": "61550987511731",
                "count": 0,
                "name": "Kai Nguyễn"
            },
            {
                "id": "61558642474574",
                "count": 10,
                "name": "Trần Tài"
            },
            {
                "id": "100067187813684",
                "count": 0,
                "name": "Nguyễn Q.Anh"
            },
            {
                "id": "100077020085010",
                "count": 0,
                "name": "Khánhh Linhh"
            },
            {
                "id": "100077967924509",
                "count": 0,
                "name": "Nguyễn Hoàng Vũ"
            },
            {
                "id": "100090632870778",
                "count": 0,
                "name": "Bùi Cường"
            },
            {
                "id": "100075964366251",
                "count": 0,
                "name": "Carlos Villarreal Ovando"
            },
            {
                "id": "100034646449717",
                "count": 0,
                "name": "吳禹欣"
            },
            {
                "id": "100086236898195",
                "count": 0,
                "name": "Dương Thanh Tùng"
            },
            {
                "id": "100092213490161",
                "count": 0,
                "name": "Steve NoPro"
            },
            {
                "id": "100083463677087",
                "count": 0,
                "name": "Khoa Vũ"
            },
            {
                "id": "100017946612506",
                "count": 0,
                "name": "Law Traflgar"
            },
            {
                "id": "100088188494776",
                "count": 0,
                "name": "Quí Bửu San"
            },
            {
                "id": "61556528260598",
                "count": 0,
                "name": "Gia Haan"
            },
            {
                "id": "61550976489388",
                "count": 3,
                "name": "VHofng PhwThaoo"
            },
            {
                "id": "100047870110891",
                "count": 21,
                "name": "Mỹ Tuyết"
            },
            {
                "id": "100076545782911",
                "count": 6,
                "name": "Nguyễn Hữu Tuan Anh"
            },
            {
                "id": "100052734706273",
                "count": 2,
                "name": "Tran Hieu"
            },
            {
                "id": "61557224263039",
                "count": 0,
                "name": "Quang Minh"
            },
            {
                "id": "61551507231813",
                "count": 61,
                "name": "Lâm Thiên Dương"
            },
            {
                "id": "61551087987971",
                "count": 0,
                "name": "Trịnh Quang Hoàng Anh"
            },
            {
                "id": "100084000564805",
                "count": 0,
                "name": "Bạch Vô Nguyệt"
            },
            {
                "id": "61556011605514",
                "count": 23,
                "name": "Long Bếu"
            },
            {
                "id": "61551129388024",
                "count": 0,
                "name": "Kien Bei Dz"
            },
            {
                "id": "61555896249934",
                "count": 0,
                "name": "Dạ Thảo"
            },
            {
                "id": "61550327271010",
                "count": 0,
                "name": "Bồ Khổng Luồi"
            },
            {
                "id": "61558630352170",
                "count": 0,
                "name": "Trần Nam"
            },
            {
                "id": "61560275856833",
                "count": 0,
                "name": "Shank Bu Nhật"
            },
            {
                "id": "100037625325049",
                "count": 0,
                "name": "Nguyễn Duy"
            },
            {
                "id": "100050321542140",
                "count": 1,
                "name": "Huy Nguyễn"
            },
            {
                "id": "61556096007363",
                "count": 4,
                "name": "Minh Lê"
            },
            {
                "id": "61560448753709",
                "count": 51,
                "name": "﹍﹍﹍﹍ⵂ﹌／﹌﹌﹌一乀　　　　匸 ﹍﹍﹍ⵂ﹌ノノノ〇乀︻﹌﹌乀　　ソ ﹍﹍ⵂ﹌᜵᜵᜵᜵᜵᜵᜵᜵᜵᜵﹆＿＿＿＿＿＿I　 乃 ﹍ⵂ﹌ノ︱ⵂⵂⵂ﹌﹌﹌V﹌V﹌V﹌V 　㠪 ⵂ﹌ノ︱﹊᜵᜵᜵᜵᜵᜵᜵᜵᜵﹏亼亼亼亼ノ　　尺 ﹌ノ︱﹊ノI乀I﹌﹌﹌﹌﹌﹌　　 ਏਃੱਓ ノ︱﹊ノ﹍︱﹊︱乀﹍Quin Love 4ever ༅"
            },
            {
                "id": "100087499662426",
                "count": 0,
                "name": "Nguyễn Hưng"
            },
            {
                "id": "100049277084398",
                "count": 1,
                "name": "Khang Tô"
            },
            {
                "id": "100074368458815",
                "count": 18,
                "name": "Nguyễn Ngọc Thanh"
            },
            {
                "id": "100087617360201",
                "count": 0,
                "name": "Huỳnh Bảo"
            },
            {
                "id": "100089004016605",
                "count": 0,
                "name": "Tien Dat"
            },
            {
                "id": "100018421426302",
                "count": 3,
                "name": "Minh Lee"
            },
            {
                "id": "100081502627988",
                "count": 0,
                "name": "Đỗ Lê Quang"
            },
            {
                "id": "100083037042929",
                "count": 239,
                "name": "Gura Vô Diện"
            },
            {
                "id": "100066370937455",
                "count": 0,
                "name": "Mạnh Dũngg"
            },
            {
                "id": "100008803986524",
                "count": 0,
                "name": "Thanh Tuyết"
            },
            {
                "id": "100092512598568",
                "count": 0,
                "name": "Trần Bảo Lộc"
            },
            {
                "id": "100073782596102",
                "count": 2,
                "name": "Trần Đức Trung"
            },
            {
                "id": "100075315008067",
                "count": 0,
                "name": "Dino Thach"
            },
            {
                "id": "61556133269194",
                "count": 0,
                "name": "Đập Vỡ Kây Đàn"
            },
            {
                "id": "100088909450851",
                "count": 0,
                "name": "Nobo Dy"
            },
            {
                "id": "61556666968083",
                "count": 212,
                "name": "Gkhanhdz vcl"
            },
            {
                "id": "100086467230743",
                "count": 0,
                "name": "Long Lê"
            },
            {
                "id": "61560334107668",
                "count": 0,
                "name": "Người dùng facebook"
            },
            {
                "id": "100087081248423",
                "count": 52,
                "name": "Putin Cte"
            },
            {
                "id": "100022730893871",
                "count": 0,
                "name": "Người dùng facebook"
            },
            {
                "id": "100040368009433",
                "count": 0,
                "name": "Nguyễn Khang"
            },
            {
                "id": "61552825213862",
                "count": 3,
                "name": "Phạm Đình An"
            },
            {
                "id": "100085073240621",
                "count": 0,
                "name": "Dang Gia Khanh"
            },
            {
                "id": "100078287576392",
                "count": 12,
                "name": "Mén Awa Awa"
            },
            {
                "id": "61550004758857",
                "count": 0,
                "name": "Người dùng facebook"
            },
            {
                "id": "100067433760825",
                "count": 0,
                "name": "Người dùng facebook"
            },
            {
                "id": "61555991367233",
                "count": 0,
                "name": "Người dùng facebook"
            },
            {
                "id": "100079185345680",
                "count": 0,
                "name": "Người dùng facebook"
            },
            {
                "id": "61559205788870",
                "count": 6,
                "name": "Thái Gia Bảo"
            },
            {
                "id": "100000612458490",
                "count": 275,
                "name": "ഋൠ ഋൠ"
            },
            {
                "id": "61556510465614",
                "count": 0,
                "name": "Người dùng facebook"
            },
            {
                "id": "61550083070503",
                "count": 6,
                "name": "Hồ Tuấn"
            },
            {
                "id": "100080268109947",
                "count": 1,
                "name": "Tlf Minh"
            },
            {
                "id": "100081998210746",
                "count": 0,
                "name": "Người dùng facebook"
            },
            {
                "id": "100079324749613",
                "count": 0,
                "name": "Người dùng facebook"
            },
            {
                "id": "61551987536562",
                "count": 1,
                "name": "Nguyễn Phan Nhật Tân"
            },
            {
                "id": "100076997396323",
                "count": 0,
                "name": "Người dùng facebook"
            },
            {
                "id": "61556912254012",
                "count": 1,
                "name": "Bùi Tiến"
            },
            {
                "id": "100057208910554",
                "count": 0,
                "name": "Người dùng facebook"
            },
            {
                "id": "100050180901076",
                "count": 0,
                "name": "Người dùng facebook"
            },
            {
                "id": "100057699948349",
                "count": 0,
                "name": "Người dùng facebook"
            },
            {
                "id": "61551769140308",
                "count": 0,
                "name": "Người dùng facebook"
            },
            {
                "id": "100010955358359",
                "count": 0,
                "name": "Người dùng facebook"
            },
            {
                "id": "100085470555811",
                "count": 0,
                "name": "Người dùng facebook"
            },
            {
                "id": "100010863277732",
                "count": 0,
                "name": "Người dùng facebook"
            },
            {
                "id": "100074378107485",
                "count": 2,
                "name": "Anh Là Mason"
            },
            {
                "id": "100084055061341",
                "count": 0,
                "name": "Người dùng facebook"
            },
            {
                "id": "100075349429392",
                "count": 4,
                "name": "Nguyễn Ap"
            },
            {
                "id": "100084250236845",
                "count": 0,
                "name": "Người dùng facebook"
            },
            {
                "id": "100085812832486",
                "count": 0,
                "name": "Người dùng facebook"
            },
            {
                "id": "100088773480022",
                "count": 0,
                "name": "Người dùng facebook"
            },
            {
                "id": "100039063856405",
                "count": 0,
                "name": "Người dùng facebook"
            },
            {
                "id": "100081522430685",
                "count": 0,
                "name": "Người dùng facebook"
            },
            {
                "id": "100080254775628",
                "count": 0,
                "name": "Người dùng facebook"
            },
            {
                "id": "100025619040570",
                "count": 0,
                "name": "Người dùng facebook"
            },
            {
                "id": "61550341724491",
                "count": 0,
                "name": "Người dùng facebook"
            },
            {
                "id": "100076630037737",
                "count": 0
            },
            {
                "id": "61554232534637",
                "count": 0
            },
            {
                "id": "100083316812470",
                "count": 0
            },
            {
                "id": "100075828728736",
                "count": 0
            },
            {
                "id": "61554163236453",
                "count": 0
            },
            {
                "id": "100080652760410",
                "count": 0
            },
            {
                "id": "61560507131182",
                "count": 0
            },
            {
                "id": "100071661622935",
                "count": 0
            },
            {
                "id": "61559012038321",
                "count": 0
            },
            {
                "id": "61554712401904",
                "count": 0
            },
            {
                "id": "61558730773288",
                "count": 0
            },
            {
                "id": "61557663514786",
                "count": 0
            },
            {
                "id": "100094229714691",
                "count": 0
            },
            {
                "id": "61552030020368",
                "count": 0
            },
            {
                "id": "100072511668345",
                "count": 0
            },
            {
                "id": "100054227564060",
                "count": 0
            },
            {
                "id": "100091541680764",
                "count": 0
            },
            {
                "id": "61557320400110",
                "count": 0
            },
            {
                "id": "61555914156952",
                "count": 0
            },
            {
                "id": "100085005521297",
                "count": 0
            },
            {
                "id": "100090425558282",
                "count": 0
            },
            {
                "id": "100082791649961",
                "count": 0
            },
            {
                "id": "100086267816520",
                "count": 0
            }
        ]
    }
}