{
    "total": [
        {
            "id": "100038791595043",
            "count": 414
        },
        {
            "id": "100004055951598",
            "count": 0
        },
        {
            "id": "100085073240621",
            "count": 272
        },
        {
            "id": "100087126503731",
            "count": 16
        },
        {
            "id": "100092744481406",
            "count": 1
        },
        {
            "id": "100045416898727",
            "count": 0
        },
        {
            "id": "100088840053482",
            "count": 0
        },
        {
            "id": "100012203476327",
            "count": 0
        },
        {
            "id": "100075573652282",
            "count": 0
        },
        {
            "id": "100080476122191",
            "count": 0
        },
        {
            "id": "100027187763993",
            "count": 176
        },
        {
            "id": "100068832382948",
            "count": 0
        },
        {
            "id": "61558112260247",
            "count": 0
        },
        {
            "id": "100078392752170",
            "count": 0
        },
        {
            "id": "61557675191465",
            "count": 0
        },
        {
            "id": "100001113278043",
            "count": 0
        },
        {
            "id": "61554533647809",
            "count": 93
        },
        {
            "id": "100064179615940",
            "count": 0
        },
        {
            "id": "61554109323514",
            "count": 0
        },
        {
            "id": "61553083735648",
            "count": 0
        },
        {
            "id": "100091853081588",
            "count": 0
        },
        {
            "id": "1542881558",
            "count": 0
        },
        {
            "id": "100000510666466",
            "count": 0
        },
        {
            "id": "100090749358941",
            "count": 0
        },
        {
            "id": "100094783749922",
            "count": 0
        },
        {
            "id": "61560029322011",
            "count": 0
        },
        {
            "id": "61556666968083",
            "count": 226
        },
        {
            "id": "100085034384423",
            "count": 0
        },
        {
            "id": "61556894156849",
            "count": 143
        },
        {
            "id": "61561530282324",
            "count": 17
        },
        {
            "id": "100002240840457",
            "count": 165
        },
        {
            "id": "100083987396986",
            "count": 321
        },
        {
            "id": "61554243867598",
            "count": 35
        }
    ],
    "week": [
        {
            "id": "100038791595043",
            "count": 0,
            "name": "Lâm Hào"
        },
        {
            "id": "100004055951598",
            "count": 0,
            "name": "Đấng Sàn War"
        },
        {
            "id": "100085073240621",
            "count": 0,
            "name": "Dang Gia Khanh"
        },
        {
            "id": "100087126503731",
            "count": 0,
            "name": "Khiêm LK"
        },
        {
            "id": "100092744481406",
            "count": 0,
            "name": "Ng Huy"
        },
        {
            "id": "100045416898727",
            "count": 0,
            "name": "ㅤ"
        },
        {
            "id": "100088840053482",
            "count": 0,
            "name": "Nat Ngu Iồn"
        },
        {
            "id": "100012203476327",
            "count": 0,
            "name": "Người dùng Facebook"
        },
        {
            "id": "100075573652282",
            "count": 0,
            "name": "Sang　Đẹp　Trai　Nhưng Không　Ai　Công　Nhận"
        },
        {
            "id": "100080476122191",
            "count": 0,
            "name": "Hào Lam"
        },
        {
            "id": "100027187763993",
            "count": 0,
            "name": "Vũ Thành Trung"
        },
        {
            "id": "100068832382948",
            "count": 0,
            "name": "Lâm Hàoo"
        },
        {
            "id": "61558112260247",
            "count": 0,
            "name": "bichtien"
        },
        {
            "id": "100078392752170",
            "count": 0,
            "name": "Nguyen Ngoc Trinh"
        },
        {
            "id": "61557675191465",
            "count": 0,
            "name": "️️️️️️️️️️️️️️️️️️️️️️️️️️️️️️️️️️️️️️️️️️️️️️️️️️️️️️️️️️️️️️️️️️️️️️️️️️️️️️️️️️️️️️️️️️️️️️️️️️️️️️️️️️️️️️️️️️️️️️️️️️️️️️️️️️️️️️️️️️️️️️️️️️️️️️️️️️️️️️️️️️️️️️️️️️"
        },
        {
            "id": "100001113278043",
            "count": 0,
            "name": "Phương Huyền"
        },
        {
            "id": "61554533647809",
            "count": 0,
            "name": "️️️️️️️️️️️️️️️️️️️️️️️️️️️️️️️️️️️️️️️️️️️️️️️️️️️️️️️️️️️️️️️️️️️️️️️️️️️️️️️️️️️️️️️️️️️️️️️️️️️️️️️️️️️️️️️️️️️️️️️️️️️️️️️️️️️️️️️️️️️️️️️️️️️️️️️️️️️️️️️️️️️️️️️️️️"
        },
        {
            "id": "100064179615940",
            "count": 0,
            "name": "Ng Tran Bich Tien"
        },
        {
            "id": "61554109323514",
            "count": 0,
            "name": "Bich Tien Ng Tran"
        },
        {
            "id": "61553083735648",
            "count": 0,
            "name": "Ng Tran Bich Tien"
        },
        {
            "id": "100091853081588",
            "count": 0,
            "name": "Dang Gia Khanh"
        },
        {
            "id": "1542881558",
            "count": 0,
            "name": "Người dùng Facebook"
        },
        {
            "id": "100000510666466",
            "count": 0,
            "name": "Ngoc Trinh Ꙭ ꪜ"
        },
        {
            "id": "100090749358941",
            "count": 0,
            "name": "ngoctrinh ۦ֊ᯅ֊zᶻ"
        },
        {
            "id": "100094783749922",
            "count": 0,
            "name": "ngoc trinh cte"
        },
        {
            "id": "61560029322011",
            "count": 0,
            "name": "Địt Bà Mày"
        },
        {
            "id": "61556666968083",
            "count": 0,
            "name": "Gkhanhdz vcl"
        },
        {
            "id": "100085034384423",
            "count": 0,
            "name": "Nguyen Ngoc Trinh 📚💭"
        },
        {
            "id": "61556894156849",
            "count": 0,
            "name": "Em dạo này ổn không Còn đi làm ở công ty cũ Còn đi sớm về hôm nhưng mà đồng lương vẫn không khi đủ Đồng nghiệp của em thế nào trong thang máy có chào với nhau "
        },
        {
            "id": "61561530282324",
            "count": 0,
            "name": "Roronoa Xoro"
        },
        {
            "id": "100002240840457",
            "count": 0,
            "name": "Người dùng Facebook"
        },
        {
            "id": "100083987396986",
            "count": 0,
            "name": "Quốc Khánh"
        },
        {
            "id": "61554243867598",
            "count": 0,
            "name": "Spin Một"
        }
    ],
    "day": [
        {
            "id": "100038791595043",
            "count": 0,
            "name": "Lâm Hào"
        },
        {
            "id": "100004055951598",
            "count": 0,
            "name": "Đấng Sàn War"
        },
        {
            "id": "100085073240621",
            "count": 0,
            "name": "Dang Gia Khanh"
        },
        {
            "id": "100087126503731",
            "count": 0,
            "name": "Khiêm LK"
        },
        {
            "id": "100092744481406",
            "count": 0,
            "name": "Ng Huy"
        },
        {
            "id": "100045416898727",
            "count": 0,
            "name": "ㅤ"
        },
        {
            "id": "100088840053482",
            "count": 0,
            "name": "Nat Ngu Iồn"
        },
        {
            "id": "100012203476327",
            "count": 0,
            "name": "Người dùng Facebook"
        },
        {
            "id": "100075573652282",
            "count": 0,
            "name": "Sang　Đẹp　Trai　Nhưng Không　Ai　Công　Nhận"
        },
        {
            "id": "100080476122191",
            "count": 0,
            "name": "Hào Lam"
        },
        {
            "id": "100027187763993",
            "count": 0,
            "name": "Vũ Thành Trung"
        },
        {
            "id": "100068832382948",
            "count": 0,
            "name": "Lâm Hàoo"
        },
        {
            "id": "61558112260247",
            "count": 0,
            "name": "bichtien"
        },
        {
            "id": "100078392752170",
            "count": 0,
            "name": "Nguyen Ngoc Trinh"
        },
        {
            "id": "61557675191465",
            "count": 0,
            "name": "️️️️️️️️️️️️️️️️️️️️️️️️️️️️️️️️️️️️️️️️️️️️️️️️️️️️️️️️️️️️️️️️️️️️️️️️️️️️️️️️️️️️️️️️️️️️️️️️️️️️️️️️️️️️️️️️️️️️️️️️️️️️️️️️️️️️️️️️️️️️️️️️️️️️️️️️️️️️️️️️️️️️️️️️️️"
        },
        {
            "id": "100001113278043",
            "count": 0,
            "name": "Phương Huyền"
        },
        {
            "id": "61554533647809",
            "count": 0,
            "name": "️️️️️️️️️️️️️️️️️️️️️️️️️️️️️️️️️️️️️️️️️️️️️️️️️️️️️️️️️️️️️️️️️️️️️️️️️️️️️️️️️️️️️️️️️️️️️️️️️️️️️️️️️️️️️️️️️️️️️️️️️️️️️️️️️️️️️️️️️️️️️️️️️️️️️️️️️️️️️️️️️️️️️️️️️️"
        },
        {
            "id": "100064179615940",
            "count": 0,
            "name": "Ng Tran Bich Tien"
        },
        {
            "id": "61554109323514",
            "count": 0,
            "name": "Bich Tien Ng Tran"
        },
        {
            "id": "61553083735648",
            "count": 0,
            "name": "Ng Tran Bich Tien"
        },
        {
            "id": "100091853081588",
            "count": 0,
            "name": "Dang Gia Khanh"
        },
        {
            "id": "1542881558",
            "count": 0,
            "name": "Người dùng Facebook"
        },
        {
            "id": "100000510666466",
            "count": 0,
            "name": "Ngoc Trinh Ꙭ ꪜ"
        },
        {
            "id": "100090749358941",
            "count": 0,
            "name": "ngoctrinh ۦ֊ᯅ֊zᶻ"
        },
        {
            "id": "100094783749922",
            "count": 0,
            "name": "ngoc trinh cte"
        },
        {
            "id": "61560029322011",
            "count": 0,
            "name": "Địt Bà Mày"
        },
        {
            "id": "61556666968083",
            "count": 0,
            "name": "Gkhanhdz vcl"
        },
        {
            "id": "100085034384423",
            "count": 0,
            "name": "Nguyen Ngoc Trinh 📚💭"
        },
        {
            "id": "61556894156849",
            "count": 0,
            "name": "Em dạo này ổn không Còn đi làm ở công ty cũ Còn đi sớm về hôm nhưng mà đồng lương vẫn không khi đủ Đồng nghiệp của em thế nào trong thang máy có chào với nhau "
        },
        {
            "id": "61561530282324",
            "count": 0,
            "name": "Roronoa Xoro"
        },
        {
            "id": "100002240840457",
            "count": 0,
            "name": "Người dùng Facebook"
        },
        {
            "id": "100083987396986",
            "count": 0,
            "name": "Quốc Khánh"
        },
        {
            "id": "61554243867598",
            "count": 0,
            "name": "Spin Một"
        }
    ],
    "time": 0,
    "last": {
        "time": 1,
        "day": [
            {
                "id": "100038791595043",
                "count": 0,
                "name": "Lâm Hào"
            },
            {
                "id": "100004055951598",
                "count": 0,
                "name": "Đấng Sàn War"
            },
            {
                "id": "100085073240621",
                "count": 0,
                "name": "Dang Gia Khanh"
            },
            {
                "id": "100087126503731",
                "count": 0,
                "name": "Khiêm LK"
            },
            {
                "id": "100092744481406",
                "count": 0,
                "name": "Ng Huy"
            },
            {
                "id": "100045416898727",
                "count": 0,
                "name": "ㅤ"
            },
            {
                "id": "100088840053482",
                "count": 0,
                "name": "Nat Ngu Iồn"
            },
            {
                "id": "100012203476327",
                "count": 0,
                "name": "Người dùng Facebook"
            },
            {
                "id": "100075573652282",
                "count": 0,
                "name": "Sang　Đẹp　Trai　Nhưng Không　Ai　Công　Nhận"
            },
            {
                "id": "100080476122191",
                "count": 0,
                "name": "Hào Lam"
            },
            {
                "id": "100027187763993",
                "count": 0,
                "name": "Vũ Thành Trung"
            },
            {
                "id": "100068832382948",
                "count": 0,
                "name": "Lâm Hàoo"
            },
            {
                "id": "61558112260247",
                "count": 0,
                "name": "bichtien"
            },
            {
                "id": "100078392752170",
                "count": 0,
                "name": "Nguyen Ngoc Trinh"
            },
            {
                "id": "61557675191465",
                "count": 0,
                "name": "️️️️️️️️️️️️️️️️️️️️️️️️️️️️️️️️️️️️️️️️️️️️️️️️️️️️️️️️️️️️️️️️️️️️️️️️️️️️️️️️️️️️️️️️️️️️️️️️️️️️️️️️️️️️️️️️️️️️️️️️️️️️️️️️️️️️️️️️️️️️️️️️️️️️️️️️️️️️️️️️️️️️️️️️️️"
            },
            {
                "id": "100001113278043",
                "count": 0,
                "name": "Phương Huyền"
            },
            {
                "id": "61554533647809",
                "count": 0,
                "name": "️️️️️️️️️️️️️️️️️️️️️️️️️️️️️️️️️️️️️️️️️️️️️️️️️️️️️️️️️️️️️️️️️️️️️️️️️️️️️️️️️️️️️️️️️️️️️️️️️️️️️️️️️️️️️️️️️️️️️️️️️️️️️️️️️️️️️️️️️️️️️️️️️️️️️️️️️️️️️️️️️️️️️️️️️️"
            },
            {
                "id": "100064179615940",
                "count": 0,
                "name": "Ng Tran Bich Tien"
            },
            {
                "id": "61554109323514",
                "count": 0,
                "name": "Bich Tien Ng Tran"
            },
            {
                "id": "61553083735648",
                "count": 0,
                "name": "Ng Tran Bich Tien"
            },
            {
                "id": "100091853081588",
                "count": 0,
                "name": "Dang Gia Khanh"
            },
            {
                "id": "1542881558",
                "count": 0,
                "name": "Người dùng Facebook"
            },
            {
                "id": "100000510666466",
                "count": 0,
                "name": "Ngoc Trinh Ꙭ ꪜ"
            },
            {
                "id": "100090749358941",
                "count": 0,
                "name": "ngoctrinh ۦ֊ᯅ֊zᶻ"
            },
            {
                "id": "100094783749922",
                "count": 0,
                "name": "ngoc trinh cte"
            },
            {
                "id": "61560029322011",
                "count": 0,
                "name": "Địt Bà Mày"
            },
            {
                "id": "61556666968083",
                "count": 0,
                "name": "Gkhanhdz vcl"
            },
            {
                "id": "100085034384423",
                "count": 0,
                "name": "Nguyen Ngoc Trinh 📚💭"
            },
            {
                "id": "61556894156849",
                "count": 0,
                "name": "Em dạo này ổn không Còn đi làm ở công ty cũ Còn đi sớm về hôm nhưng mà đồng lương vẫn không khi đủ Đồng nghiệp của em thế nào trong thang máy có chào với nhau "
            },
            {
                "id": "61561530282324",
                "count": 0,
                "name": "Roronoa Xoro"
            },
            {
                "id": "100002240840457",
                "count": 0,
                "name": "Người dùng Facebook"
            },
            {
                "id": "100083987396986",
                "count": 0,
                "name": "Quốc Khánh"
            },
            {
                "id": "61554243867598",
                "count": 0,
                "name": "Spin Một"
            }
        ],
        "week": [
            {
                "id": "100038791595043",
                "count": 0,
                "name": "Lâm Hào"
            },
            {
                "id": "100004055951598",
                "count": 0,
                "name": "Đấng Sàn War"
            },
            {
                "id": "100085073240621",
                "count": 10,
                "name": "Dang Gia Khanh"
            },
            {
                "id": "100087126503731",
                "count": 3,
                "name": "Khiêm LK"
            },
            {
                "id": "100092744481406",
                "count": 0,
                "name": "Ng Huy"
            },
            {
                "id": "100045416898727",
                "count": 0,
                "name": "ㅤ"
            },
            {
                "id": "100088840053482",
                "count": 0,
                "name": "Nat Ngu Iồn"
            },
            {
                "id": "100012203476327",
                "count": 0,
                "name": "Người dùng Facebook"
            },
            {
                "id": "100075573652282",
                "count": 0,
                "name": "Sang　Đẹp　Trai　Nhưng Không　Ai　Công　Nhận"
            },
            {
                "id": "100080476122191",
                "count": 0,
                "name": "Hào Lam"
            },
            {
                "id": "100027187763993",
                "count": 17,
                "name": "Vũ Thành Trung"
            },
            {
                "id": "100068832382948",
                "count": 0,
                "name": "Lâm Hàoo"
            },
            {
                "id": "61558112260247",
                "count": 0,
                "name": "bichtien"
            },
            {
                "id": "100078392752170",
                "count": 0,
                "name": "Nguyen Ngoc Trinh"
            },
            {
                "id": "61557675191465",
                "count": 0,
                "name": "️️️️️️️️️️️️️️️️️️️️️️️️️️️️️️️️️️️️️️️️️️️️️️️️️️️️️️️️️️️️️️️️️️️️️️️️️️️️️️️️️️️️️️️️️️️️️️️️️️️️️️️️️️️️️️️️️️️️️️️️️️️️️️️️️️️️️️️️️️️️️️️️️️️️️️️️️️️️️️️️️️️️️️️️️️"
            },
            {
                "id": "100001113278043",
                "count": 0,
                "name": "Phương Huyền"
            },
            {
                "id": "61554533647809",
                "count": 8,
                "name": "️️️️️️️️️️️️️️️️️️️️️️️️️️️️️️️️️️️️️️️️️️️️️️️️️️️️️️️️️️️️️️️️️️️️️️️️️️️️️️️️️️️️️️️️️️️️️️️️️️️️️️️️️️️️️️️️️️️️️️️️️️️️️️️️️️️️️️️️️️️️️️️️️️️️️️️️️️️️️️️️️️️️️️️️️️"
            },
            {
                "id": "100064179615940",
                "count": 0,
                "name": "Ng Tran Bich Tien"
            },
            {
                "id": "61554109323514",
                "count": 0,
                "name": "Bich Tien Ng Tran"
            },
            {
                "id": "61553083735648",
                "count": 0,
                "name": "Ng Tran Bich Tien"
            },
            {
                "id": "100091853081588",
                "count": 0,
                "name": "Dang Gia Khanh"
            },
            {
                "id": "1542881558",
                "count": 0,
                "name": "Người dùng Facebook"
            },
            {
                "id": "100000510666466",
                "count": 0,
                "name": "Ngoc Trinh Ꙭ ꪜ"
            },
            {
                "id": "100090749358941",
                "count": 0,
                "name": "ngoctrinh ۦ֊ᯅ֊zᶻ"
            },
            {
                "id": "100094783749922",
                "count": 0,
                "name": "ngoc trinh cte"
            },
            {
                "id": "61560029322011",
                "count": 0,
                "name": "Địt Bà Mày"
            },
            {
                "id": "61556666968083",
                "count": 21,
                "name": "Gkhanhdz vcl"
            },
            {
                "id": "100085034384423",
                "count": 0,
                "name": "Nguyen Ngoc Trinh 📚💭"
            },
            {
                "id": "61556894156849",
                "count": 0,
                "name": "Em dạo này ổn không Còn đi làm ở công ty cũ Còn đi sớm về hôm nhưng mà đồng lương vẫn không khi đủ Đồng nghiệp của em thế nào trong thang máy có chào với nhau "
            },
            {
                "id": "61561530282324",
                "count": 0,
                "name": "Roronoa Xoro"
            },
            {
                "id": "100002240840457",
                "count": 0,
                "name": "Người dùng Facebook"
            },
            {
                "id": "100083987396986",
                "count": 0,
                "name": "Quốc Khánh"
            },
            {
                "id": "61554243867598",
                "count": 0,
                "name": "Spin Một"
            }
        ]
    }
}