{
    "total": [
        {
            "id": "100009746551368",
            "count": 0
        },
        {
            "id": "100056102783910",
            "count": 0
        },
        {
            "id": "100075610939839",
            "count": 0
        },
        {
            "id": "100010591879506",
            "count": 0
        },
        {
            "id": "100067454253161",
            "count": 0
        },
        {
            "id": "100092842065696",
            "count": 0
        },
        {
            "id": "100064755677761",
            "count": 0
        },
        {
            "id": "100049949086575",
            "count": 0
        },
        {
            "id": "100079235196077",
            "count": 0
        },
        {
            "id": "100063442901283",
            "count": 0
        },
        {
            "id": "100023247742395",
            "count": 0
        },
        {
            "id": "100090630860626",
            "count": 0
        },
        {
            "id": "100068310261131",
            "count": 0
        },
        {
            "id": "100084398950729",
            "count": 0
        },
        {
            "id": "100088834617171",
            "count": 0
        },
        {
            "id": "100020278101297",
            "count": 0
        },
        {
            "id": "100018834165980",
            "count": 0
        },
        {
            "id": "100048955819542",
            "count": 0
        },
        {
            "id": "100051899376721",
            "count": 0
        },
        {
            "id": "100016661340621",
            "count": 0
        },
        {
            "id": "100075583940706",
            "count": 0
        },
        {
            "id": "100038071734310",
            "count": 0
        },
        {
            "id": "61553566861553",
            "count": 0
        },
        {
            "id": "100052735141344",
            "count": 0
        },
        {
            "id": "61553628137922",
            "count": 0
        },
        {
            "id": "100086635778898",
            "count": 0
        },
        {
            "id": "100073363937411",
            "count": 0
        },
        {
            "id": "100058644382172",
            "count": 0
        },
        {
            "id": "100013174908232",
            "count": 0
        },
        {
            "id": "100036859070171",
            "count": 0
        },
        {
            "id": "100049874733095",
            "count": 0
        },
        {
            "id": "537846897",
            "count": 0
        },
        {
            "id": "100065030048161",
            "count": 0
        },
        {
            "id": "100013663399961",
            "count": 0
        },
        {
            "id": "100087908887071",
            "count": 0
        },
        {
            "id": "61554637409500",
            "count": 0
        },
        {
            "id": "100073073284750",
            "count": 0
        },
        {
            "id": "100073184247409",
            "count": 0
        },
        {
            "id": "100036668073616",
            "count": 0
        },
        {
            "id": "100054868550798",
            "count": 0
        },
        {
            "id": "100077130002162",
            "count": 0
        },
        {
            "id": "100033631065622",
            "count": 0
        },
        {
            "id": "100028843068997",
            "count": 0
        },
        {
            "id": "100052082111030",
            "count": 0
        },
        {
            "id": "100038553362051",
            "count": 0
        },
        {
            "id": "61556639234144",
            "count": 0
        },
        {
            "id": "100087164726392",
            "count": 0
        },
        {
            "id": "100004183303902",
            "count": 0
        },
        {
            "id": "100063580725364",
            "count": 0
        },
        {
            "id": "100029998744856",
            "count": 0
        },
        {
            "id": "100028577092699",
            "count": 0
        },
        {
            "id": "61554103961188",
            "count": 0
        },
        {
            "id": "61561943984028",
            "count": 0
        },
        {
            "id": "61557064439218",
            "count": 0
        },
        {
            "id": "100093682316746",
            "count": 0
        },
        {
            "id": "100031883702539",
            "count": 0
        },
        {
            "id": "61551752412604",
            "count": 8
        },
        {
            "id": "100050119804909",
            "count": 0
        },
        {
            "id": "61561458940574",
            "count": 10
        },
        {
            "id": "100077816126580",
            "count": 0
        },
        {
            "id": "100091541721038",
            "count": 0
        },
        {
            "id": "100048901811377",
            "count": 0
        },
        {
            "id": "100022902729215",
            "count": 20
        },
        {
            "id": "61561096703139",
            "count": 0
        },
        {
            "id": "100020743473112",
            "count": 0
        },
        {
            "id": "100094175049761",
            "count": 1
        },
        {
            "id": "100077032407982",
            "count": 0
        },
        {
            "id": "100086385336222",
            "count": 0
        },
        {
            "id": "100028842157938",
            "count": 0
        },
        {
            "id": "61556666968083",
            "count": 17
        }
    ],
    "week": [
        {
            "id": "100009746551368",
            "count": 0
        },
        {
            "id": "100056102783910",
            "count": 0
        },
        {
            "id": "100075610939839",
            "count": 0
        },
        {
            "id": "100010591879506",
            "count": 0
        },
        {
            "id": "100067454253161",
            "count": 0
        },
        {
            "id": "100092842065696",
            "count": 0
        },
        {
            "id": "100064755677761",
            "count": 0
        },
        {
            "id": "100049949086575",
            "count": 0
        },
        {
            "id": "100079235196077",
            "count": 0
        },
        {
            "id": "100063442901283",
            "count": 0
        },
        {
            "id": "100023247742395",
            "count": 0
        },
        {
            "id": "100090630860626",
            "count": 0
        },
        {
            "id": "100068310261131",
            "count": 0
        },
        {
            "id": "100084398950729",
            "count": 0
        },
        {
            "id": "100088834617171",
            "count": 0
        },
        {
            "id": "100020278101297",
            "count": 0
        },
        {
            "id": "100018834165980",
            "count": 0
        },
        {
            "id": "100048955819542",
            "count": 0
        },
        {
            "id": "100051899376721",
            "count": 0
        },
        {
            "id": "100016661340621",
            "count": 0
        },
        {
            "id": "100075583940706",
            "count": 0
        },
        {
            "id": "100038071734310",
            "count": 0
        },
        {
            "id": "61553566861553",
            "count": 0
        },
        {
            "id": "100052735141344",
            "count": 0
        },
        {
            "id": "61553628137922",
            "count": 0
        },
        {
            "id": "100086635778898",
            "count": 0
        },
        {
            "id": "100073363937411",
            "count": 0
        },
        {
            "id": "100058644382172",
            "count": 0
        },
        {
            "id": "100013174908232",
            "count": 0
        },
        {
            "id": "100036859070171",
            "count": 0
        },
        {
            "id": "100049874733095",
            "count": 0
        },
        {
            "id": "537846897",
            "count": 0
        },
        {
            "id": "100065030048161",
            "count": 0
        },
        {
            "id": "100013663399961",
            "count": 0
        },
        {
            "id": "100087908887071",
            "count": 0
        },
        {
            "id": "61554637409500",
            "count": 0
        },
        {
            "id": "100073073284750",
            "count": 0
        },
        {
            "id": "100073184247409",
            "count": 0
        },
        {
            "id": "100036668073616",
            "count": 0
        },
        {
            "id": "100054868550798",
            "count": 0
        },
        {
            "id": "100077130002162",
            "count": 0
        },
        {
            "id": "100033631065622",
            "count": 0
        },
        {
            "id": "100028843068997",
            "count": 0
        },
        {
            "id": "100052082111030",
            "count": 0
        },
        {
            "id": "100038553362051",
            "count": 0
        },
        {
            "id": "61556639234144",
            "count": 0
        },
        {
            "id": "100087164726392",
            "count": 0
        },
        {
            "id": "100004183303902",
            "count": 0
        },
        {
            "id": "100063580725364",
            "count": 0
        },
        {
            "id": "100029998744856",
            "count": 0
        },
        {
            "id": "100028577092699",
            "count": 0
        },
        {
            "id": "61554103961188",
            "count": 0
        },
        {
            "id": "61561943984028",
            "count": 0
        },
        {
            "id": "61557064439218",
            "count": 0
        },
        {
            "id": "100093682316746",
            "count": 0
        },
        {
            "id": "100031883702539",
            "count": 0
        },
        {
            "id": "61551752412604",
            "count": 8
        },
        {
            "id": "100050119804909",
            "count": 0
        },
        {
            "id": "61561458940574",
            "count": 10
        },
        {
            "id": "100077816126580",
            "count": 0
        },
        {
            "id": "100091541721038",
            "count": 0
        },
        {
            "id": "100048901811377",
            "count": 0
        },
        {
            "id": "100022902729215",
            "count": 20
        },
        {
            "id": "61561096703139",
            "count": 0
        },
        {
            "id": "100020743473112",
            "count": 0
        },
        {
            "id": "100094175049761",
            "count": 1
        },
        {
            "id": "100077032407982",
            "count": 0
        },
        {
            "id": "100086385336222",
            "count": 0
        },
        {
            "id": "100028842157938",
            "count": 0
        },
        {
            "id": "61556666968083",
            "count": 17
        }
    ],
    "day": [
        {
            "id": "100009746551368",
            "count": 0,
            "name": "Trình Bảo"
        },
        {
            "id": "100056102783910",
            "count": 0,
            "name": "Nguyệt Thắng"
        },
        {
            "id": "100075610939839",
            "count": 0,
            "name": "Du Tyn"
        },
        {
            "id": "100010591879506",
            "count": 0,
            "name": "Phuoc Thienyb"
        },
        {
            "id": "100067454253161",
            "count": 0,
            "name": "Trần Khánh Nguyên"
        },
        {
            "id": "100092842065696",
            "count": 0,
            "name": "Nam Nam"
        },
        {
            "id": "100064755677761",
            "count": 0,
            "name": "Tú Ngô"
        },
        {
            "id": "100049949086575",
            "count": 0,
            "name": "Trịnh Công Việt"
        },
        {
            "id": "100079235196077",
            "count": 0,
            "name": "Phạm Tiến Khải"
        },
        {
            "id": "100063442901283",
            "count": 0,
            "name": "Minh Phạm"
        },
        {
            "id": "100023247742395",
            "count": 0,
            "name": "Hoàng Thuận"
        },
        {
            "id": "100090630860626",
            "count": 0,
            "name": "Gạo Rang"
        },
        {
            "id": "100068310261131",
            "count": 0,
            "name": "Văn Thuận"
        },
        {
            "id": "100084398950729",
            "count": 0,
            "name": "Tấn Vinh"
        },
        {
            "id": "100088834617171",
            "count": 0,
            "name": "Nhi Hàng"
        },
        {
            "id": "100020278101297",
            "count": 0,
            "name": "Phan Quang Trung"
        },
        {
            "id": "100018834165980",
            "count": 0,
            "name": "Lê Trọng"
        },
        {
            "id": "100048955819542",
            "count": 0,
            "name": "Tiến Đạt"
        },
        {
            "id": "100051899376721",
            "count": 0,
            "name": "Kim Nguyễn"
        },
        {
            "id": "100016661340621",
            "count": 0,
            "name": "Phong Phong"
        },
        {
            "id": "100075583940706",
            "count": 0,
            "name": "Nguyễn Khánh"
        },
        {
            "id": "100038071734310",
            "count": 0,
            "name": "Lâp Nhu"
        },
        {
            "id": "61553566861553",
            "count": 0,
            "name": "Nguyễn Trâm"
        },
        {
            "id": "100052735141344",
            "count": 0,
            "name": "Nguyễn Thiện"
        },
        {
            "id": "61553628137922",
            "count": 0,
            "name": "Hoàng Hải Đinh"
        },
        {
            "id": "100086635778898",
            "count": 0,
            "name": "Kiều Loan"
        },
        {
            "id": "100073363937411",
            "count": 0,
            "name": "Đỗ Thanh Xuân"
        },
        {
            "id": "100058644382172",
            "count": 0,
            "name": "Dũng Hiểu Lê"
        },
        {
            "id": "100013174908232",
            "count": 0,
            "name": "Triệu Ngọc Cẩn"
        },
        {
            "id": "100036859070171",
            "count": 0,
            "name": "Thiệt Nguyễn"
        },
        {
            "id": "100049874733095",
            "count": 0,
            "name": "Trần Văn Nhật"
        },
        {
            "id": "537846897",
            "count": 0,
            "name": "Nguyễn Võ Ngọc Hiếu"
        },
        {
            "id": "100065030048161",
            "count": 0,
            "name": "Vi Văn Nhàn"
        },
        {
            "id": "100013663399961",
            "count": 0,
            "name": "Ngọc Luân"
        },
        {
            "id": "100087908887071",
            "count": 0,
            "name": "Nguyễn Phong"
        },
        {
            "id": "61554637409500",
            "count": 0,
            "name": "Thuỳ Trang"
        },
        {
            "id": "100073073284750",
            "count": 0,
            "name": "Nguyen Anh"
        },
        {
            "id": "100073184247409",
            "count": 0,
            "name": "Nguyễn Tân"
        },
        {
            "id": "100036668073616",
            "count": 0,
            "name": "Nguyễn Đức"
        },
        {
            "id": "100054868550798",
            "count": 0,
            "name": "Nguyễn Trường Minh Khang"
        },
        {
            "id": "100077130002162",
            "count": 0,
            "name": "Hứa Pzan"
        },
        {
            "id": "100033631065622",
            "count": 0,
            "name": "Đứcc Hà"
        },
        {
            "id": "100028843068997",
            "count": 0,
            "name": "Trần Tấn Phúc"
        },
        {
            "id": "100052082111030",
            "count": 0,
            "name": "Huân Nguyễn"
        },
        {
            "id": "100038553362051",
            "count": 0,
            "name": "Phương Quốc"
        },
        {
            "id": "61556639234144",
            "count": 0,
            "name": "Nguyễn Hiếu"
        },
        {
            "id": "100087164726392",
            "count": 0,
            "name": "Nhật Lệ"
        },
        {
            "id": "100004183303902",
            "count": 0,
            "name": "Nguyễn Tiến Minh"
        },
        {
            "id": "100063580725364",
            "count": 0,
            "name": "Mai Nguyễn Hoài Băng"
        },
        {
            "id": "100029998744856",
            "count": 0,
            "name": "Nguyễn Duy Hùng"
        },
        {
            "id": "100028577092699",
            "count": 0,
            "name": "Nguyễn Công Vĩnh"
        },
        {
            "id": "61554103961188",
            "count": 0,
            "name": "Nguyen Việt Anh"
        },
        {
            "id": "61561943984028",
            "count": 0,
            "name": "Nhược Hy"
        },
        {
            "id": "61557064439218",
            "count": 0,
            "name": "Lê Văn Thuận"
        },
        {
            "id": "100093682316746",
            "count": 0,
            "name": "Võ Ngọc Thảo"
        },
        {
            "id": "100031883702539",
            "count": 0,
            "name": "Ph Thi Yenn Nhi"
        },
        {
            "id": "61551752412604",
            "count": 0,
            "name": "Hàn Tuyết Hy"
        },
        {
            "id": "100050119804909",
            "count": 0,
            "name": "Nhược Hy Ái Linh"
        },
        {
            "id": "61561458940574",
            "count": 0,
            "name": "Ngọc Như"
        },
        {
            "id": "100077816126580",
            "count": 0,
            "name": "Hg Yếnn"
        },
        {
            "id": "100091541721038",
            "count": 0,
            "name": "Lục Hy Tuyết"
        },
        {
            "id": "100048901811377",
            "count": 0,
            "name": "Chung Hà"
        },
        {
            "id": "100022902729215",
            "count": 0,
            "name": "Đặng Thị Trúc Ly"
        },
        {
            "id": "61561096703139",
            "count": 0,
            "name": "Nguyễn Đăng Khoa"
        },
        {
            "id": "100020743473112",
            "count": 0,
            "name": "Nguyễn Xuân Kiên"
        },
        {
            "id": "100094175049761",
            "count": 0,
            "name": "Phạm Thành Đệ"
        },
        {
            "id": "100077032407982",
            "count": 0,
            "name": "Vũ"
        },
        {
            "id": "100086385336222",
            "count": 0,
            "name": "Phương Thảo"
        },
        {
            "id": "100028842157938",
            "count": 0,
            "name": "Người dùng facebook"
        },
        {
            "id": "61556666968083",
            "count": 0,
            "name": "Gkhanhdz vcl"
        }
    ],
    "time": 0,
    "last": {
        "time": 6,
        "day": [
            {
                "id": "100009746551368",
                "count": 0,
                "name": "Trình Bảo"
            },
            {
                "id": "100056102783910",
                "count": 0,
                "name": "Nguyệt Thắng"
            },
            {
                "id": "100075610939839",
                "count": 0,
                "name": "Du Tyn"
            },
            {
                "id": "100010591879506",
                "count": 0,
                "name": "Phuoc Thienyb"
            },
            {
                "id": "100067454253161",
                "count": 0,
                "name": "Trần Khánh Nguyên"
            },
            {
                "id": "100092842065696",
                "count": 0,
                "name": "Nam Nam"
            },
            {
                "id": "100064755677761",
                "count": 0,
                "name": "Tú Ngô"
            },
            {
                "id": "100049949086575",
                "count": 0,
                "name": "Trịnh Công Việt"
            },
            {
                "id": "100079235196077",
                "count": 0,
                "name": "Phạm Tiến Khải"
            },
            {
                "id": "100063442901283",
                "count": 0,
                "name": "Minh Phạm"
            },
            {
                "id": "100023247742395",
                "count": 0,
                "name": "Hoàng Thuận"
            },
            {
                "id": "100090630860626",
                "count": 0,
                "name": "Gạo Rang"
            },
            {
                "id": "100068310261131",
                "count": 0,
                "name": "Văn Thuận"
            },
            {
                "id": "100084398950729",
                "count": 0,
                "name": "Tấn Vinh"
            },
            {
                "id": "100088834617171",
                "count": 0,
                "name": "Nhi Hàng"
            },
            {
                "id": "100020278101297",
                "count": 0,
                "name": "Phan Quang Trung"
            },
            {
                "id": "100018834165980",
                "count": 0,
                "name": "Lê Trọng"
            },
            {
                "id": "100048955819542",
                "count": 0,
                "name": "Tiến Đạt"
            },
            {
                "id": "100051899376721",
                "count": 0,
                "name": "Kim Nguyễn"
            },
            {
                "id": "100016661340621",
                "count": 0,
                "name": "Phong Phong"
            },
            {
                "id": "100075583940706",
                "count": 0,
                "name": "Nguyễn Khánh"
            },
            {
                "id": "100038071734310",
                "count": 0,
                "name": "Lâp Nhu"
            },
            {
                "id": "61553566861553",
                "count": 0,
                "name": "Nguyễn Trâm"
            },
            {
                "id": "100052735141344",
                "count": 0,
                "name": "Nguyễn Thiện"
            },
            {
                "id": "61553628137922",
                "count": 0,
                "name": "Hoàng Hải Đinh"
            },
            {
                "id": "100086635778898",
                "count": 0,
                "name": "Kiều Loan"
            },
            {
                "id": "100073363937411",
                "count": 0,
                "name": "Đỗ Thanh Xuân"
            },
            {
                "id": "100058644382172",
                "count": 0,
                "name": "Dũng Hiểu Lê"
            },
            {
                "id": "100013174908232",
                "count": 0,
                "name": "Triệu Ngọc Cẩn"
            },
            {
                "id": "100036859070171",
                "count": 0,
                "name": "Thiệt Nguyễn"
            },
            {
                "id": "100049874733095",
                "count": 0,
                "name": "Trần Văn Nhật"
            },
            {
                "id": "537846897",
                "count": 0,
                "name": "Nguyễn Võ Ngọc Hiếu"
            },
            {
                "id": "100065030048161",
                "count": 0,
                "name": "Vi Văn Nhàn"
            },
            {
                "id": "100013663399961",
                "count": 0,
                "name": "Ngọc Luân"
            },
            {
                "id": "100087908887071",
                "count": 0,
                "name": "Nguyễn Phong"
            },
            {
                "id": "61554637409500",
                "count": 0,
                "name": "Thuỳ Trang"
            },
            {
                "id": "100073073284750",
                "count": 0,
                "name": "Nguyen Anh"
            },
            {
                "id": "100073184247409",
                "count": 0,
                "name": "Nguyễn Tân"
            },
            {
                "id": "100036668073616",
                "count": 0,
                "name": "Nguyễn Đức"
            },
            {
                "id": "100054868550798",
                "count": 0,
                "name": "Nguyễn Trường Minh Khang"
            },
            {
                "id": "100077130002162",
                "count": 0,
                "name": "Hứa Pzan"
            },
            {
                "id": "100033631065622",
                "count": 0,
                "name": "Đứcc Hà"
            },
            {
                "id": "100028843068997",
                "count": 0,
                "name": "Trần Tấn Phúc"
            },
            {
                "id": "100052082111030",
                "count": 0,
                "name": "Huân Nguyễn"
            },
            {
                "id": "100038553362051",
                "count": 0,
                "name": "Phương Quốc"
            },
            {
                "id": "61556639234144",
                "count": 0,
                "name": "Nguyễn Hiếu"
            },
            {
                "id": "100087164726392",
                "count": 0,
                "name": "Nhật Lệ"
            },
            {
                "id": "100004183303902",
                "count": 0,
                "name": "Nguyễn Tiến Minh"
            },
            {
                "id": "100063580725364",
                "count": 0,
                "name": "Mai Nguyễn Hoài Băng"
            },
            {
                "id": "100029998744856",
                "count": 0,
                "name": "Nguyễn Duy Hùng"
            },
            {
                "id": "100028577092699",
                "count": 0,
                "name": "Nguyễn Công Vĩnh"
            },
            {
                "id": "61554103961188",
                "count": 0,
                "name": "Nguyen Việt Anh"
            },
            {
                "id": "61561943984028",
                "count": 0,
                "name": "Nhược Hy"
            },
            {
                "id": "61557064439218",
                "count": 0,
                "name": "Lê Văn Thuận"
            },
            {
                "id": "100093682316746",
                "count": 0,
                "name": "Võ Ngọc Thảo"
            },
            {
                "id": "100031883702539",
                "count": 0,
                "name": "Ph Thi Yenn Nhi"
            },
            {
                "id": "61551752412604",
                "count": 0,
                "name": "Hàn Tuyết Hy"
            },
            {
                "id": "100050119804909",
                "count": 0,
                "name": "Nhược Hy Ái Linh"
            },
            {
                "id": "61561458940574",
                "count": 0,
                "name": "Ngọc Như"
            },
            {
                "id": "100077816126580",
                "count": 0,
                "name": "Hg Yếnn"
            },
            {
                "id": "100091541721038",
                "count": 0,
                "name": "Lục Hy Tuyết"
            },
            {
                "id": "100048901811377",
                "count": 0,
                "name": "Chung Hà"
            },
            {
                "id": "100022902729215",
                "count": 0,
                "name": "Đặng Thị Trúc Ly"
            },
            {
                "id": "61561096703139",
                "count": 0,
                "name": "Nguyễn Đăng Khoa"
            },
            {
                "id": "100020743473112",
                "count": 0,
                "name": "Nguyễn Xuân Kiên"
            },
            {
                "id": "100094175049761",
                "count": 0,
                "name": "Phạm Thành Đệ"
            },
            {
                "id": "100077032407982",
                "count": 0,
                "name": "Vũ"
            },
            {
                "id": "100086385336222",
                "count": 0,
                "name": "Phương Thảo"
            },
            {
                "id": "100028842157938",
                "count": 0,
                "name": "Người dùng facebook"
            },
            {
                "id": "61556666968083",
                "count": 0,
                "name": "Gkhanhdz vcl"
            }
        ],
        "week": [
            {
                "id": "100009746551368",
                "count": 0
            },
            {
                "id": "100056102783910",
                "count": 0
            },
            {
                "id": "100075610939839",
                "count": 0
            },
            {
                "id": "100010591879506",
                "count": 0
            },
            {
                "id": "100067454253161",
                "count": 0
            },
            {
                "id": "100092842065696",
                "count": 0
            },
            {
                "id": "100064755677761",
                "count": 0
            },
            {
                "id": "100049949086575",
                "count": 0
            },
            {
                "id": "100079235196077",
                "count": 0
            },
            {
                "id": "100063442901283",
                "count": 0
            },
            {
                "id": "100023247742395",
                "count": 0
            },
            {
                "id": "100090630860626",
                "count": 0
            },
            {
                "id": "100068310261131",
                "count": 0
            },
            {
                "id": "100084398950729",
                "count": 0
            },
            {
                "id": "100088834617171",
                "count": 0
            },
            {
                "id": "100020278101297",
                "count": 0
            },
            {
                "id": "100018834165980",
                "count": 0
            },
            {
                "id": "100048955819542",
                "count": 0
            },
            {
                "id": "100072346527138",
                "count": 0
            },
            {
                "id": "100051899376721",
                "count": 0
            },
            {
                "id": "100016661340621",
                "count": 0
            },
            {
                "id": "61557673323229",
                "count": 0
            },
            {
                "id": "100075583940706",
                "count": 0
            },
            {
                "id": "100038071734310",
                "count": 0
            },
            {
                "id": "61553566861553",
                "count": 0
            },
            {
                "id": "100052735141344",
                "count": 0
            },
            {
                "id": "61553628137922",
                "count": 0
            },
            {
                "id": "100086635778898",
                "count": 0
            },
            {
                "id": "100073363937411",
                "count": 0
            },
            {
                "id": "100058644382172",
                "count": 0
            },
            {
                "id": "100013174908232",
                "count": 0
            },
            {
                "id": "100036859070171",
                "count": 0
            },
            {
                "id": "100049874733095",
                "count": 0
            },
            {
                "id": "537846897",
                "count": 0
            },
            {
                "id": "100065030048161",
                "count": 0
            },
            {
                "id": "100013663399961",
                "count": 0
            },
            {
                "id": "100087908887071",
                "count": 0
            },
            {
                "id": "61554637409500",
                "count": 0
            },
            {
                "id": "100073073284750",
                "count": 0
            },
            {
                "id": "100073184247409",
                "count": 0
            },
            {
                "id": "100036668073616",
                "count": 0
            },
            {
                "id": "100054868550798",
                "count": 0
            },
            {
                "id": "100077130002162",
                "count": 0
            },
            {
                "id": "100033631065622",
                "count": 0
            },
            {
                "id": "100028843068997",
                "count": 0
            },
            {
                "id": "100052082111030",
                "count": 0
            },
            {
                "id": "100080343282553",
                "count": 0
            },
            {
                "id": "100038553362051",
                "count": 0
            },
            {
                "id": "61556639234144",
                "count": 0
            },
            {
                "id": "100087164726392",
                "count": 0
            },
            {
                "id": "100004183303902",
                "count": 0
            },
            {
                "id": "100063580725364",
                "count": 0
            },
            {
                "id": "100029998744856",
                "count": 0
            },
            {
                "id": "61554801316960",
                "count": 0
            },
            {
                "id": "100028577092699",
                "count": 0
            },
            {
                "id": "61554103961188",
                "count": 0
            },
            {
                "id": "61561943984028",
                "count": 0
            },
            {
                "id": "61557064439218",
                "count": 0
            },
            {
                "id": "100093682316746",
                "count": 0
            },
            {
                "id": "100059186996572",
                "count": 0
            },
            {
                "id": "100031883702539",
                "count": 0
            },
            {
                "id": "100085171900212",
                "count": 0
            },
            {
                "id": "61551752412604",
                "count": 0
            },
            {
                "id": "100050119804909",
                "count": 0
            },
            {
                "id": "61561458940574",
                "count": 0
            },
            {
                "id": "100077816126580",
                "count": 0
            },
            {
                "id": "100091541721038",
                "count": 0
            },
            {
                "id": "100048901811377",
                "count": 0
            },
            {
                "id": "100022902729215",
                "count": 0
            },
            {
                "id": "61561096703139",
                "count": 0
            },
            {
                "id": "100020743473112",
                "count": 0
            },
            {
                "id": "100066913736286",
                "count": 0
            },
            {
                "id": "100090603080272",
                "count": 0
            },
            {
                "id": "100004752336149",
                "count": 0
            },
            {
                "id": "100094175049761",
                "count": 0
            },
            {
                "id": "100077032407982",
                "count": 0
            },
            {
                "id": "100086385336222",
                "count": 0
            },
            {
                "id": "100028842157938",
                "count": 0
            },
            {
                "id": "61556666968083",
                "count": 0
            }
        ]
    }
}