{
    "total": [
        {
            "id": "100075098599381",
            "count": 613
        },
        {
            "id": "100076651639180",
            "count": 203
        },
        {
            "id": "100050188775013",
            "count": 38
        },
        {
            "id": "100078054771341",
            "count": 0
        },
        {
            "id": "100082994745077",
            "count": 68
        },
        {
            "id": "100026280273936",
            "count": 0
        },
        {
            "id": "100083627820090",
            "count": 4
        },
        {
            "id": "61554668332705",
            "count": 1
        },
        {
            "id": "100092727484219",
            "count": 90
        },
        {
            "id": "100073804614324",
            "count": 30
        },
        {
            "id": "100085455150504",
            "count": 0
        },
        {
            "id": "100037578427658",
            "count": 0
        },
        {
            "id": "100010858384086",
            "count": 0
        },
        {
            "id": "100072104305189",
            "count": 2
        },
        {
            "id": "100084235997328",
            "count": 2
        },
        {
            "id": "61550958657893",
            "count": 4
        },
        {
            "id": "61553738551510",
            "count": 0
        },
        {
            "id": "61557403790104",
            "count": 2
        },
        {
            "id": "100049627567638",
            "count": 0
        },
        {
            "id": "100047954334287",
            "count": 0
        },
        {
            "id": "100063543594314",
            "count": 0
        },
        {
            "id": "100090074700454",
            "count": 0
        },
        {
            "id": "61551599410215",
            "count": 0
        },
        {
            "id": "100090925587988",
            "count": 0
        },
        {
            "id": "100044589051374",
            "count": 1
        },
        {
            "id": "100050589443314",
            "count": 15
        },
        {
            "id": "100089928187555",
            "count": 0
        },
        {
            "id": "61550340247445",
            "count": 0
        },
        {
            "id": "61559792594662",
            "count": 28
        },
        {
            "id": "100090379412671",
            "count": 2
        },
        {
            "id": "61559896483314",
            "count": 93
        },
        {
            "id": "61556713273005",
            "count": 8
        },
        {
            "id": "100071171310293",
            "count": 7
        },
        {
            "id": "61557008301795",
            "count": 0
        },
        {
            "id": "100075501437112",
            "count": 30
        },
        {
            "id": "100059736976722",
            "count": 2
        },
        {
            "id": "61559750774116",
            "count": 0
        },
        {
            "id": "61556994012066",
            "count": 5
        },
        {
            "id": "100081011591740",
            "count": 0
        },
        {
            "id": "100066753745662",
            "count": 0
        },
        {
            "id": "61557144355569",
            "count": 0
        },
        {
            "id": "100086203137078",
            "count": 35
        },
        {
            "id": "100082615177507",
            "count": 2
        },
        {
            "id": "61560011921016",
            "count": 0
        },
        {
            "id": "100085073240621",
            "count": 613
        },
        {
            "id": "61560052718091",
            "count": 0
        },
        {
            "id": "100077939007178",
            "count": 4
        },
        {
            "id": "61551942783619",
            "count": 0
        },
        {
            "id": "100070207165782",
            "count": 18
        },
        {
            "id": "100090304527820",
            "count": 0
        },
        {
            "id": "100075232214102",
            "count": 0
        },
        {
            "id": "100093713666688",
            "count": 0
        },
        {
            "id": "100093624008522",
            "count": 27
        },
        {
            "id": "100082735554946",
            "count": 0
        },
        {
            "id": "100085299442772",
            "count": 11
        },
        {
            "id": "100088010299322",
            "count": 20
        },
        {
            "id": "100089855192370",
            "count": 0
        },
        {
            "id": "61557120017633",
            "count": 2
        },
        {
            "id": "61552795641442",
            "count": 0
        },
        {
            "id": "61555357288339",
            "count": 0
        },
        {
            "id": "61556638793138",
            "count": 6
        },
        {
            "id": "100080143015249",
            "count": 6
        },
        {
            "id": "61551564122552",
            "count": 74
        },
        {
            "id": "100095613100757",
            "count": 0
        },
        {
            "id": "100068070266573",
            "count": 4
        },
        {
            "id": "61550824898808",
            "count": 0
        },
        {
            "id": "61556666968083",
            "count": 1051
        },
        {
            "id": "100095077684083",
            "count": 72
        },
        {
            "id": "100073082328631",
            "count": 0
        },
        {
            "id": "100087629987928",
            "count": 368
        },
        {
            "id": "61550305359524",
            "count": 6
        },
        {
            "id": "61555802977937",
            "count": 0
        },
        {
            "id": "100084055382135",
            "count": 0
        },
        {
            "id": "100046681603373",
            "count": 0
        },
        {
            "id": "100091582611359",
            "count": 426
        },
        {
            "id": "61558451405412",
            "count": 0
        },
        {
            "id": "100062916611960",
            "count": 15
        },
        {
            "id": "100081426889405",
            "count": 0
        },
        {
            "id": "100080683433349",
            "count": 0
        },
        {
            "id": "61557631046345",
            "count": 4
        },
        {
            "id": "100077007889232",
            "count": 1
        },
        {
            "id": "61551421948393",
            "count": 11
        },
        {
            "id": "100085256622286",
            "count": 73
        },
        {
            "id": "100062859967106",
            "count": 0
        },
        {
            "id": "100082139922419",
            "count": 0
        },
        {
            "id": "100090663558384",
            "count": 0
        },
        {
            "id": "100095403402443",
            "count": 0
        },
        {
            "id": "100089362464756",
            "count": 21
        },
        {
            "id": "100037209042507",
            "count": 0
        },
        {
            "id": "100092664111218",
            "count": 21
        },
        {
            "id": "100067550746211",
            "count": 3
        },
        {
            "id": "100083379154814",
            "count": 0
        },
        {
            "id": "100078239662434",
            "count": 0
        },
        {
            "id": "100089932694398",
            "count": 0
        },
        {
            "id": "100072410351809",
            "count": 7
        },
        {
            "id": "100041377519107",
            "count": 8
        },
        {
            "id": "100091637689454",
            "count": 0
        },
        {
            "id": "100093955088307",
            "count": 524
        },
        {
            "id": "61550632443621",
            "count": 0
        },
        {
            "id": "100089625363287",
            "count": 1
        },
        {
            "id": "100055727123015",
            "count": 1
        },
        {
            "id": "61560531014816",
            "count": 0
        },
        {
            "id": "100060102919144",
            "count": 1
        },
        {
            "id": "100072179948882",
            "count": 0
        },
        {
            "id": "61556172870224",
            "count": 15
        },
        {
            "id": "61556894156849",
            "count": 54
        },
        {
            "id": "100059335020009",
            "count": 0
        },
        {
            "id": "100083913380058",
            "count": 0
        },
        {
            "id": "61554874018118",
            "count": 2
        },
        {
            "id": "100054163695425",
            "count": 0
        },
        {
            "id": "100090933180713",
            "count": 0
        },
        {
            "id": "100093570639012",
            "count": 74
        },
        {
            "id": "100087200881454",
            "count": 0
        },
        {
            "id": "100038517944697",
            "count": 35
        },
        {
            "id": "100093348157966",
            "count": 2
        },
        {
            "id": "61559882537405",
            "count": 10
        },
        {
            "id": "100078367361448",
            "count": 74
        },
        {
            "id": "100004752336149",
            "count": 213
        },
        {
            "id": "61553248747926",
            "count": 1
        },
        {
            "id": "100094885119531",
            "count": 7
        },
        {
            "id": "100074149253219",
            "count": 16
        },
        {
            "id": "100094021871567",
            "count": 1
        },
        {
            "id": "61554313867556",
            "count": 25
        },
        {
            "id": "100086545520110",
            "count": 6
        },
        {
            "id": "61555706849380",
            "count": 5
        },
        {
            "id": "61553349840198",
            "count": 74
        },
        {
            "id": "727201807",
            "count": 0
        },
        {
            "id": "61561929966427",
            "count": 0
        },
        {
            "id": "61561530282324",
            "count": 0
        },
        {
            "id": "61562119298096",
            "count": 0
        },
        {
            "id": "100023434451963",
            "count": 1
        },
        {
            "id": "61562957031924",
            "count": 0
        },
        {
            "id": "61553998834978",
            "count": 0
        },
        {
            "id": "100023746650773",
            "count": 0
        },
        {
            "id": "100024355281353",
            "count": 0
        },
        {
            "id": "100033771141427",
            "count": 1
        },
        {
            "id": "100048093021304",
            "count": 0
        },
        {
            "id": "100037596822429",
            "count": 0
        },
        {
            "id": "100047157346580",
            "count": 0
        },
        {
            "id": "100042750775325",
            "count": 8
        },
        {
            "id": "100093272876499",
            "count": 0
        },
        {
            "id": "100089494792922",
            "count": 0
        },
        {
            "id": "100089033040313",
            "count": 51
        },
        {
            "id": "100077461261016",
            "count": 0
        },
        {
            "id": "100080101487002",
            "count": 0
        },
        {
            "id": "61555877896247",
            "count": 0
        },
        {
            "id": "61555731705367",
            "count": 47
        },
        {
            "id": "100088536677217",
            "count": 13
        },
        {
            "id": "61557549038844",
            "count": 2
        },
        {
            "id": "100056132552253",
            "count": 38
        },
        {
            "id": "100067476173639",
            "count": 2
        }
    ],
    "week": [
        {
            "id": "100075098599381",
            "count": 241,
            "name": "Eric Chẻmpai’z."
        },
        {
            "id": "100076651639180",
            "count": 119,
            "name": "Rùa Zời"
        },
        {
            "id": "100050188775013",
            "count": 0,
            "name": "Quốc Lord"
        },
        {
            "id": "100078054771341",
            "count": 0,
            "name": "Phong Nguyễn"
        },
        {
            "id": "100082994745077",
            "count": 12,
            "name": "Văn Lực"
        },
        {
            "id": "100026280273936",
            "count": 0,
            "name": "Thạnh Hoàng"
        },
        {
            "id": "100083627820090",
            "count": 0,
            "name": "Horu Takana"
        },
        {
            "id": "61554668332705",
            "count": 1,
            "name": "Kim Liên"
        },
        {
            "id": "100092727484219",
            "count": 8,
            "name": "Khôi Hoàng"
        },
        {
            "id": "100073804614324",
            "count": 30,
            "name": "Nguyễn Huy Hoàng"
        },
        {
            "id": "100085455150504",
            "count": 0,
            "name": "Nguyễn Xuân Đạt"
        },
        {
            "id": "100037578427658",
            "count": 0,
            "name": "Đặng Khang"
        },
        {
            "id": "100010858384086",
            "count": 0,
            "name": "Vũ Phương Nam"
        },
        {
            "id": "100072104305189",
            "count": 2,
            "name": "Đặng Trung Hải"
        },
        {
            "id": "100084235997328",
            "count": 1,
            "name": "Cpu Hiếu"
        },
        {
            "id": "61550958657893",
            "count": 0,
            "name": "Trần Quang Khương Duy"
        },
        {
            "id": "61553738551510",
            "count": 0,
            "name": "Người Lạ"
        },
        {
            "id": "61557403790104",
            "count": 2,
            "name": "Đỗ An"
        },
        {
            "id": "100049627567638",
            "count": 0,
            "name": "Tieu Ho"
        },
        {
            "id": "100047954334287",
            "count": 0,
            "name": "Nguyễn Kiên"
        },
        {
            "id": "100063543594314",
            "count": 0,
            "name": "Hoàng Khang"
        },
        {
            "id": "100090074700454",
            "count": 0,
            "name": "Dũng Hoàng"
        },
        {
            "id": "61551599410215",
            "count": 0,
            "name": "Văn Lực"
        },
        {
            "id": "100090925587988",
            "count": 0,
            "name": "Khanhh Nom Nom"
        },
        {
            "id": "100044589051374",
            "count": 0,
            "name": "KO Biêt"
        },
        {
            "id": "100050589443314",
            "count": 0,
            "name": "Hà Trọng Nam Anh"
        },
        {
            "id": "100089928187555",
            "count": 0,
            "name": "Phan Phan"
        },
        {
            "id": "61550340247445",
            "count": 0,
            "name": "Hoang Anh La"
        },
        {
            "id": "61559792594662",
            "count": 8,
            "name": "Ftn DDuong"
        },
        {
            "id": "100090379412671",
            "count": 1,
            "name": "Không Có Tên"
        },
        {
            "id": "61559896483314",
            "count": 5,
            "name": "Đứa Trẻ Vô Tri"
        },
        {
            "id": "61556713273005",
            "count": 0,
            "name": "Ng Huy Hùng"
        },
        {
            "id": "100071171310293",
            "count": 0,
            "name": "Gia Thuận"
        },
        {
            "id": "61557008301795",
            "count": 0,
            "name": "Minh Lee"
        },
        {
            "id": "100075501437112",
            "count": 17,
            "name": "Bạch Hải An"
        },
        {
            "id": "100059736976722",
            "count": 0,
            "name": "Trần Hiệp"
        },
        {
            "id": "61559750774116",
            "count": 0,
            "name": "Lee Minh"
        },
        {
            "id": "61556994012066",
            "count": 5,
            "name": "Long Nguyen"
        },
        {
            "id": "100081011591740",
            "count": 0,
            "name": "Minh Đức"
        },
        {
            "id": "100066753745662",
            "count": 0,
            "name": "Trương Ngọc Yến"
        },
        {
            "id": "61557144355569",
            "count": 0,
            "name": "Hưng Nguyen"
        },
        {
            "id": "100086203137078",
            "count": 2,
            "name": "Minh Tùng"
        },
        {
            "id": "100082615177507",
            "count": 2,
            "name": "Ank Là Sillsem"
        },
        {
            "id": "61560011921016",
            "count": 0,
            "name": "Nguyễn My"
        },
        {
            "id": "100085073240621",
            "count": 187,
            "name": "Dang Gia Khanh"
        },
        {
            "id": "61560052718091",
            "count": 0,
            "name": "Ngô Bảo Hoàng"
        },
        {
            "id": "100077939007178",
            "count": 1,
            "name": "Khang Trần"
        },
        {
            "id": "61551942783619",
            "count": 0,
            "name": "Nguyễn Dũng"
        },
        {
            "id": "100070207165782",
            "count": 2,
            "name": "Nguyễn An "
        },
        {
            "id": "100090304527820",
            "count": 0,
            "name": "Thanh Phong"
        },
        {
            "id": "100075232214102",
            "count": 0,
            "name": "Leduck Per"
        },
        {
            "id": "100093713666688",
            "count": 0,
            "name": "Mai Hiếu"
        },
        {
            "id": "100093624008522",
            "count": 16,
            "name": "Lê Vũ"
        },
        {
            "id": "100082735554946",
            "count": 0,
            "name": "Quốc Cường"
        },
        {
            "id": "100085299442772",
            "count": 1,
            "name": "Nguyễn Kiệt"
        },
        {
            "id": "100088010299322",
            "count": 0,
            "name": "Trần Trí"
        },
        {
            "id": "100089855192370",
            "count": 0,
            "name": "Bin Ho"
        },
        {
            "id": "61557120017633",
            "count": 2,
            "name": "Nguyễn Tiến Bảo"
        },
        {
            "id": "61552795641442",
            "count": 0,
            "name": "Trần Minh"
        },
        {
            "id": "61555357288339",
            "count": 0,
            "name": "Người dùng Facebook"
        },
        {
            "id": "61556638793138",
            "count": 6,
            "name": "Huy Tran"
        },
        {
            "id": "100080143015249",
            "count": 0,
            "name": "Mai Anh Ng"
        },
        {
            "id": "61551564122552",
            "count": 11,
            "name": "Duong Tran"
        },
        {
            "id": "100095613100757",
            "count": 0,
            "name": "Nhân Đinh"
        },
        {
            "id": "100068070266573",
            "count": 4,
            "name": "Khúc Gỗ Khờ"
        },
        {
            "id": "61550824898808",
            "count": 0,
            "name": "Sii Bịpp"
        },
        {
            "id": "61556666968083",
            "count": 505,
            "name": "Gkhanhdz vcl"
        },
        {
            "id": "100095077684083",
            "count": 28,
            "name": "Thanhh Thuậnn"
        },
        {
            "id": "100073082328631",
            "count": 0,
            "name": "Nguyễn Thảo"
        },
        {
            "id": "100087629987928",
            "count": 125,
            "name": "Minh Ngọc"
        },
        {
            "id": "61550305359524",
            "count": 0,
            "name": "Hoàng Phúc"
        },
        {
            "id": "61555802977937",
            "count": 0,
            "name": "Hi Hi Hi"
        },
        {
            "id": "100084055382135",
            "count": 0,
            "name": "Hoàng Ryoma"
        },
        {
            "id": "100046681603373",
            "count": 0,
            "name": "Vũ Tài"
        },
        {
            "id": "100091582611359",
            "count": 78,
            "name": "Ngyễn Mih Chẻmpai'z"
        },
        {
            "id": "61558451405412",
            "count": 0,
            "name": "Quyên Kim"
        },
        {
            "id": "100062916611960",
            "count": 1,
            "name": "Phương Phạm"
        },
        {
            "id": "100081426889405",
            "count": 0,
            "name": "Ng Huynh"
        },
        {
            "id": "100080683433349",
            "count": 0,
            "name": "Người dùng Facebook"
        },
        {
            "id": "61557631046345",
            "count": 4,
            "name": "Sukk CT"
        },
        {
            "id": "100077007889232",
            "count": 0,
            "name": "Nguyễn Văn Tuấn Lộc"
        },
        {
            "id": "61551421948393",
            "count": 6,
            "name": "Đỗ Nhật Linh"
        },
        {
            "id": "100085256622286",
            "count": 39,
            "name": "Phạm Huy Danh"
        },
        {
            "id": "100062859967106",
            "count": 0,
            "name": "Giau Huynh"
        },
        {
            "id": "100082139922419",
            "count": 0,
            "name": "Nguyễn Thắng"
        },
        {
            "id": "100090663558384",
            "count": 0,
            "name": "Đạt Đặng"
        },
        {
            "id": "100095403402443",
            "count": 0,
            "name": "Đào Mạnh Thao"
        },
        {
            "id": "100089362464756",
            "count": 18,
            "name": "Đào Quỳnh Trang"
        },
        {
            "id": "100037209042507",
            "count": 0,
            "name": "Vinh Boss"
        },
        {
            "id": "100092664111218",
            "count": 0,
            "name": "Tùng Idol"
        },
        {
            "id": "100067550746211",
            "count": 0,
            "name": "Hải Dương"
        },
        {
            "id": "100083379154814",
            "count": 0,
            "name": "Nguyễn Trần Kim Anh"
        },
        {
            "id": "100078239662434",
            "count": 0,
            "name": "Tnhi Nguyễn"
        },
        {
            "id": "100089932694398",
            "count": 0,
            "name": "Phạm Thanh Phong"
        },
        {
            "id": "100072410351809",
            "count": 5,
            "name": "Hg Tiếnn Dũnqq"
        },
        {
            "id": "100041377519107",
            "count": 0,
            "name": "Nguyễn Hiếu"
        },
        {
            "id": "100091637689454",
            "count": 0,
            "name": "Nguyên Giáp"
        },
        {
            "id": "100093955088307",
            "count": 74,
            "name": "Nam Chẻmpai'z"
        },
        {
            "id": "61550632443621",
            "count": 0,
            "name": "Thien Vy"
        },
        {
            "id": "100089625363287",
            "count": 0,
            "name": "Go Jo"
        },
        {
            "id": "100055727123015",
            "count": 0,
            "name": "Võ Bùi Việt"
        },
        {
            "id": "61560531014816",
            "count": 0,
            "name": "Minh Nhat"
        },
        {
            "id": "100060102919144",
            "count": 0,
            "name": "Lê Hậu"
        },
        {
            "id": "100072179948882",
            "count": 0,
            "name": "Tuan Anh"
        },
        {
            "id": "61556172870224",
            "count": 15,
            "name": "Huy Huy"
        },
        {
            "id": "61556894156849",
            "count": 6,
            "name": "Em dạo này ổn không Còn đi làm ở công ty cũ Còn đi sớm về hôm nhưng mà đồng lương vẫn không khi đủ Đồng nghiệp của em thế nào trong thang máy có chào với nhau "
        },
        {
            "id": "100059335020009",
            "count": 0,
            "name": "Đặng Thành Toàn"
        },
        {
            "id": "100083913380058",
            "count": 0,
            "name": "Nguyễn Nam"
        },
        {
            "id": "61554874018118",
            "count": 0,
            "name": "Chí Hoàng"
        },
        {
            "id": "100054163695425",
            "count": 0,
            "name": "Minh Nhat"
        },
        {
            "id": "100090933180713",
            "count": 0,
            "name": "Huy T Hai Ba"
        },
        {
            "id": "100093570639012",
            "count": 42,
            "name": "Quân Ko Gey"
        },
        {
            "id": "100087200881454",
            "count": 0,
            "name": "Nguyen Hoang Cuong"
        },
        {
            "id": "100038517944697",
            "count": 17,
            "name": "Lê Huy"
        },
        {
            "id": "100093348157966",
            "count": 0,
            "name": "Ngô Quang Minh"
        },
        {
            "id": "61559882537405",
            "count": 4,
            "name": "Anh Quan Chu"
        },
        {
            "id": "100078367361448",
            "count": 37,
            "name": "Long Trương"
        },
        {
            "id": "100004752336149",
            "count": 1,
            "name": "Dang Gia Khanh"
        },
        {
            "id": "61553248747926",
            "count": 0,
            "name": "Nguyễn Hoàng Khang"
        },
        {
            "id": "100094885119531",
            "count": 0,
            "name": "Nguyen Hoang Duong"
        },
        {
            "id": "100074149253219",
            "count": 15,
            "name": "Masew Mix"
        },
        {
            "id": "100094021871567",
            "count": 1,
            "name": "Tsugikuni Yoriichi"
        },
        {
            "id": "61554313867556",
            "count": 6,
            "name": "Nguyễn Duy"
        },
        {
            "id": "100086545520110",
            "count": 4,
            "name": "Nong Tuan Anh"
        },
        {
            "id": "61555706849380",
            "count": 5
        },
        {
            "id": "61553349840198",
            "count": 74
        },
        {
            "id": "727201807",
            "count": 0
        },
        {
            "id": "61561929966427",
            "count": 0
        },
        {
            "id": "61561530282324",
            "count": 0
        },
        {
            "id": "61562119298096",
            "count": 0
        },
        {
            "id": "100023434451963",
            "count": 1
        },
        {
            "id": "61562957031924",
            "count": 0
        },
        {
            "id": "61553998834978",
            "count": 0
        },
        {
            "id": "100023746650773",
            "count": 0
        },
        {
            "id": "100024355281353",
            "count": 0
        },
        {
            "id": "100033771141427",
            "count": 1
        },
        {
            "id": "100048093021304",
            "count": 0
        },
        {
            "id": "100037596822429",
            "count": 0
        },
        {
            "id": "100047157346580",
            "count": 0
        },
        {
            "id": "100042750775325",
            "count": 8
        },
        {
            "id": "100093272876499",
            "count": 0
        },
        {
            "id": "100089494792922",
            "count": 0
        },
        {
            "id": "100089033040313",
            "count": 51
        },
        {
            "id": "100077461261016",
            "count": 0
        },
        {
            "id": "100080101487002",
            "count": 0
        },
        {
            "id": "61555877896247",
            "count": 0
        },
        {
            "id": "61555731705367",
            "count": 47
        },
        {
            "id": "100088536677217",
            "count": 13
        },
        {
            "id": "61557549038844",
            "count": 2
        },
        {
            "id": "100056132552253",
            "count": 38
        },
        {
            "id": "100067476173639",
            "count": 2
        }
    ],
    "day": [
        {
            "id": "100075098599381",
            "count": 0,
            "name": "Eric Chẻmpai’z."
        },
        {
            "id": "100076651639180",
            "count": 0,
            "name": "Rùa Zời"
        },
        {
            "id": "100050188775013",
            "count": 0,
            "name": "Quốc Lord"
        },
        {
            "id": "100078054771341",
            "count": 0,
            "name": "Phong Nguyễn"
        },
        {
            "id": "100082994745077",
            "count": 0,
            "name": "Văn Lực"
        },
        {
            "id": "100026280273936",
            "count": 0,
            "name": "Thạnh Hoàng"
        },
        {
            "id": "100083627820090",
            "count": 0,
            "name": "Horu Takana"
        },
        {
            "id": "61554668332705",
            "count": 0,
            "name": "Kim Liên"
        },
        {
            "id": "100092727484219",
            "count": 0,
            "name": "Khôi Hoàng"
        },
        {
            "id": "100073804614324",
            "count": 0,
            "name": "Nguyễn Huy Hoàng"
        },
        {
            "id": "100085455150504",
            "count": 0,
            "name": "Nguyễn Xuân Đạt"
        },
        {
            "id": "100037578427658",
            "count": 0,
            "name": "Đặng Khang"
        },
        {
            "id": "100010858384086",
            "count": 0,
            "name": "Vũ Phương Nam"
        },
        {
            "id": "100072104305189",
            "count": 0,
            "name": "Đặng Trung Hải"
        },
        {
            "id": "100084235997328",
            "count": 0,
            "name": "Cpu Hiếu"
        },
        {
            "id": "61550958657893",
            "count": 0,
            "name": "Trần Quang Khương Duy"
        },
        {
            "id": "61553738551510",
            "count": 0,
            "name": "Người Lạ"
        },
        {
            "id": "61557403790104",
            "count": 0,
            "name": "Đỗ An"
        },
        {
            "id": "100049627567638",
            "count": 0,
            "name": "Tieu Ho"
        },
        {
            "id": "100047954334287",
            "count": 0,
            "name": "Nguyễn Kiên"
        },
        {
            "id": "100063543594314",
            "count": 0,
            "name": "Hoàng Khang"
        },
        {
            "id": "100090074700454",
            "count": 0,
            "name": "Dũng Hoàng"
        },
        {
            "id": "61551599410215",
            "count": 0,
            "name": "Văn Lực"
        },
        {
            "id": "100090925587988",
            "count": 0,
            "name": "Khanhh Nom Nom"
        },
        {
            "id": "100044589051374",
            "count": 0,
            "name": "KO Biêt"
        },
        {
            "id": "100050589443314",
            "count": 0,
            "name": "Hà Trọng Nam Anh"
        },
        {
            "id": "100089928187555",
            "count": 0,
            "name": "Phan Phan"
        },
        {
            "id": "61550340247445",
            "count": 0,
            "name": "Hoang Anh La"
        },
        {
            "id": "61559792594662",
            "count": 0,
            "name": "Ftn DDuong"
        },
        {
            "id": "100090379412671",
            "count": 0,
            "name": "Không Có Tên"
        },
        {
            "id": "61559896483314",
            "count": 0,
            "name": "Đứa Trẻ Vô Tri"
        },
        {
            "id": "61556713273005",
            "count": 0,
            "name": "Ng Huy Hùng"
        },
        {
            "id": "100071171310293",
            "count": 0,
            "name": "Gia Thuận"
        },
        {
            "id": "61557008301795",
            "count": 0,
            "name": "Minh Lee"
        },
        {
            "id": "100075501437112",
            "count": 0,
            "name": "Bạch Hải An"
        },
        {
            "id": "100059736976722",
            "count": 0,
            "name": "Trần Hiệp"
        },
        {
            "id": "61559750774116",
            "count": 0,
            "name": "Lee Minh"
        },
        {
            "id": "61556994012066",
            "count": 0,
            "name": "Long Nguyen"
        },
        {
            "id": "100081011591740",
            "count": 0,
            "name": "Minh Đức"
        },
        {
            "id": "100066753745662",
            "count": 0,
            "name": "Trương Ngọc Yến"
        },
        {
            "id": "61557144355569",
            "count": 0,
            "name": "Hưng Nguyen"
        },
        {
            "id": "100086203137078",
            "count": 0,
            "name": "Minh Tùng"
        },
        {
            "id": "100082615177507",
            "count": 0,
            "name": "Ank Là Sillsem"
        },
        {
            "id": "61560011921016",
            "count": 0,
            "name": "Nguyễn My"
        },
        {
            "id": "100085073240621",
            "count": 0,
            "name": "Dang Gia Khanh"
        },
        {
            "id": "61560052718091",
            "count": 0,
            "name": "Ngô Bảo Hoàng"
        },
        {
            "id": "100077939007178",
            "count": 0,
            "name": "Khang Trần"
        },
        {
            "id": "61551942783619",
            "count": 0,
            "name": "Nguyễn Dũng"
        },
        {
            "id": "100070207165782",
            "count": 0,
            "name": "Nguyễn An "
        },
        {
            "id": "100090304527820",
            "count": 0,
            "name": "Thanh Phong"
        },
        {
            "id": "100075232214102",
            "count": 0,
            "name": "Leduck Per"
        },
        {
            "id": "100093713666688",
            "count": 0,
            "name": "Mai Hiếu"
        },
        {
            "id": "100093624008522",
            "count": 0,
            "name": "Lê Vũ"
        },
        {
            "id": "100082735554946",
            "count": 0,
            "name": "Quốc Cường"
        },
        {
            "id": "100085299442772",
            "count": 0,
            "name": "Nguyễn Kiệt"
        },
        {
            "id": "100088010299322",
            "count": 0,
            "name": "Trần Trí"
        },
        {
            "id": "100089855192370",
            "count": 0,
            "name": "Bin Ho"
        },
        {
            "id": "61557120017633",
            "count": 0,
            "name": "Nguyễn Tiến Bảo"
        },
        {
            "id": "61552795641442",
            "count": 0,
            "name": "Trần Minh"
        },
        {
            "id": "61555357288339",
            "count": 0,
            "name": "Người dùng Facebook"
        },
        {
            "id": "61556638793138",
            "count": 0,
            "name": "Huy Tran"
        },
        {
            "id": "100080143015249",
            "count": 0,
            "name": "Mai Anh Ng"
        },
        {
            "id": "61551564122552",
            "count": 0,
            "name": "Duong Tran"
        },
        {
            "id": "100095613100757",
            "count": 0,
            "name": "Nhân Đinh"
        },
        {
            "id": "100068070266573",
            "count": 0,
            "name": "Khúc Gỗ Khờ"
        },
        {
            "id": "61550824898808",
            "count": 0,
            "name": "Sii Bịpp"
        },
        {
            "id": "61556666968083",
            "count": 0,
            "name": "Gkhanhdz vcl"
        },
        {
            "id": "100095077684083",
            "count": 0,
            "name": "Thanhh Thuậnn"
        },
        {
            "id": "100073082328631",
            "count": 0,
            "name": "Nguyễn Thảo"
        },
        {
            "id": "100087629987928",
            "count": 0,
            "name": "Minh Ngọc"
        },
        {
            "id": "61550305359524",
            "count": 0,
            "name": "Hoàng Phúc"
        },
        {
            "id": "61555802977937",
            "count": 0,
            "name": "Hi Hi Hi"
        },
        {
            "id": "100084055382135",
            "count": 0,
            "name": "Hoàng Ryoma"
        },
        {
            "id": "100046681603373",
            "count": 0,
            "name": "Vũ Tài"
        },
        {
            "id": "100091582611359",
            "count": 0,
            "name": "Ngyễn Mih Chẻmpai'z"
        },
        {
            "id": "61558451405412",
            "count": 0,
            "name": "Quyên Kim"
        },
        {
            "id": "100062916611960",
            "count": 0,
            "name": "Phương Phạm"
        },
        {
            "id": "100081426889405",
            "count": 0,
            "name": "Ng Huynh"
        },
        {
            "id": "100080683433349",
            "count": 0,
            "name": "Người dùng Facebook"
        },
        {
            "id": "61557631046345",
            "count": 0,
            "name": "Sukk CT"
        },
        {
            "id": "100077007889232",
            "count": 0,
            "name": "Nguyễn Văn Tuấn Lộc"
        },
        {
            "id": "61551421948393",
            "count": 0,
            "name": "Đỗ Nhật Linh"
        },
        {
            "id": "100085256622286",
            "count": 0,
            "name": "Phạm Huy Danh"
        },
        {
            "id": "100062859967106",
            "count": 0,
            "name": "Giau Huynh"
        },
        {
            "id": "100082139922419",
            "count": 0,
            "name": "Nguyễn Thắng"
        },
        {
            "id": "100090663558384",
            "count": 0,
            "name": "Đạt Đặng"
        },
        {
            "id": "100095403402443",
            "count": 0,
            "name": "Đào Mạnh Thao"
        },
        {
            "id": "100089362464756",
            "count": 0,
            "name": "Đào Quỳnh Trang"
        },
        {
            "id": "100037209042507",
            "count": 0,
            "name": "Vinh Boss"
        },
        {
            "id": "100092664111218",
            "count": 0,
            "name": "Tùng Idol"
        },
        {
            "id": "100067550746211",
            "count": 0,
            "name": "Hải Dương"
        },
        {
            "id": "100083379154814",
            "count": 0,
            "name": "Nguyễn Trần Kim Anh"
        },
        {
            "id": "100078239662434",
            "count": 0,
            "name": "Tnhi Nguyễn"
        },
        {
            "id": "100089932694398",
            "count": 0,
            "name": "Phạm Thanh Phong"
        },
        {
            "id": "100072410351809",
            "count": 0,
            "name": "Hg Tiếnn Dũnqq"
        },
        {
            "id": "100041377519107",
            "count": 0,
            "name": "Nguyễn Hiếu"
        },
        {
            "id": "100091637689454",
            "count": 0,
            "name": "Nguyên Giáp"
        },
        {
            "id": "100093955088307",
            "count": 0,
            "name": "Nam Chẻmpai'z"
        },
        {
            "id": "61550632443621",
            "count": 0,
            "name": "Thien Vy"
        },
        {
            "id": "100089625363287",
            "count": 0,
            "name": "Go Jo"
        },
        {
            "id": "100055727123015",
            "count": 0,
            "name": "Võ Bùi Việt"
        },
        {
            "id": "61560531014816",
            "count": 0,
            "name": "Minh Nhat"
        },
        {
            "id": "100060102919144",
            "count": 0,
            "name": "Lê Hậu"
        },
        {
            "id": "100072179948882",
            "count": 0,
            "name": "Tuan Anh"
        },
        {
            "id": "61556172870224",
            "count": 0,
            "name": "Huy Huy"
        },
        {
            "id": "61556894156849",
            "count": 0,
            "name": "Em dạo này ổn không Còn đi làm ở công ty cũ Còn đi sớm về hôm nhưng mà đồng lương vẫn không khi đủ Đồng nghiệp của em thế nào trong thang máy có chào với nhau "
        },
        {
            "id": "100059335020009",
            "count": 0,
            "name": "Đặng Thành Toàn"
        },
        {
            "id": "100083913380058",
            "count": 0,
            "name": "Nguyễn Nam"
        },
        {
            "id": "61554874018118",
            "count": 0,
            "name": "Chí Hoàng"
        },
        {
            "id": "100054163695425",
            "count": 0,
            "name": "Minh Nhat"
        },
        {
            "id": "100090933180713",
            "count": 0,
            "name": "Huy T Hai Ba"
        },
        {
            "id": "100093570639012",
            "count": 0,
            "name": "Quân Ko Gey"
        },
        {
            "id": "100087200881454",
            "count": 0,
            "name": "Nguyen Hoang Cuong"
        },
        {
            "id": "100038517944697",
            "count": 0,
            "name": "Lê Huy"
        },
        {
            "id": "100093348157966",
            "count": 0,
            "name": "Ngô Quang Minh"
        },
        {
            "id": "61559882537405",
            "count": 0,
            "name": "Anh Quan Chu"
        },
        {
            "id": "100078367361448",
            "count": 0,
            "name": "Long Trương"
        },
        {
            "id": "100004752336149",
            "count": 0,
            "name": "Dang Gia Khanh"
        },
        {
            "id": "61553248747926",
            "count": 0,
            "name": "Nguyễn Hoàng Khang"
        },
        {
            "id": "100094885119531",
            "count": 0,
            "name": "Nguyen Hoang Duong"
        },
        {
            "id": "100074149253219",
            "count": 0,
            "name": "Masew Mix"
        },
        {
            "id": "100094021871567",
            "count": 0,
            "name": "Tsugikuni Yoriichi"
        },
        {
            "id": "61554313867556",
            "count": 0,
            "name": "Nguyễn Duy"
        },
        {
            "id": "100086545520110",
            "count": 0,
            "name": "Nong Tuan Anh"
        },
        {
            "id": "61555706849380",
            "count": 0,
            "name": "Lâm Lê"
        },
        {
            "id": "61553349840198",
            "count": 0,
            "name": "Mai Quốc Danh"
        },
        {
            "id": "727201807",
            "count": 0,
            "name": "Trịnh Quốc Đại"
        },
        {
            "id": "61561929966427",
            "count": 0,
            "name": "Thanh Thanh"
        },
        {
            "id": "61561530282324",
            "count": 0,
            "name": "Roronoa Xoro"
        },
        {
            "id": "61562119298096",
            "count": 0,
            "name": "Chu Quang Thủy"
        },
        {
            "id": "100023434451963",
            "count": 0,
            "name": "Cao Ngọc Hiếu"
        },
        {
            "id": "61562957031924",
            "count": 0,
            "name": "Quỳnhh Nhưu"
        },
        {
            "id": "61553998834978",
            "count": 0,
            "name": "Văn Toàn Lê"
        },
        {
            "id": "100023746650773",
            "count": 0,
            "name": "Phạm Minh Đồng"
        },
        {
            "id": "100024355281353",
            "count": 0,
            "name": "Thu Hiền"
        },
        {
            "id": "100033771141427",
            "count": 0,
            "name": "Bé Xu"
        },
        {
            "id": "100048093021304",
            "count": 0,
            "name": "Nguyễn Quốc Toàn"
        },
        {
            "id": "100037596822429",
            "count": 0,
            "name": "Chính Dương"
        },
        {
            "id": "100047157346580",
            "count": 0,
            "name": "༒«ะ๏ຼົะ»⁂⸸••••𝗧𝗿𝗶𝗻𝗵𝗤𝘂𝗼𝗰𝗗𝗮𝗶••••«ะ๏ຼົะ»⁂༒ 🩶🩷🩶🩷🩶🩷🩶🩷🩶🩷 🛜🛜🛜🛜🛜🛜🛜🛜🛜🛜 🪻🪻🪻🪻🪻🪻🪻🪻🪻🪻 🫎🪼🫎🪼🫎🪼🫎🪼🫎🪼 🫏🫏🫏🫸🫨🫨🫷🫏🫏🫏 🩷🩵🩷🩵🩷🩵🩷🩵🩷🩵"
        },
        {
            "id": "100042750775325",
            "count": 0,
            "name": "Vày Lập Đức"
        },
        {
            "id": "100093272876499",
            "count": 0,
            "name": "Người dùng facebook"
        },
        {
            "id": "100089494792922",
            "count": 0,
            "name": "Anh　Là　 Zeno　Đấng Toàn　Năng"
        },
        {
            "id": "100089033040313",
            "count": 0,
            "name": "Nguyễn Đức Toàn"
        },
        {
            "id": "100077461261016",
            "count": 0,
            "name": "Vày Lập Đức"
        },
        {
            "id": "100080101487002",
            "count": 0,
            "name": "Tú SadBoy"
        },
        {
            "id": "61555877896247",
            "count": 0,
            "name": "Người dùng facebook"
        },
        {
            "id": "61555731705367",
            "count": 0,
            "name": "Quang Phong Ng"
        },
        {
            "id": "100088536677217",
            "count": 0,
            "name": "Nguyễn Thanh Tùng"
        },
        {
            "id": "61557549038844",
            "count": 0,
            "name": "Trung Pham"
        },
        {
            "id": "100056132552253",
            "count": 0,
            "name": "Shao Cũng Được"
        },
        {
            "id": "100067476173639",
            "count": 0,
            "name": "Nguyễn Kiệt"
        }
    ],
    "time": 0,
    "last": {
        "time": 1,
        "day": [
            {
                "id": "100075098599381",
                "count": 0,
                "name": "Eric Chẻmpai’z."
            },
            {
                "id": "100076651639180",
                "count": 6,
                "name": "Rùa Zời"
            },
            {
                "id": "100050188775013",
                "count": 0,
                "name": "Quốc Lord"
            },
            {
                "id": "100078054771341",
                "count": 0,
                "name": "Phong Nguyễn"
            },
            {
                "id": "100082994745077",
                "count": 0,
                "name": "Văn Lực"
            },
            {
                "id": "100026280273936",
                "count": 0,
                "name": "Thạnh Hoàng"
            },
            {
                "id": "100083627820090",
                "count": 0,
                "name": "Horu Takana"
            },
            {
                "id": "61554668332705",
                "count": 0,
                "name": "Kim Liên"
            },
            {
                "id": "100092727484219",
                "count": 0,
                "name": "Khôi Hoàng"
            },
            {
                "id": "100073804614324",
                "count": 0,
                "name": "Nguyễn Huy Hoàng"
            },
            {
                "id": "100085455150504",
                "count": 0,
                "name": "Nguyễn Xuân Đạt"
            },
            {
                "id": "100037578427658",
                "count": 0,
                "name": "Đặng Khang"
            },
            {
                "id": "100010858384086",
                "count": 0,
                "name": "Vũ Phương Nam"
            },
            {
                "id": "100072104305189",
                "count": 0,
                "name": "Đặng Trung Hải"
            },
            {
                "id": "100084235997328",
                "count": 1,
                "name": "Cpu Hiếu"
            },
            {
                "id": "61550958657893",
                "count": 0,
                "name": "Trần Quang Khương Duy"
            },
            {
                "id": "61553738551510",
                "count": 0,
                "name": "Người Lạ"
            },
            {
                "id": "61557403790104",
                "count": 2,
                "name": "Đỗ An"
            },
            {
                "id": "100049627567638",
                "count": 0,
                "name": "Tieu Ho"
            },
            {
                "id": "100047954334287",
                "count": 0,
                "name": "Nguyễn Kiên"
            },
            {
                "id": "100063543594314",
                "count": 0,
                "name": "Hoàng Khang"
            },
            {
                "id": "100090074700454",
                "count": 0,
                "name": "Dũng Hoàng"
            },
            {
                "id": "61551599410215",
                "count": 0,
                "name": "Văn Lực"
            },
            {
                "id": "100090925587988",
                "count": 0,
                "name": "Khanhh Nom Nom"
            },
            {
                "id": "100044589051374",
                "count": 0,
                "name": "KO Biêt"
            },
            {
                "id": "100050589443314",
                "count": 0,
                "name": "Hà Trọng Nam Anh"
            },
            {
                "id": "100089928187555",
                "count": 0,
                "name": "Phan Phan"
            },
            {
                "id": "61550340247445",
                "count": 0,
                "name": "Hoang Anh La"
            },
            {
                "id": "61559792594662",
                "count": 0,
                "name": "Ftn DDuong"
            },
            {
                "id": "100090379412671",
                "count": 0,
                "name": "Không Có Tên"
            },
            {
                "id": "61559896483314",
                "count": 0,
                "name": "Đứa Trẻ Vô Tri"
            },
            {
                "id": "61556713273005",
                "count": 0,
                "name": "Ng Huy Hùng"
            },
            {
                "id": "100071171310293",
                "count": 0,
                "name": "Gia Thuận"
            },
            {
                "id": "61557008301795",
                "count": 0,
                "name": "Minh Lee"
            },
            {
                "id": "100075501437112",
                "count": 1,
                "name": "Bạch Hải An"
            },
            {
                "id": "100059736976722",
                "count": 0,
                "name": "Trần Hiệp"
            },
            {
                "id": "61559750774116",
                "count": 0,
                "name": "Lee Minh"
            },
            {
                "id": "61556994012066",
                "count": 0,
                "name": "Long Nguyen"
            },
            {
                "id": "100081011591740",
                "count": 0,
                "name": "Minh Đức"
            },
            {
                "id": "100066753745662",
                "count": 0,
                "name": "Trương Ngọc Yến"
            },
            {
                "id": "61557144355569",
                "count": 0,
                "name": "Hưng Nguyen"
            },
            {
                "id": "100086203137078",
                "count": 0,
                "name": "Minh Tùng"
            },
            {
                "id": "100082615177507",
                "count": 0,
                "name": "Ank Là Sillsem"
            },
            {
                "id": "61560011921016",
                "count": 0,
                "name": "Nguyễn My"
            },
            {
                "id": "100085073240621",
                "count": 93,
                "name": "Dang Gia Khanh"
            },
            {
                "id": "61560052718091",
                "count": 0,
                "name": "Ngô Bảo Hoàng"
            },
            {
                "id": "100077939007178",
                "count": 1,
                "name": "Khang Trần"
            },
            {
                "id": "61551942783619",
                "count": 0,
                "name": "Nguyễn Dũng"
            },
            {
                "id": "100070207165782",
                "count": 0,
                "name": "Nguyễn An "
            },
            {
                "id": "100090304527820",
                "count": 0,
                "name": "Thanh Phong"
            },
            {
                "id": "100075232214102",
                "count": 0,
                "name": "Leduck Per"
            },
            {
                "id": "100093713666688",
                "count": 0,
                "name": "Mai Hiếu"
            },
            {
                "id": "100093624008522",
                "count": 0,
                "name": "Lê Vũ"
            },
            {
                "id": "100082735554946",
                "count": 0,
                "name": "Quốc Cường"
            },
            {
                "id": "100085299442772",
                "count": 0,
                "name": "Nguyễn Kiệt"
            },
            {
                "id": "100088010299322",
                "count": 0,
                "name": "Trần Trí"
            },
            {
                "id": "100089855192370",
                "count": 0,
                "name": "Bin Ho"
            },
            {
                "id": "61557120017633",
                "count": 0,
                "name": "Nguyễn Tiến Bảo"
            },
            {
                "id": "61552795641442",
                "count": 0,
                "name": "Trần Minh"
            },
            {
                "id": "61555357288339",
                "count": 0,
                "name": "Người dùng Facebook"
            },
            {
                "id": "61556638793138",
                "count": 0,
                "name": "Huy Tran"
            },
            {
                "id": "100080143015249",
                "count": 0,
                "name": "Mai Anh Ng"
            },
            {
                "id": "61551564122552",
                "count": 1,
                "name": "Duong Tran"
            },
            {
                "id": "100095613100757",
                "count": 0,
                "name": "Nhân Đinh"
            },
            {
                "id": "100068070266573",
                "count": 0,
                "name": "Khúc Gỗ Khờ"
            },
            {
                "id": "61550824898808",
                "count": 0,
                "name": "Sii Bịpp"
            },
            {
                "id": "61556666968083",
                "count": 83,
                "name": "Gkhanhdz vcl"
            },
            {
                "id": "100095077684083",
                "count": 2,
                "name": "Thanhh Thuậnn"
            },
            {
                "id": "100073082328631",
                "count": 0,
                "name": "Nguyễn Thảo"
            },
            {
                "id": "100087629987928",
                "count": 6,
                "name": "Minh Ngọc"
            },
            {
                "id": "61550305359524",
                "count": 0,
                "name": "Hoàng Phúc"
            },
            {
                "id": "61555802977937",
                "count": 0,
                "name": "Hi Hi Hi"
            },
            {
                "id": "100084055382135",
                "count": 0,
                "name": "Hoàng Ryoma"
            },
            {
                "id": "100046681603373",
                "count": 0,
                "name": "Vũ Tài"
            },
            {
                "id": "100091582611359",
                "count": 3,
                "name": "Ngyễn Mih Chẻmpai'z"
            },
            {
                "id": "61558451405412",
                "count": 0,
                "name": "Quyên Kim"
            },
            {
                "id": "100062916611960",
                "count": 0,
                "name": "Phương Phạm"
            },
            {
                "id": "100081426889405",
                "count": 0,
                "name": "Ng Huynh"
            },
            {
                "id": "100080683433349",
                "count": 0,
                "name": "Người dùng Facebook"
            },
            {
                "id": "61557631046345",
                "count": 0,
                "name": "Sukk CT"
            },
            {
                "id": "100077007889232",
                "count": 0,
                "name": "Nguyễn Văn Tuấn Lộc"
            },
            {
                "id": "61551421948393",
                "count": 0,
                "name": "Đỗ Nhật Linh"
            },
            {
                "id": "100085256622286",
                "count": 1,
                "name": "Phạm Huy Danh"
            },
            {
                "id": "100062859967106",
                "count": 0,
                "name": "Giau Huynh"
            },
            {
                "id": "100082139922419",
                "count": 0,
                "name": "Nguyễn Thắng"
            },
            {
                "id": "100090663558384",
                "count": 0,
                "name": "Đạt Đặng"
            },
            {
                "id": "100095403402443",
                "count": 0,
                "name": "Đào Mạnh Thao"
            },
            {
                "id": "100089362464756",
                "count": 0,
                "name": "Đào Quỳnh Trang"
            },
            {
                "id": "100037209042507",
                "count": 0,
                "name": "Vinh Boss"
            },
            {
                "id": "100092664111218",
                "count": 0,
                "name": "Tùng Idol"
            },
            {
                "id": "100067550746211",
                "count": 0,
                "name": "Hải Dương"
            },
            {
                "id": "100083379154814",
                "count": 0,
                "name": "Nguyễn Trần Kim Anh"
            },
            {
                "id": "100078239662434",
                "count": 0,
                "name": "Tnhi Nguyễn"
            },
            {
                "id": "100089932694398",
                "count": 0,
                "name": "Phạm Thanh Phong"
            },
            {
                "id": "100072410351809",
                "count": 0,
                "name": "Hg Tiếnn Dũnqq"
            },
            {
                "id": "100041377519107",
                "count": 0,
                "name": "Nguyễn Hiếu"
            },
            {
                "id": "100091637689454",
                "count": 0,
                "name": "Nguyên Giáp"
            },
            {
                "id": "100093955088307",
                "count": 13,
                "name": "Nam Chẻmpai'z"
            },
            {
                "id": "61550632443621",
                "count": 0,
                "name": "Thien Vy"
            },
            {
                "id": "100089625363287",
                "count": 0,
                "name": "Go Jo"
            },
            {
                "id": "100055727123015",
                "count": 0,
                "name": "Võ Bùi Việt"
            },
            {
                "id": "61560531014816",
                "count": 0,
                "name": "Minh Nhat"
            },
            {
                "id": "100060102919144",
                "count": 0,
                "name": "Lê Hậu"
            },
            {
                "id": "100072179948882",
                "count": 0,
                "name": "Tuan Anh"
            },
            {
                "id": "61556172870224",
                "count": 0,
                "name": "Huy Huy"
            },
            {
                "id": "61556894156849",
                "count": 0,
                "name": "Em dạo này ổn không Còn đi làm ở công ty cũ Còn đi sớm về hôm nhưng mà đồng lương vẫn không khi đủ Đồng nghiệp của em thế nào trong thang máy có chào với nhau "
            },
            {
                "id": "100059335020009",
                "count": 0,
                "name": "Đặng Thành Toàn"
            },
            {
                "id": "100083913380058",
                "count": 0,
                "name": "Nguyễn Nam"
            },
            {
                "id": "61554874018118",
                "count": 0,
                "name": "Chí Hoàng"
            },
            {
                "id": "100054163695425",
                "count": 0,
                "name": "Minh Nhat"
            },
            {
                "id": "100090933180713",
                "count": 0,
                "name": "Huy T Hai Ba"
            },
            {
                "id": "100093570639012",
                "count": 0,
                "name": "Quân Ko Gey"
            },
            {
                "id": "100087200881454",
                "count": 0,
                "name": "Nguyen Hoang Cuong"
            },
            {
                "id": "100038517944697",
                "count": 0,
                "name": "Lê Huy"
            },
            {
                "id": "100093348157966",
                "count": 0,
                "name": "Ngô Quang Minh"
            },
            {
                "id": "61559882537405",
                "count": 0,
                "name": "Anh Quan Chu"
            },
            {
                "id": "100078367361448",
                "count": 0,
                "name": "Long Trương"
            },
            {
                "id": "100004752336149",
                "count": 0,
                "name": "Dang Gia Khanh"
            },
            {
                "id": "61553248747926",
                "count": 0,
                "name": "Nguyễn Hoàng Khang"
            },
            {
                "id": "100094885119531",
                "count": 0,
                "name": "Nguyen Hoang Duong"
            },
            {
                "id": "100074149253219",
                "count": 0,
                "name": "Masew Mix"
            },
            {
                "id": "100094021871567",
                "count": 1,
                "name": "Tsugikuni Yoriichi"
            },
            {
                "id": "61554313867556",
                "count": 0,
                "name": "Nguyễn Duy"
            },
            {
                "id": "100086545520110",
                "count": 0,
                "name": "Nong Tuan Anh"
            },
            {
                "id": "61555706849380",
                "count": 0,
                "name": "Lâm Lê"
            },
            {
                "id": "61553349840198",
                "count": 4,
                "name": "Mai Quốc Danh"
            },
            {
                "id": "727201807",
                "count": 0,
                "name": "Trịnh Quốc Đại"
            },
            {
                "id": "61561929966427",
                "count": 0,
                "name": "Thanh Thanh"
            },
            {
                "id": "61561530282324",
                "count": 0,
                "name": "Roronoa Xoro"
            },
            {
                "id": "61562119298096",
                "count": 0,
                "name": "Chu Quang Thủy"
            },
            {
                "id": "100023434451963",
                "count": 0,
                "name": "Cao Ngọc Hiếu"
            },
            {
                "id": "61562957031924",
                "count": 0,
                "name": "Quỳnhh Nhưu"
            },
            {
                "id": "61553998834978",
                "count": 0,
                "name": "Văn Toàn Lê"
            },
            {
                "id": "100023746650773",
                "count": 0,
                "name": "Phạm Minh Đồng"
            },
            {
                "id": "100024355281353",
                "count": 0,
                "name": "Thu Hiền"
            },
            {
                "id": "100033771141427",
                "count": 0,
                "name": "Bé Xu"
            },
            {
                "id": "100048093021304",
                "count": 0,
                "name": "Nguyễn Quốc Toàn"
            },
            {
                "id": "100037596822429",
                "count": 0,
                "name": "Chính Dương"
            },
            {
                "id": "100047157346580",
                "count": 0,
                "name": "༒«ะ๏ຼົะ»⁂⸸••••𝗧𝗿𝗶𝗻𝗵𝗤𝘂𝗼𝗰𝗗𝗮𝗶••••«ะ๏ຼົะ»⁂༒ 🩶🩷🩶🩷🩶🩷🩶🩷🩶🩷 🛜🛜🛜🛜🛜🛜🛜🛜🛜🛜 🪻🪻🪻🪻🪻🪻🪻🪻🪻🪻 🫎🪼🫎🪼🫎🪼🫎🪼🫎🪼 🫏🫏🫏🫸🫨🫨🫷🫏🫏🫏 🩷🩵🩷🩵🩷🩵🩷🩵🩷🩵"
            },
            {
                "id": "100042750775325",
                "count": 0,
                "name": "Vày Lập Đức"
            },
            {
                "id": "100093272876499",
                "count": 0,
                "name": "Người dùng facebook"
            },
            {
                "id": "100089494792922",
                "count": 0,
                "name": "Anh　Là　 Zeno　Đấng Toàn　Năng"
            },
            {
                "id": "100089033040313",
                "count": 28,
                "name": "Nguyễn Đức Toàn"
            },
            {
                "id": "100077461261016",
                "count": 0,
                "name": "Vày Lập Đức"
            },
            {
                "id": "100080101487002",
                "count": 0,
                "name": "Tú SadBoy"
            },
            {
                "id": "61555877896247",
                "count": 0,
                "name": "Người dùng facebook"
            },
            {
                "id": "61555731705367",
                "count": 4,
                "name": "Quang Phong Ng"
            },
            {
                "id": "100088536677217",
                "count": 0,
                "name": "Nguyễn Thanh Tùng"
            },
            {
                "id": "61557549038844",
                "count": 0,
                "name": "Trung Pham"
            },
            {
                "id": "100056132552253",
                "count": 0,
                "name": "Shao Cũng Được"
            },
            {
                "id": "100067476173639",
                "count": 0,
                "name": "Nguyễn Kiệt"
            }
        ],
        "week": [
            {
                "id": "100075098599381",
                "count": 260,
                "name": "Eric Chẻmpai’z."
            },
            {
                "id": "100076651639180",
                "count": 24,
                "name": "Rùa Zời"
            },
            {
                "id": "100050188775013",
                "count": 6,
                "name": "Quốc Lord"
            },
            {
                "id": "100078054771341",
                "count": 0,
                "name": "Phong Nguyễn"
            },
            {
                "id": "100082994745077",
                "count": 44,
                "name": "Văn Lực"
            },
            {
                "id": "100026280273936",
                "count": 0,
                "name": "Thạnh Hoàng"
            },
            {
                "id": "100083627820090",
                "count": 1,
                "name": "Horu Takana"
            },
            {
                "id": "61554668332705",
                "count": 0,
                "name": "Kim Liên"
            },
            {
                "id": "100092727484219",
                "count": 73,
                "name": "Khôi Hoàng"
            },
            {
                "id": "100073804614324",
                "count": 0,
                "name": "Nguyễn Huy Hoàng"
            },
            {
                "id": "100085455150504",
                "count": 0,
                "name": "Nguyễn Xuân Đạt"
            },
            {
                "id": "100037578427658",
                "count": 0,
                "name": "Đặng Khang"
            },
            {
                "id": "100010858384086",
                "count": 0,
                "name": "Vũ Phương Nam"
            },
            {
                "id": "100074574676523",
                "count": 0,
                "name": "Lê Tứ"
            },
            {
                "id": "100072104305189",
                "count": 0,
                "name": "Đặng Trung Hải"
            },
            {
                "id": "100084235997328",
                "count": 0,
                "name": "Cpu Hiếu"
            },
            {
                "id": "61550958657893",
                "count": 4,
                "name": "Trần Quang Khương Duy"
            },
            {
                "id": "61553738551510",
                "count": 0,
                "name": "Người Lạ"
            },
            {
                "id": "61557403790104",
                "count": 0,
                "name": "Đỗ An"
            },
            {
                "id": "100049627567638",
                "count": 0,
                "name": "Tieu Ho"
            },
            {
                "id": "100047954334287",
                "count": 0,
                "name": "Nguyễn Kiên"
            },
            {
                "id": "100063543594314",
                "count": 0,
                "name": "Hoàng Khang"
            },
            {
                "id": "100090074700454",
                "count": 0,
                "name": "Dũng Hoàng"
            },
            {
                "id": "61551599410215",
                "count": 0,
                "name": "Văn Lực"
            },
            {
                "id": "100090925587988",
                "count": 0,
                "name": "Khanhh Nom Nom"
            },
            {
                "id": "100044589051374",
                "count": 1,
                "name": "KO Biêt"
            },
            {
                "id": "100050589443314",
                "count": 15,
                "name": "Hà Trọng Nam Anh"
            },
            {
                "id": "100089928187555",
                "count": 0,
                "name": "Phan Phan"
            },
            {
                "id": "61550340247445",
                "count": 0,
                "name": "Hoang Anh La"
            },
            {
                "id": "61559792594662",
                "count": 4,
                "name": "Ftn DDuong"
            },
            {
                "id": "100090379412671",
                "count": 1,
                "name": "Không Có Tên"
            },
            {
                "id": "61559896483314",
                "count": 23,
                "name": "Đứa Trẻ Vô Tri"
            },
            {
                "id": "61556713273005",
                "count": 4,
                "name": "Ng Huy Hùng"
            },
            {
                "id": "100071171310293",
                "count": 3,
                "name": "Gia Thuận"
            },
            {
                "id": "61557008301795",
                "count": 0,
                "name": "Minh Lee"
            },
            {
                "id": "100075501437112",
                "count": 9,
                "name": "Bạch Hải An"
            },
            {
                "id": "100082497818670",
                "count": 1,
                "name": "Nguoi Xau Viec Tot"
            },
            {
                "id": "100059736976722",
                "count": 2,
                "name": "Trần Hiệp"
            },
            {
                "id": "61559750774116",
                "count": 0,
                "name": "Lee Minh"
            },
            {
                "id": "61556994012066",
                "count": 0,
                "name": "Long Nguyen"
            },
            {
                "id": "100081011591740",
                "count": 0,
                "name": "Minh Đức"
            },
            {
                "id": "100066753745662",
                "count": 0,
                "name": "Trương Ngọc Yến"
            },
            {
                "id": "61557144355569",
                "count": 0,
                "name": "Hưng Nguyen"
            },
            {
                "id": "100086203137078",
                "count": 0,
                "name": "Minh Tùng"
            },
            {
                "id": "100082615177507",
                "count": 0,
                "name": "Ank Là Sillsem"
            },
            {
                "id": "61560011921016",
                "count": 0,
                "name": "Nguyễn My"
            },
            {
                "id": "100002240840457",
                "count": 0,
                "name": "Người dùng Facebook"
            },
            {
                "id": "100085073240621",
                "count": 148,
                "name": "Dang Gia Khanh"
            },
            {
                "id": "61560052718091",
                "count": 0,
                "name": "Ngô Bảo Hoàng"
            },
            {
                "id": "100077939007178",
                "count": 2,
                "name": "Khang Trần"
            },
            {
                "id": "61551942783619",
                "count": 0,
                "name": "Nguyễn Dũng"
            },
            {
                "id": "100070207165782",
                "count": 1,
                "name": "Nguyễn An "
            },
            {
                "id": "100090304527820",
                "count": 0,
                "name": "Thanh Phong"
            },
            {
                "id": "100075232214102",
                "count": 0,
                "name": "Leduck Per"
            },
            {
                "id": "100093713666688",
                "count": 0,
                "name": "Mai Hiếu"
            },
            {
                "id": "100092273666014",
                "count": 9,
                "name": "Phạm Hải"
            },
            {
                "id": "100093624008522",
                "count": 10,
                "name": "Lê Vũ"
            },
            {
                "id": "100057790043038",
                "count": 0,
                "name": "Nguyễn Hoàng"
            },
            {
                "id": "100082735554946",
                "count": 0,
                "name": "Quốc Cường"
            },
            {
                "id": "100085299442772",
                "count": 10,
                "name": "Nguyễn Kiệt"
            },
            {
                "id": "100088010299322",
                "count": 18,
                "name": "Trần Trí"
            },
            {
                "id": "100089855192370",
                "count": 0,
                "name": "Bin Ho"
            },
            {
                "id": "61557120017633",
                "count": 0,
                "name": "Nguyễn Tiến Bảo"
            },
            {
                "id": "100086767086750",
                "count": 0,
                "name": "Nguyễn Tiến"
            },
            {
                "id": "100087983177272",
                "count": 4,
                "name": "Minh Lực Nguyễn"
            },
            {
                "id": "61552795641442",
                "count": 0,
                "name": "Trần Minh"
            },
            {
                "id": "61555357288339",
                "count": 0,
                "name": "Người dùng Facebook"
            },
            {
                "id": "61556638793138",
                "count": 0,
                "name": "Huy Tran"
            },
            {
                "id": "100080143015249",
                "count": 6,
                "name": "Mai Anh Ng"
            },
            {
                "id": "61551564122552",
                "count": 28,
                "name": "Duong Tran"
            },
            {
                "id": "100095613100757",
                "count": 0,
                "name": "Nhân Đinh"
            },
            {
                "id": "100068070266573",
                "count": 0,
                "name": "Khúc Gỗ Khờ"
            },
            {
                "id": "61550824898808",
                "count": 0,
                "name": "Sii Bịpp"
            },
            {
                "id": "100082731486041",
                "count": 0,
                "name": "Hoàng Ngọc Namm"
            },
            {
                "id": "61556666968083",
                "count": 76,
                "name": "Gkhanhdz vcl"
            },
            {
                "id": "100095077684083",
                "count": 40,
                "name": "Thanhh Thuậnn"
            },
            {
                "id": "100073082328631",
                "count": 0,
                "name": "Nguyễn Thảo"
            },
            {
                "id": "100087629987928",
                "count": 155,
                "name": "Minh Ngọc"
            },
            {
                "id": "61550305359524",
                "count": 0,
                "name": "Hoàng Phúc"
            },
            {
                "id": "61555802977937",
                "count": 0,
                "name": "Hi Hi Hi"
            },
            {
                "id": "100084055382135",
                "count": 0,
                "name": "Hoàng Ryoma"
            },
            {
                "id": "100046681603373",
                "count": 0,
                "name": "Vũ Tài"
            },
            {
                "id": "100091582611359",
                "count": 212,
                "name": "Ngyễn Mih Chẻmpai'z"
            },
            {
                "id": "61558451405412",
                "count": 0,
                "name": "Quyên Kim"
            },
            {
                "id": "100062916611960",
                "count": 8,
                "name": "Phương Phạm"
            },
            {
                "id": "100081426889405",
                "count": 0,
                "name": "Ng Huynh"
            },
            {
                "id": "100080683433349",
                "count": 0,
                "name": "Người dùng Facebook"
            },
            {
                "id": "61557631046345",
                "count": 0,
                "name": "Sukk CT"
            },
            {
                "id": "100077007889232",
                "count": 0,
                "name": "Nguyễn Văn Tuấn Lộc"
            },
            {
                "id": "61551421948393",
                "count": 0,
                "name": "Đỗ Nhật Linh"
            },
            {
                "id": "100085256622286",
                "count": 6,
                "name": "Phạm Huy Danh"
            },
            {
                "id": "100062859967106",
                "count": 0,
                "name": "Giau Huynh"
            },
            {
                "id": "100082139922419",
                "count": 0,
                "name": "Nguyễn Thắng"
            },
            {
                "id": "100090663558384",
                "count": 0,
                "name": "Đạt Đặng"
            },
            {
                "id": "100095403402443",
                "count": 0,
                "name": "Đào Mạnh Thao"
            },
            {
                "id": "100089362464756",
                "count": 2,
                "name": "Đào Quỳnh Trang"
            },
            {
                "id": "100037209042507",
                "count": 0,
                "name": "Vinh Boss"
            },
            {
                "id": "100092664111218",
                "count": 2,
                "name": "Tùng Idol"
            },
            {
                "id": "100067550746211",
                "count": 0,
                "name": "Hải Dương"
            },
            {
                "id": "100083379154814",
                "count": 0,
                "name": "Nguyễn Trần Kim Anh"
            },
            {
                "id": "100078239662434",
                "count": 0,
                "name": "Tnhi Nguyễn"
            },
            {
                "id": "100089932694398",
                "count": 0,
                "name": "Phạm Thanh Phong"
            },
            {
                "id": "100091910520377",
                "count": 0,
                "name": "No Ha"
            },
            {
                "id": "100072410351809",
                "count": 0,
                "name": "Hg Tiếnn Dũnqq"
            },
            {
                "id": "100041377519107",
                "count": 8,
                "name": "Nguyễn Hiếu"
            },
            {
                "id": "100091637689454",
                "count": 0,
                "name": "Nguyên Giáp"
            },
            {
                "id": "100093955088307",
                "count": 117,
                "name": "Nam Chẻmpai'z"
            },
            {
                "id": "61550632443621",
                "count": 0,
                "name": "Thien Vy"
            },
            {
                "id": "100089625363287",
                "count": 0,
                "name": "Go Jo"
            },
            {
                "id": "100055727123015",
                "count": 0,
                "name": "Võ Bùi Việt"
            },
            {
                "id": "100073777819740",
                "count": 5,
                "name": "Phạm Mạnh"
            },
            {
                "id": "61560531014816",
                "count": 0,
                "name": "Minh Nhat"
            },
            {
                "id": "100060102919144",
                "count": 1,
                "name": "Lê Hậu"
            },
            {
                "id": "100072179948882",
                "count": 0,
                "name": "Tuan Anh"
            },
            {
                "id": "61556172870224",
                "count": 0,
                "name": "Huy Huy"
            },
            {
                "id": "100095314852523",
                "count": 0,
                "name": "Nhật Minh"
            },
            {
                "id": "61556894156849",
                "count": 0,
                "name": "Em dạo này ổn không Còn đi làm ở công ty cũ Còn đi sớm về hôm nhưng mà đồng lương vẫn không khi đủ Đồng nghiệp của em thế nào trong thang máy có chào với nhau "
            },
            {
                "id": "100059335020009",
                "count": 0,
                "name": "Đặng Thành Toàn"
            },
            {
                "id": "100083913380058",
                "count": 0,
                "name": "Nguyễn Nam"
            },
            {
                "id": "61554874018118",
                "count": 2,
                "name": "Chí Hoàng"
            },
            {
                "id": "100054163695425",
                "count": 0,
                "name": "Minh Nhat"
            },
            {
                "id": "100090933180713",
                "count": 0,
                "name": "Huy T Hai Ba"
            },
            {
                "id": "61559658088627",
                "count": 74,
                "name": "Gia Bảo"
            },
            {
                "id": "100091948945993",
                "count": 0,
                "name": "Nguyễn Dương"
            },
            {
                "id": "100093570639012",
                "count": 32,
                "name": "Quân Ko Gey"
            },
            {
                "id": "100087200881454",
                "count": 0,
                "name": "Nguyen Hoang Cuong"
            },
            {
                "id": "100038517944697",
                "count": 18,
                "name": "Lê Huy"
            },
            {
                "id": "100093348157966",
                "count": 2,
                "name": "Ngô Quang Minh"
            },
            {
                "id": "61553821514302",
                "count": 72,
                "name": "Nguyễn Mạnh"
            },
            {
                "id": "61550946196092",
                "count": 3,
                "name": "Khánh's Fushiguro"
            },
            {
                "id": "100091333920508",
                "count": 0,
                "name": "Người dùng facebook"
            },
            {
                "id": "61559882537405",
                "count": 6,
                "name": "Anh Quan Chu"
            },
            {
                "id": "100078367361448",
                "count": 37,
                "name": "Long Trương"
            },
            {
                "id": "100004752336149",
                "count": 212,
                "name": "Dang Gia Khanh"
            },
            {
                "id": "61553248747926",
                "count": 1,
                "name": "Nguyễn Hoàng Khang"
            },
            {
                "id": "61557041665007",
                "count": 0,
                "name": "Người dùng facebook"
            },
            {
                "id": "100094885119531",
                "count": 7,
                "name": "Nguyen Hoang Duong"
            },
            {
                "id": "100074149253219",
                "count": 1,
                "name": "Masew Mix"
            },
            {
                "id": "100081266550311",
                "count": 0,
                "name": "Người dùng facebook"
            },
            {
                "id": "100094021871567",
                "count": 0,
                "name": "Tsugikuni Yoriichi"
            },
            {
                "id": "61554313867556",
                "count": 19,
                "name": "Nguyễn Duy"
            },
            {
                "id": "61550346252856",
                "count": 0,
                "name": "Kính Hoa Thủy Nguyệt"
            },
            {
                "id": "100086545520110",
                "count": 2,
                "name": "Nong Tuan Anh"
            },
            {
                "id": "100089448191165",
                "count": 0,
                "name": "Người dùng facebook"
            },
            {
                "id": "61555706849380",
                "count": 0
            },
            {
                "id": "61553349840198",
                "count": 0
            },
            {
                "id": "727201807",
                "count": 0
            },
            {
                "id": "61557876557356",
                "count": 0
            },
            {
                "id": "61561929966427",
                "count": 0
            },
            {
                "id": "61561530282324",
                "count": 0
            },
            {
                "id": "61562119298096",
                "count": 0
            },
            {
                "id": "100022902729215",
                "count": 0
            },
            {
                "id": "100023434451963",
                "count": 0
            },
            {
                "id": "61562957031924",
                "count": 0
            },
            {
                "id": "61553998834978",
                "count": 0
            },
            {
                "id": "100023746650773",
                "count": 0
            },
            {
                "id": "100024355281353",
                "count": 0
            },
            {
                "id": "100033771141427",
                "count": 0
            },
            {
                "id": "100048093021304",
                "count": 0
            },
            {
                "id": "100037596822429",
                "count": 0
            },
            {
                "id": "100047157346580",
                "count": 0
            },
            {
                "id": "100042750775325",
                "count": 0
            },
            {
                "id": "100093272876499",
                "count": 0
            },
            {
                "id": "100089494792922",
                "count": 0
            },
            {
                "id": "100089033040313",
                "count": 0
            },
            {
                "id": "100077461261016",
                "count": 0
            },
            {
                "id": "100080101487002",
                "count": 0
            },
            {
                "id": "61555877896247",
                "count": 0
            },
            {
                "id": "100040310619439",
                "count": 0
            },
            {
                "id": "61555731705367",
                "count": 0
            },
            {
                "id": "100088536677217",
                "count": 0
            },
            {
                "id": "61562120650979",
                "count": 0
            },
            {
                "id": "61557549038844",
                "count": 0
            },
            {
                "id": "100056132552253",
                "count": 0
            },
            {
                "id": "100067476173639",
                "count": 0
            }
        ]
    }
}