{
    "total": [
        {
            "id": "100070411463701",
            "count": 41
        },
        {
            "id": "61554388240057",
            "count": 140
        },
        {
            "id": "100064573001202",
            "count": 0
        },
        {
            "id": "100094074284073",
            "count": 83
        },
        {
            "id": "100003101801545",
            "count": 92
        },
        {
            "id": "100088552631816",
            "count": 31
        },
        {
            "id": "100052006309540",
            "count": 0
        },
        {
            "id": "100002655425534",
            "count": 0
        },
        {
            "id": "100000267572013",
            "count": 0
        },
        {
            "id": "100071211104680",
            "count": 0
        },
        {
            "id": "61553362135440",
            "count": 0
        },
        {
            "id": "100085840735063",
            "count": 0
        },
        {
            "id": "100000256088875",
            "count": 0
        },
        {
            "id": "100090054250742",
            "count": 8
        },
        {
            "id": "100089699918009",
            "count": 37
        },
        {
            "id": "100072491290325",
            "count": 6
        },
        {
            "id": "61551997412624",
            "count": 0
        },
        {
            "id": "100025949656644",
            "count": 0
        },
        {
            "id": "100078521686853",
            "count": 0
        },
        {
            "id": "61562017855691",
            "count": 0
        },
        {
            "id": "100023644219685",
            "count": 0
        },
        {
            "id": "1053703548",
            "count": 3
        },
        {
            "id": "100085065916104",
            "count": 14
        },
        {
            "id": "61562468907763",
            "count": 1
        },
        {
            "id": "100076211796059",
            "count": 0
        },
        {
            "id": "100069097747939",
            "count": 0
        },
        {
            "id": "100003600814334",
            "count": 0
        },
        {
            "id": "100008166858665",
            "count": 0
        },
        {
            "id": "1678083193",
            "count": 1
        },
        {
            "id": "61556666968083",
            "count": 30
        },
        {
            "id": "61562121724867",
            "count": 69
        },
        {
            "id": "61559948472835",
            "count": 39
        },
        {
            "id": "61562495816778",
            "count": 0
        },
        {
            "id": "100019448567923",
            "count": 0
        }
    ],
    "week": [
        {
            "id": "100070411463701",
            "count": 41
        },
        {
            "id": "61554388240057",
            "count": 140
        },
        {
            "id": "100064573001202",
            "count": 0
        },
        {
            "id": "100094074284073",
            "count": 83
        },
        {
            "id": "100003101801545",
            "count": 92
        },
        {
            "id": "100088552631816",
            "count": 31
        },
        {
            "id": "100052006309540",
            "count": 0
        },
        {
            "id": "100002655425534",
            "count": 0
        },
        {
            "id": "100000267572013",
            "count": 0
        },
        {
            "id": "100071211104680",
            "count": 0
        },
        {
            "id": "61553362135440",
            "count": 0
        },
        {
            "id": "100085840735063",
            "count": 0
        },
        {
            "id": "100000256088875",
            "count": 0
        },
        {
            "id": "100090054250742",
            "count": 8
        },
        {
            "id": "100089699918009",
            "count": 37
        },
        {
            "id": "100072491290325",
            "count": 6
        },
        {
            "id": "61551997412624",
            "count": 0
        },
        {
            "id": "100025949656644",
            "count": 0
        },
        {
            "id": "100078521686853",
            "count": 0
        },
        {
            "id": "61562017855691",
            "count": 0
        },
        {
            "id": "100023644219685",
            "count": 0
        },
        {
            "id": "1053703548",
            "count": 3
        },
        {
            "id": "100085065916104",
            "count": 14
        },
        {
            "id": "61562468907763",
            "count": 1
        },
        {
            "id": "100076211796059",
            "count": 0
        },
        {
            "id": "100069097747939",
            "count": 0
        },
        {
            "id": "100003600814334",
            "count": 0
        },
        {
            "id": "100008166858665",
            "count": 0
        },
        {
            "id": "1678083193",
            "count": 1
        },
        {
            "id": "61556666968083",
            "count": 30
        },
        {
            "id": "61562121724867",
            "count": 69
        },
        {
            "id": "61559948472835",
            "count": 39
        },
        {
            "id": "61562495816778",
            "count": 0
        },
        {
            "id": "100019448567923",
            "count": 0
        }
    ],
    "day": [
        {
            "id": "100070411463701",
            "count": 0,
            "name": "Ngo Duc Cong"
        },
        {
            "id": "61554388240057",
            "count": 0,
            "name": "Trần Bảo Sơn"
        },
        {
            "id": "100064573001202",
            "count": 0,
            "name": "Gia Phát"
        },
        {
            "id": "100094074284073",
            "count": 0,
            "name": "𓂄𓆩𑁍𓆪𓂁Còn Gì Đâu Em Hỡi Từng Kỷ Niệm Nhạt Nhoà Theo Tháng Năm Mong Chờ 𓆤 Về Đâu Đêm Tối Với Bóng Dáng Ấy Tan Theo Làn Mây 𓅂 Giấc Mơ Nay Đã Phai Tàn Cuộc Tình Ra Đi Vội Vàng 𓆉 Con Tim Này Đành Vỡ Tan Cuộc Tình Xưa Phai Dấu Từ Một Buổi Chiều 𓅮Thật Buồn Mây Xám Theo Nhau Về Sầu Thương Giăng Kín Lấp Lối Dĩ Vãng 𓃙Tương Lai Mịt Mù Bóng Em Đã Quá Xa Vời 𓂄𓆩𑁍𓆪𓂁"
        },
        {
            "id": "100003101801545",
            "count": 0,
            "name": "Trần Jan Jan"
        },
        {
            "id": "100088552631816",
            "count": 0,
            "name": "Thanh Hoá"
        },
        {
            "id": "100052006309540",
            "count": 0,
            "name": "Trà My"
        },
        {
            "id": "100002655425534",
            "count": 0,
            "name": "Tuấn Vũ"
        },
        {
            "id": "100000267572013",
            "count": 0,
            "name": "Ngô Đức Công"
        },
        {
            "id": "100071211104680",
            "count": 0,
            "name": "Dương HotTreo"
        },
        {
            "id": "61553362135440",
            "count": 0,
            "name": "Nguyễn Điển Ios"
        },
        {
            "id": "100085840735063",
            "count": 0,
            "name": "Công Bá Sàn Treo"
        },
        {
            "id": "100000256088875",
            "count": 0,
            "name": "Bốn Không Bốn"
        },
        {
            "id": "100090054250742",
            "count": 0,
            "name": "Nguyễn Quốc Điển"
        },
        {
            "id": "100089699918009",
            "count": 0,
            "name": "Vĩnh Bé"
        },
        {
            "id": "100072491290325",
            "count": 0,
            "name": "Trần Quyền"
        },
        {
            "id": "61551997412624",
            "count": 0,
            "name": "Người dùng Facebook"
        },
        {
            "id": "100025949656644",
            "count": 0,
            "name": "Hoàng Bảo"
        },
        {
            "id": "100078521686853",
            "count": 0,
            "name": "Chỉ　Cần　Một　Ngày　Tồi　Tệ Thôi　Tôi　Sẽ　Không　Yêu　Ai Ngoài　Chính　Bản　Thân　Tôi　Cả"
        },
        {
            "id": "61562017855691",
            "count": 0,
            "name": "Chuai Duy"
        },
        {
            "id": "100023644219685",
            "count": 0,
            "name": "Trần Bảo Sơn"
        },
        {
            "id": "1053703548",
            "count": 0,
            "name": "Hoàng Luân"
        },
        {
            "id": "100085065916104",
            "count": 0,
            "name": "Trần Minh Triết"
        },
        {
            "id": "61562468907763",
            "count": 0,
            "name": "Nguyễn Văn Đức"
        },
        {
            "id": "100076211796059",
            "count": 0,
            "name": "Nói　Đi　Là　Đi　Em　Quá Vô　Tâm　Rồi　Đến　Nhanh　Vội Đi　Nhanh　Ai　Mở　Lối　Để"
        },
        {
            "id": "100069097747939",
            "count": 0,
            "name": "Đào Bảo"
        },
        {
            "id": "100003600814334",
            "count": 0,
            "name": "Chiến Thần Sàn War"
        },
        {
            "id": "100008166858665",
            "count": 0,
            "name": "Nợ　Lại　Cho　Nhau　Chiều　 Hẹn　Rong　Chơi　Ngọt　Ngào　 Nơi　Tim　Còn　Nhiều　Không　Em"
        },
        {
            "id": "1678083193",
            "count": 0,
            "name": "Nguyễn Văn Đức"
        },
        {
            "id": "61556666968083",
            "count": 0,
            "name": "Gkhanhdz vcl"
        },
        {
            "id": "61562121724867",
            "count": 0,
            "name": "Đỗ Hoàng Sơn"
        },
        {
            "id": "61559948472835",
            "count": 0,
            "name": "Minh Triết"
        },
        {
            "id": "61562495816778",
            "count": 0,
            "name": "ꔫꔫ ꔫꔫ ꔫꔫ ꔫꔫ"
        },
        {
            "id": "100019448567923",
            "count": 0,
            "name": "Nguyễn Quốc Điển"
        }
    ],
    "time": 0,
    "last": {
        "time": 1,
        "day": [
            {
                "id": "100070411463701",
                "count": 0,
                "name": "Ngo Duc Cong"
            },
            {
                "id": "61554388240057",
                "count": 0,
                "name": "Trần Bảo Sơn"
            },
            {
                "id": "100064573001202",
                "count": 0,
                "name": "Gia Phát"
            },
            {
                "id": "100094074284073",
                "count": 0,
                "name": "𓂄𓆩𑁍𓆪𓂁Còn Gì Đâu Em Hỡi Từng Kỷ Niệm Nhạt Nhoà Theo Tháng Năm Mong Chờ 𓆤 Về Đâu Đêm Tối Với Bóng Dáng Ấy Tan Theo Làn Mây 𓅂 Giấc Mơ Nay Đã Phai Tàn Cuộc Tình Ra Đi Vội Vàng 𓆉 Con Tim Này Đành Vỡ Tan Cuộc Tình Xưa Phai Dấu Từ Một Buổi Chiều 𓅮Thật Buồn Mây Xám Theo Nhau Về Sầu Thương Giăng Kín Lấp Lối Dĩ Vãng 𓃙Tương Lai Mịt Mù Bóng Em Đã Quá Xa Vời 𓂄𓆩𑁍𓆪𓂁"
            },
            {
                "id": "100003101801545",
                "count": 0,
                "name": "Trần Jan Jan"
            },
            {
                "id": "100088552631816",
                "count": 0,
                "name": "Thanh Hoá"
            },
            {
                "id": "100052006309540",
                "count": 0,
                "name": "Trà My"
            },
            {
                "id": "100002655425534",
                "count": 0,
                "name": "Tuấn Vũ"
            },
            {
                "id": "100000267572013",
                "count": 0,
                "name": "Ngô Đức Công"
            },
            {
                "id": "100071211104680",
                "count": 0,
                "name": "Dương HotTreo"
            },
            {
                "id": "61553362135440",
                "count": 0,
                "name": "Nguyễn Điển Ios"
            },
            {
                "id": "100085840735063",
                "count": 0,
                "name": "Công Bá Sàn Treo"
            },
            {
                "id": "100000256088875",
                "count": 0,
                "name": "Bốn Không Bốn"
            },
            {
                "id": "100090054250742",
                "count": 0,
                "name": "Nguyễn Quốc Điển"
            },
            {
                "id": "100089699918009",
                "count": 0,
                "name": "Vĩnh Bé"
            },
            {
                "id": "100072491290325",
                "count": 0,
                "name": "Trần Quyền"
            },
            {
                "id": "61551997412624",
                "count": 0,
                "name": "Người dùng Facebook"
            },
            {
                "id": "100025949656644",
                "count": 0,
                "name": "Hoàng Bảo"
            },
            {
                "id": "100078521686853",
                "count": 0,
                "name": "Chỉ　Cần　Một　Ngày　Tồi　Tệ Thôi　Tôi　Sẽ　Không　Yêu　Ai Ngoài　Chính　Bản　Thân　Tôi　Cả"
            },
            {
                "id": "61562017855691",
                "count": 0,
                "name": "Chuai Duy"
            },
            {
                "id": "100023644219685",
                "count": 0,
                "name": "Trần Bảo Sơn"
            },
            {
                "id": "1053703548",
                "count": 0,
                "name": "Hoàng Luân"
            },
            {
                "id": "100085065916104",
                "count": 0,
                "name": "Trần Minh Triết"
            },
            {
                "id": "61562468907763",
                "count": 0,
                "name": "Nguyễn Văn Đức"
            },
            {
                "id": "100076211796059",
                "count": 0,
                "name": "Nói　Đi　Là　Đi　Em　Quá Vô　Tâm　Rồi　Đến　Nhanh　Vội Đi　Nhanh　Ai　Mở　Lối　Để"
            },
            {
                "id": "100069097747939",
                "count": 0,
                "name": "Đào Bảo"
            },
            {
                "id": "100003600814334",
                "count": 0,
                "name": "Chiến Thần Sàn War"
            },
            {
                "id": "100008166858665",
                "count": 0,
                "name": "Nợ　Lại　Cho　Nhau　Chiều　 Hẹn　Rong　Chơi　Ngọt　Ngào　 Nơi　Tim　Còn　Nhiều　Không　Em"
            },
            {
                "id": "1678083193",
                "count": 0,
                "name": "Nguyễn Văn Đức"
            },
            {
                "id": "61556666968083",
                "count": 0,
                "name": "Gkhanhdz vcl"
            },
            {
                "id": "61562121724867",
                "count": 0,
                "name": "Đỗ Hoàng Sơn"
            },
            {
                "id": "61559948472835",
                "count": 0,
                "name": "Minh Triết"
            },
            {
                "id": "61562495816778",
                "count": 0,
                "name": "ꔫꔫ ꔫꔫ ꔫꔫ ꔫꔫ"
            },
            {
                "id": "100019448567923",
                "count": 0,
                "name": "Nguyễn Quốc Điển"
            }
        ],
        "week": [
            {
                "id": "100070411463701",
                "count": 0
            },
            {
                "id": "61554388240057",
                "count": 0
            },
            {
                "id": "100064573001202",
                "count": 0
            },
            {
                "id": "100094074284073",
                "count": 0
            },
            {
                "id": "100003101801545",
                "count": 0
            },
            {
                "id": "100088552631816",
                "count": 0
            },
            {
                "id": "100052006309540",
                "count": 0
            },
            {
                "id": "100002655425534",
                "count": 0
            },
            {
                "id": "100000267572013",
                "count": 0
            },
            {
                "id": "100071211104680",
                "count": 0
            },
            {
                "id": "61553362135440",
                "count": 0
            },
            {
                "id": "100085840735063",
                "count": 0
            },
            {
                "id": "100000256088875",
                "count": 0
            },
            {
                "id": "100090054250742",
                "count": 0
            },
            {
                "id": "100089699918009",
                "count": 0
            },
            {
                "id": "100072491290325",
                "count": 0
            },
            {
                "id": "61551997412624",
                "count": 0
            },
            {
                "id": "100025949656644",
                "count": 0
            },
            {
                "id": "100078521686853",
                "count": 0
            },
            {
                "id": "61562017855691",
                "count": 0
            },
            {
                "id": "100023644219685",
                "count": 0
            },
            {
                "id": "1053703548",
                "count": 0
            },
            {
                "id": "100085065916104",
                "count": 0
            },
            {
                "id": "61560740554202",
                "count": 0
            },
            {
                "id": "61562468907763",
                "count": 0
            },
            {
                "id": "100076211796059",
                "count": 0
            },
            {
                "id": "100069097747939",
                "count": 0
            },
            {
                "id": "100003600814334",
                "count": 0
            },
            {
                "id": "100008166858665",
                "count": 0
            },
            {
                "id": "100093308211095",
                "count": 0
            },
            {
                "id": "1678083193",
                "count": 0
            },
            {
                "id": "61556666968083",
                "count": 0
            },
            {
                "id": "61561336433951",
                "count": 0
            },
            {
                "id": "100087278027320",
                "count": 0
            },
            {
                "id": "61562121724867",
                "count": 0
            },
            {
                "id": "61559948472835",
                "count": 0
            },
            {
                "id": "61559809987389",
                "count": 0
            },
            {
                "id": "61562495816778",
                "count": 0
            },
            {
                "id": "100019448567923",
                "count": 0
            }
        ]
    }
}