{
    "total": [
        {
            "id": "61560593505625",
            "count": 195
        },
        {
            "id": "61562362730868",
            "count": 638
        },
        {
            "id": "61561368861584",
            "count": 243
        },
        {
            "id": "100068880912194",
            "count": 61
        },
        {
            "id": "100083075052685",
            "count": 2
        },
        {
            "id": "100071369841081",
            "count": 429
        },
        {
            "id": "100093156639046",
            "count": 22
        },
        {
            "id": "100064869522380",
            "count": 20
        },
        {
            "id": "100094017198371",
            "count": 8
        },
        {
            "id": "100081285973469",
            "count": 380
        },
        {
            "id": "100029789775662",
            "count": 105
        },
        {
            "id": "61553088083254",
            "count": 2
        },
        {
            "id": "100004752336149",
            "count": 354
        },
        {
            "id": "100092961330159",
            "count": 4
        },
        {
            "id": "100086524556635",
            "count": 291
        },
        {
            "id": "61562492445049",
            "count": 0
        },
        {
            "id": "100071221903164",
            "count": 47
        },
        {
            "id": "100077673076807",
            "count": 35
        },
        {
            "id": "61558817584723",
            "count": 0
        },
        {
            "id": "100007120394944",
            "count": 2
        },
        {
            "id": "100054195850867",
            "count": 1
        },
        {
            "id": "100023551022338",
            "count": 0
        },
        {
            "id": "61561340190185",
            "count": 4
        },
        {
            "id": "100086972018261",
            "count": 0
        },
        {
            "id": "100077021920392",
            "count": 2
        },
        {
            "id": "100021250354439",
            "count": 16
        },
        {
            "id": "61563046315487",
            "count": 129
        },
        {
            "id": "100093618526161",
            "count": 0
        },
        {
            "id": "100053885730232",
            "count": 0
        },
        {
            "id": "100074166526125",
            "count": 36
        },
        {
            "id": "100054263122353",
            "count": 0
        },
        {
            "id": "100077347611032",
            "count": 0
        },
        {
            "id": "100045080768744",
            "count": 183
        },
        {
            "id": "100087341658650",
            "count": 0
        },
        {
            "id": "100090918241249",
            "count": 9
        },
        {
            "id": "100082485450544",
            "count": 32
        },
        {
            "id": "100086300105969",
            "count": 142
        },
        {
            "id": "61563089152648",
            "count": 2
        },
        {
            "id": "100088705853372",
            "count": 32
        },
        {
            "id": "100045163491906",
            "count": 5
        },
        {
            "id": "100049561682324",
            "count": 0
        },
        {
            "id": "100094225794970",
            "count": 10
        },
        {
            "id": "100012711282327",
            "count": 0
        },
        {
            "id": "100072363950710",
            "count": 1
        },
        {
            "id": "100078999344044",
            "count": 0
        },
        {
            "id": "61553991271166",
            "count": 16
        },
        {
            "id": "100072998533577",
            "count": 0
        },
        {
            "id": "61557453122196",
            "count": 0
        },
        {
            "id": "61562874743640",
            "count": 0
        },
        {
            "id": "100035568365451",
            "count": 5
        },
        {
            "id": "61562085450835",
            "count": 37
        }
    ],
    "week": [
        {
            "id": "61560593505625",
            "count": 195
        },
        {
            "id": "61562362730868",
            "count": 638
        },
        {
            "id": "61561368861584",
            "count": 243
        },
        {
            "id": "100068880912194",
            "count": 61
        },
        {
            "id": "100083075052685",
            "count": 2
        },
        {
            "id": "100071369841081",
            "count": 429
        },
        {
            "id": "100093156639046",
            "count": 22
        },
        {
            "id": "100064869522380",
            "count": 20
        },
        {
            "id": "100094017198371",
            "count": 8
        },
        {
            "id": "100081285973469",
            "count": 380
        },
        {
            "id": "100029789775662",
            "count": 105
        },
        {
            "id": "61553088083254",
            "count": 2
        },
        {
            "id": "100004752336149",
            "count": 354
        },
        {
            "id": "100092961330159",
            "count": 4
        },
        {
            "id": "100086524556635",
            "count": 291
        },
        {
            "id": "61562492445049",
            "count": 0
        },
        {
            "id": "100071221903164",
            "count": 47
        },
        {
            "id": "100077673076807",
            "count": 35
        },
        {
            "id": "61558817584723",
            "count": 0
        },
        {
            "id": "100007120394944",
            "count": 2
        },
        {
            "id": "100054195850867",
            "count": 1
        },
        {
            "id": "100023551022338",
            "count": 0
        },
        {
            "id": "61561340190185",
            "count": 4
        },
        {
            "id": "100086972018261",
            "count": 0
        },
        {
            "id": "100077021920392",
            "count": 2
        },
        {
            "id": "100021250354439",
            "count": 16
        },
        {
            "id": "61563046315487",
            "count": 129
        },
        {
            "id": "100093618526161",
            "count": 0
        },
        {
            "id": "100053885730232",
            "count": 0
        },
        {
            "id": "100074166526125",
            "count": 36
        },
        {
            "id": "100054263122353",
            "count": 0
        },
        {
            "id": "100077347611032",
            "count": 0
        },
        {
            "id": "100045080768744",
            "count": 183
        },
        {
            "id": "100087341658650",
            "count": 0
        },
        {
            "id": "100090918241249",
            "count": 9
        },
        {
            "id": "100082485450544",
            "count": 32
        },
        {
            "id": "100086300105969",
            "count": 142
        },
        {
            "id": "61563089152648",
            "count": 2
        },
        {
            "id": "100088705853372",
            "count": 32
        },
        {
            "id": "100045163491906",
            "count": 5
        },
        {
            "id": "100049561682324",
            "count": 0
        },
        {
            "id": "100094225794970",
            "count": 10
        },
        {
            "id": "100012711282327",
            "count": 0
        },
        {
            "id": "100072363950710",
            "count": 1
        },
        {
            "id": "100078999344044",
            "count": 0
        },
        {
            "id": "61553991271166",
            "count": 16
        },
        {
            "id": "100072998533577",
            "count": 0
        },
        {
            "id": "61557453122196",
            "count": 0
        },
        {
            "id": "61562874743640",
            "count": 0
        },
        {
            "id": "100035568365451",
            "count": 5
        },
        {
            "id": "61562085450835",
            "count": 37
        }
    ],
    "day": [
        {
            "id": "61560593505625",
            "count": 0,
            "name": "Phongg Nguyễn"
        },
        {
            "id": "61562362730868",
            "count": 0,
            "name": "Đạt Vũ"
        },
        {
            "id": "61561368861584",
            "count": 0,
            "name": "Hoàng Long"
        },
        {
            "id": "100068880912194",
            "count": 0,
            "name": "Võ Hoàng Phúc"
        },
        {
            "id": "100083075052685",
            "count": 0,
            "name": "Đặng Công Hoàng"
        },
        {
            "id": "100071369841081",
            "count": 0,
            "name": "Thanh Tâm"
        },
        {
            "id": "100093156639046",
            "count": 0,
            "name": "Trần Thị Như Quỳnh"
        },
        {
            "id": "100064869522380",
            "count": 0,
            "name": "Bảo Thy"
        },
        {
            "id": "100094017198371",
            "count": 0,
            "name": "Khanh Linh"
        },
        {
            "id": "100081285973469",
            "count": 0,
            "name": "Nguyenn Traa My"
        },
        {
            "id": "100029789775662",
            "count": 0,
            "name": "Nguyễn Thanh Chúc"
        },
        {
            "id": "61553088083254",
            "count": 0,
            "name": "Phuong Ling"
        },
        {
            "id": "100004752336149",
            "count": 0,
            "name": "Dang Gia Khanh"
        },
        {
            "id": "100092961330159",
            "count": 0,
            "name": "Ng Lan"
        },
        {
            "id": "100086524556635",
            "count": 0,
            "name": "Phongg Nguyenn"
        },
        {
            "id": "61562492445049",
            "count": 0,
            "name": "Như Quỳnhh"
        },
        {
            "id": "100071221903164",
            "count": 0,
            "name": "Vũ Thống"
        },
        {
            "id": "100077673076807",
            "count": 0,
            "name": "Cn Mel Bel"
        },
        {
            "id": "61558817584723",
            "count": 0,
            "name": "Người dùng facebook"
        },
        {
            "id": "100007120394944",
            "count": 0,
            "name": "Nam Nguyễn"
        },
        {
            "id": "100054195850867",
            "count": 0,
            "name": "Lê Khánh Duy"
        },
        {
            "id": "100023551022338",
            "count": 0,
            "name": "Người dùng facebook"
        },
        {
            "id": "61561340190185",
            "count": 0,
            "name": "Thuỳ Trang"
        },
        {
            "id": "100086972018261",
            "count": 0,
            "name": "Người dùng facebook"
        },
        {
            "id": "100077021920392",
            "count": 0,
            "name": "LH Khanh Ngocc"
        },
        {
            "id": "100021250354439",
            "count": 0,
            "name": "Leo Pun"
        },
        {
            "id": "61563046315487",
            "count": 0,
            "name": "Cenira Embee"
        },
        {
            "id": "100093618526161",
            "count": 0,
            "name": "Người dùng facebook"
        },
        {
            "id": "100053885730232",
            "count": 0,
            "name": "Người dùng facebook"
        },
        {
            "id": "100074166526125",
            "count": 0,
            "name": "Lê Đức Lương"
        },
        {
            "id": "100054263122353",
            "count": 0,
            "name": "Người dùng facebook"
        },
        {
            "id": "100077347611032",
            "count": 0,
            "name": "Người dùng facebook"
        },
        {
            "id": "100045080768744",
            "count": 0,
            "name": "Phương Uyên"
        },
        {
            "id": "100087341658650",
            "count": 0,
            "name": "Người dùng facebook"
        },
        {
            "id": "100090918241249",
            "count": 0,
            "name": "Khánh Trần"
        },
        {
            "id": "100082485450544",
            "count": 0,
            "name": "Yến Yến"
        },
        {
            "id": "100086300105969",
            "count": 0,
            "name": "Khánh Huy"
        },
        {
            "id": "61563089152648",
            "count": 0,
            "name": "Tram Anh"
        },
        {
            "id": "100088705853372",
            "count": 0,
            "name": "Ngọc Ly"
        },
        {
            "id": "100045163491906",
            "count": 0,
            "name": "Thúy Hằng"
        },
        {
            "id": "100049561682324",
            "count": 0,
            "name": "Người dùng facebook"
        },
        {
            "id": "100094225794970",
            "count": 0,
            "name": "Hùng Lê"
        },
        {
            "id": "100012711282327",
            "count": 0,
            "name": "Người dùng facebook"
        },
        {
            "id": "100072363950710",
            "count": 0,
            "name": "Nguyễn Thị Thu Trang"
        },
        {
            "id": "100078999344044",
            "count": 0,
            "name": "Người dùng facebook"
        },
        {
            "id": "61553991271166",
            "count": 0,
            "name": "Huỳnh Vũ"
        },
        {
            "id": "100072998533577",
            "count": 0,
            "name": "Người dùng facebook"
        },
        {
            "id": "61557453122196",
            "count": 0,
            "name": "Hà My Hay Suy"
        },
        {
            "id": "61562874743640",
            "count": 0,
            "name": "Người dùng facebook"
        },
        {
            "id": "100035568365451",
            "count": 0,
            "name": "Le Anh Nguyen"
        },
        {
            "id": "61562085450835",
            "count": 0,
            "name": "Nguyễn Quốc Duy"
        }
    ],
    "time": 0,
    "last": {
        "time": 1,
        "day": [
            {
                "id": "61560593505625",
                "count": 0,
                "name": "Phongg Nguyễn"
            },
            {
                "id": "61562362730868",
                "count": 0,
                "name": "Đạt Vũ"
            },
            {
                "id": "61561368861584",
                "count": 0,
                "name": "Hoàng Long"
            },
            {
                "id": "100068880912194",
                "count": 0,
                "name": "Võ Hoàng Phúc"
            },
            {
                "id": "100083075052685",
                "count": 0,
                "name": "Đặng Công Hoàng"
            },
            {
                "id": "100071369841081",
                "count": 0,
                "name": "Thanh Tâm"
            },
            {
                "id": "100093156639046",
                "count": 0,
                "name": "Trần Thị Như Quỳnh"
            },
            {
                "id": "100064869522380",
                "count": 0,
                "name": "Bảo Thy"
            },
            {
                "id": "100094017198371",
                "count": 0,
                "name": "Khanh Linh"
            },
            {
                "id": "100081285973469",
                "count": 0,
                "name": "Nguyenn Traa My"
            },
            {
                "id": "100029789775662",
                "count": 0,
                "name": "Nguyễn Thanh Chúc"
            },
            {
                "id": "61553088083254",
                "count": 0,
                "name": "Phuong Ling"
            },
            {
                "id": "100004752336149",
                "count": 0,
                "name": "Dang Gia Khanh"
            },
            {
                "id": "100092961330159",
                "count": 0,
                "name": "Ng Lan"
            },
            {
                "id": "100086524556635",
                "count": 0,
                "name": "Phongg Nguyenn"
            },
            {
                "id": "61562492445049",
                "count": 0,
                "name": "Như Quỳnhh"
            },
            {
                "id": "100071221903164",
                "count": 0,
                "name": "Vũ Thống"
            },
            {
                "id": "100077673076807",
                "count": 0,
                "name": "Cn Mel Bel"
            },
            {
                "id": "61558817584723",
                "count": 0,
                "name": "Người dùng facebook"
            },
            {
                "id": "100007120394944",
                "count": 0,
                "name": "Nam Nguyễn"
            },
            {
                "id": "100054195850867",
                "count": 0,
                "name": "Lê Khánh Duy"
            },
            {
                "id": "100023551022338",
                "count": 0,
                "name": "Người dùng facebook"
            },
            {
                "id": "61561340190185",
                "count": 0,
                "name": "Thuỳ Trang"
            },
            {
                "id": "100086972018261",
                "count": 0,
                "name": "Người dùng facebook"
            },
            {
                "id": "100077021920392",
                "count": 0,
                "name": "LH Khanh Ngocc"
            },
            {
                "id": "100021250354439",
                "count": 0,
                "name": "Leo Pun"
            },
            {
                "id": "61563046315487",
                "count": 0,
                "name": "Cenira Embee"
            },
            {
                "id": "100093618526161",
                "count": 0,
                "name": "Người dùng facebook"
            },
            {
                "id": "100053885730232",
                "count": 0,
                "name": "Người dùng facebook"
            },
            {
                "id": "100074166526125",
                "count": 0,
                "name": "Lê Đức Lương"
            },
            {
                "id": "100054263122353",
                "count": 0,
                "name": "Người dùng facebook"
            },
            {
                "id": "100077347611032",
                "count": 0,
                "name": "Người dùng facebook"
            },
            {
                "id": "100045080768744",
                "count": 0,
                "name": "Phương Uyên"
            },
            {
                "id": "100087341658650",
                "count": 0,
                "name": "Người dùng facebook"
            },
            {
                "id": "100090918241249",
                "count": 0,
                "name": "Khánh Trần"
            },
            {
                "id": "100082485450544",
                "count": 0,
                "name": "Yến Yến"
            },
            {
                "id": "100086300105969",
                "count": 0,
                "name": "Khánh Huy"
            },
            {
                "id": "61563089152648",
                "count": 0,
                "name": "Tram Anh"
            },
            {
                "id": "100088705853372",
                "count": 0,
                "name": "Ngọc Ly"
            },
            {
                "id": "100045163491906",
                "count": 0,
                "name": "Thúy Hằng"
            },
            {
                "id": "100049561682324",
                "count": 0,
                "name": "Người dùng facebook"
            },
            {
                "id": "100094225794970",
                "count": 0,
                "name": "Hùng Lê"
            },
            {
                "id": "100012711282327",
                "count": 0,
                "name": "Người dùng facebook"
            },
            {
                "id": "100072363950710",
                "count": 0,
                "name": "Nguyễn Thị Thu Trang"
            },
            {
                "id": "100078999344044",
                "count": 0,
                "name": "Người dùng facebook"
            },
            {
                "id": "61553991271166",
                "count": 0,
                "name": "Huỳnh Vũ"
            },
            {
                "id": "100072998533577",
                "count": 0,
                "name": "Người dùng facebook"
            },
            {
                "id": "61557453122196",
                "count": 0,
                "name": "Hà My Hay Suy"
            },
            {
                "id": "61562874743640",
                "count": 0,
                "name": "Người dùng facebook"
            },
            {
                "id": "100035568365451",
                "count": 0,
                "name": "Le Anh Nguyen"
            },
            {
                "id": "61562085450835",
                "count": 0,
                "name": "Nguyễn Quốc Duy"
            }
        ],
        "week": [
            {
                "id": "61560593505625",
                "count": 0
            },
            {
                "id": "100086524556635",
                "count": 0
            },
            {
                "id": "61553600893084",
                "count": 0
            },
            {
                "id": "100047694826722",
                "count": 0
            },
            {
                "id": "61562362730868",
                "count": 0
            },
            {
                "id": "100081285973469",
                "count": 0
            },
            {
                "id": "61561368861584",
                "count": 0
            },
            {
                "id": "100071221903164",
                "count": 0
            },
            {
                "id": "100090091872388",
                "count": 0
            },
            {
                "id": "100023434451963",
                "count": 0
            },
            {
                "id": "100041881340049",
                "count": 0
            },
            {
                "id": "100068880912194",
                "count": 0
            },
            {
                "id": "100083075052685",
                "count": 0
            },
            {
                "id": "100072363950710",
                "count": 0
            },
            {
                "id": "61555302013005",
                "count": 0
            },
            {
                "id": "100088261832823",
                "count": 0
            },
            {
                "id": "61557453122196",
                "count": 0
            },
            {
                "id": "100091475307950",
                "count": 0
            },
            {
                "id": "100088424552402",
                "count": 0
            },
            {
                "id": "100082646894573",
                "count": 0
            },
            {
                "id": "100045080768744",
                "count": 0
            },
            {
                "id": "100071369841081",
                "count": 0
            },
            {
                "id": "100065084378751",
                "count": 0
            },
            {
                "id": "100069354782069",
                "count": 0
            },
            {
                "id": "61556627390685",
                "count": 0
            },
            {
                "id": "100083268486623",
                "count": 0
            },
            {
                "id": "100092723114198",
                "count": 0
            },
            {
                "id": "100093660079102",
                "count": 0
            },
            {
                "id": "61554235460916",
                "count": 0
            },
            {
                "id": "61559516499913",
                "count": 0
            },
            {
                "id": "100090729620828",
                "count": 0
            },
            {
                "id": "100075740224774",
                "count": 0
            },
            {
                "id": "100093156639046",
                "count": 0
            },
            {
                "id": "100082976408662",
                "count": 0
            },
            {
                "id": "100034262020350",
                "count": 0
            },
            {
                "id": "100078783906730",
                "count": 0
            },
            {
                "id": "100064869522380",
                "count": 0
            },
            {
                "id": "100085419141618",
                "count": 0
            },
            {
                "id": "61555746856533",
                "count": 0
            },
            {
                "id": "100022902729215",
                "count": 0
            },
            {
                "id": "100064207388207",
                "count": 0
            },
            {
                "id": "61561794672237",
                "count": 0
            },
            {
                "id": "100090710880539",
                "count": 0
            },
            {
                "id": "61552552564637",
                "count": 0
            },
            {
                "id": "100077309380213",
                "count": 0
            },
            {
                "id": "61553543394667",
                "count": 0
            },
            {
                "id": "61558959616502",
                "count": 0
            },
            {
                "id": "100094017198371",
                "count": 0
            },
            {
                "id": "100072702055149",
                "count": 0
            },
            {
                "id": "100090109607300",
                "count": 0
            },
            {
                "id": "100084393722511",
                "count": 0
            },
            {
                "id": "61554609195840",
                "count": 0
            },
            {
                "id": "100067458473789",
                "count": 0
            },
            {
                "id": "61557223901394",
                "count": 0
            },
            {
                "id": "61556666968083",
                "count": 0
            },
            {
                "id": "100085073240621",
                "count": 0
            },
            {
                "id": "100012833433759",
                "count": 0
            },
            {
                "id": "100039665355049",
                "count": 0
            },
            {
                "id": "100090020392347",
                "count": 0
            },
            {
                "id": "100034631764932",
                "count": 0
            },
            {
                "id": "61550631131868",
                "count": 0
            },
            {
                "id": "100062907281491",
                "count": 0
            },
            {
                "id": "100092569453515",
                "count": 0
            },
            {
                "id": "61553605011632",
                "count": 0
            },
            {
                "id": "61555657333814",
                "count": 0
            },
            {
                "id": "61562508675950",
                "count": 0
            },
            {
                "id": "100085073779396",
                "count": 0
            },
            {
                "id": "100029789775662",
                "count": 0
            },
            {
                "id": "100091130866188",
                "count": 0
            },
            {
                "id": "100093587438199",
                "count": 0
            },
            {
                "id": "61560683413173",
                "count": 0
            },
            {
                "id": "100087372310812",
                "count": 0
            },
            {
                "id": "100073310477396",
                "count": 0
            },
            {
                "id": "61562007871099",
                "count": 0
            },
            {
                "id": "61560895184551",
                "count": 0
            },
            {
                "id": "100082316601202",
                "count": 0
            },
            {
                "id": "61558748830764",
                "count": 0
            },
            {
                "id": "100010359423021",
                "count": 0
            },
            {
                "id": "100038797807469",
                "count": 0
            },
            {
                "id": "100069664710718",
                "count": 0
            },
            {
                "id": "100015413111459",
                "count": 0
            },
            {
                "id": "61558011884336",
                "count": 0
            },
            {
                "id": "100078853316714",
                "count": 0
            },
            {
                "id": "100010591879506",
                "count": 0
            },
            {
                "id": "61555523893391",
                "count": 0
            },
            {
                "id": "100025750003170",
                "count": 0
            },
            {
                "id": "61555556518783",
                "count": 0
            },
            {
                "id": "61558438269845",
                "count": 0
            },
            {
                "id": "100071520490714",
                "count": 0
            },
            {
                "id": "61553088083254",
                "count": 0
            },
            {
                "id": "61562957031924",
                "count": 0
            },
            {
                "id": "100067242079497",
                "count": 0
            },
            {
                "id": "61553557997517",
                "count": 0
            },
            {
                "id": "100083032844611",
                "count": 0
            },
            {
                "id": "61554039284074",
                "count": 0
            },
            {
                "id": "61557986042761",
                "count": 0
            },
            {
                "id": "100047931136517",
                "count": 0
            },
            {
                "id": "100082248160379",
                "count": 0
            },
            {
                "id": "100004752336149",
                "count": 0
            },
            {
                "id": "61555787335245",
                "count": 0
            },
            {
                "id": "100039165274894",
                "count": 0
            },
            {
                "id": "61561644405560",
                "count": 0
            },
            {
                "id": "100092961330159",
                "count": 0
            },
            {
                "id": "100086018416704",
                "count": 0
            },
            {
                "id": "100057126616619",
                "count": 0
            },
            {
                "id": "100089760306513",
                "count": 0
            },
            {
                "id": "61562726104742",
                "count": 0
            },
            {
                "id": "100076423383314",
                "count": 0
            },
            {
                "id": "61562492445049",
                "count": 0
            },
            {
                "id": "100077673076807",
                "count": 0
            },
            {
                "id": "61558817584723",
                "count": 0
            },
            {
                "id": "100007120394944",
                "count": 0
            },
            {
                "id": "100054195850867",
                "count": 0
            },
            {
                "id": "100023551022338",
                "count": 0
            },
            {
                "id": "100095147005948",
                "count": 0
            },
            {
                "id": "100083550992620",
                "count": 0
            },
            {
                "id": "61561340190185",
                "count": 0
            },
            {
                "id": "100086972018261",
                "count": 0
            },
            {
                "id": "100077021920392",
                "count": 0
            },
            {
                "id": "100021250354439",
                "count": 0
            },
            {
                "id": "61563046315487",
                "count": 0
            },
            {
                "id": "100093618526161",
                "count": 0
            },
            {
                "id": "100053885730232",
                "count": 0
            },
            {
                "id": "100074166526125",
                "count": 0
            },
            {
                "id": "100054263122353",
                "count": 0
            },
            {
                "id": "100077347611032",
                "count": 0
            },
            {
                "id": "100087341658650",
                "count": 0
            },
            {
                "id": "100090918241249",
                "count": 0
            },
            {
                "id": "100082485450544",
                "count": 0
            },
            {
                "id": "100086300105969",
                "count": 0
            },
            {
                "id": "61563089152648",
                "count": 0
            },
            {
                "id": "100088705853372",
                "count": 0
            },
            {
                "id": "100045163491906",
                "count": 0
            },
            {
                "id": "100049561682324",
                "count": 0
            },
            {
                "id": "100094225794970",
                "count": 0
            },
            {
                "id": "100012711282327",
                "count": 0
            },
            {
                "id": "100078999344044",
                "count": 0
            },
            {
                "id": "61553991271166",
                "count": 0
            },
            {
                "id": "100072998533577",
                "count": 0
            },
            {
                "id": "61562874743640",
                "count": 0
            },
            {
                "id": "100035568365451",
                "count": 0
            },
            {
                "id": "61562085450835",
                "count": 0
            }
        ]
    }
}