{
    "total": [
        {
            "id": "100075098599381",
            "count": 0
        },
        {
            "id": "100095520937886",
            "count": 0
        },
        {
            "id": "100090925587988",
            "count": 0
        },
        {
            "id": "100085882831162",
            "count": 0
        },
        {
            "id": "100085093591787",
            "count": 0
        },
        {
            "id": "100090463922705",
            "count": 0
        },
        {
            "id": "100091478996918",
            "count": 0
        },
        {
            "id": "100092447236142",
            "count": 0
        },
        {
            "id": "100086975555812",
            "count": 0
        },
        {
            "id": "100084687291456",
            "count": 0
        },
        {
            "id": "100084285654872",
            "count": 0
        },
        {
            "id": "100093328170104",
            "count": 8
        },
        {
            "id": "100094307439114",
            "count": 0
        },
        {
            "id": "100082994745077",
            "count": 5
        },
        {
            "id": "100091254032021",
            "count": 0
        },
        {
            "id": "100089858554676",
            "count": 0
        },
        {
            "id": "100087303698842",
            "count": 0
        },
        {
            "id": "100082138206220",
            "count": 0
        },
        {
            "id": "100080362914332",
            "count": 0
        },
        {
            "id": "100095332662557",
            "count": 0
        },
        {
            "id": "100079072857662",
            "count": 0
        },
        {
            "id": "100095244434999",
            "count": 0
        },
        {
            "id": "100090226361898",
            "count": 0
        },
        {
            "id": "100089617294608",
            "count": 0
        },
        {
            "id": "100093935256967",
            "count": 0
        },
        {
            "id": "100050188775013",
            "count": 18
        },
        {
            "id": "100091977082759",
            "count": 0
        },
        {
            "id": "100087374168690",
            "count": 0
        },
        {
            "id": "100093060820107",
            "count": 0
        },
        {
            "id": "100085441721693",
            "count": 0
        },
        {
            "id": "100085036329599",
            "count": 0
        },
        {
            "id": "100085403376999",
            "count": 0
        },
        {
            "id": "100091887341036",
            "count": 0
        },
        {
            "id": "100089758536701",
            "count": 0
        },
        {
            "id": "100091646560181",
            "count": 8
        },
        {
            "id": "100089659892286",
            "count": 0
        },
        {
            "id": "100092079796330",
            "count": 0
        },
        {
            "id": "100078720274619",
            "count": 0
        },
        {
            "id": "100087581797712",
            "count": 0
        },
        {
            "id": "100095294881749",
            "count": 0
        },
        {
            "id": "100087890101937",
            "count": 0
        },
        {
            "id": "100087675049827",
            "count": 0
        },
        {
            "id": "100081610475015",
            "count": 0
        },
        {
            "id": "100093357263555",
            "count": 0
        },
        {
            "id": "100086130117858",
            "count": 0
        },
        {
            "id": "100092221343694",
            "count": 0
        },
        {
            "id": "100082104040556",
            "count": 0
        },
        {
            "id": "100093378920295",
            "count": 10
        },
        {
            "id": "100080683433349",
            "count": 3
        },
        {
            "id": "100080748202869",
            "count": 0
        },
        {
            "id": "100085455150504",
            "count": 0
        },
        {
            "id": "100085073240621",
            "count": 62
        },
        {
            "id": "100094014844197",
            "count": 5
        },
        {
            "id": "100091269262122",
            "count": 0
        },
        {
            "id": "61556666968083",
            "count": 192
        },
        {
            "id": "100074782515449",
            "count": 4
        },
        {
            "id": "100081308743272",
            "count": 31
        },
        {
            "id": "61555152327068",
            "count": 1
        },
        {
            "id": "100093955088307",
            "count": 31
        },
        {
            "id": "61556894156849",
            "count": 10
        },
        {
            "id": "100083861017157",
            "count": 55
        },
        {
            "id": "61559896483314",
            "count": 0
        },
        {
            "id": "100078760140636",
            "count": 9
        },
        {
            "id": "727201807",
            "count": 0
        },
        {
            "id": "61553998834978",
            "count": 0
        },
        {
            "id": "61555877896247",
            "count": 0
        }
    ],
    "week": [
        {
            "id": "100075098599381",
            "count": 0,
            "name": "Eric Chẻmpai’z."
        },
        {
            "id": "100095520937886",
            "count": 0,
            "name": "Lê Hải"
        },
        {
            "id": "100090925587988",
            "count": 0,
            "name": "Khanhh Nom Nom"
        },
        {
            "id": "100085882831162",
            "count": 0,
            "name": "Nguyễn Đức"
        },
        {
            "id": "100085093591787",
            "count": 0,
            "name": "Nguyễn Đăng Minh"
        },
        {
            "id": "100090463922705",
            "count": 0,
            "name": "Wix Nonamex"
        },
        {
            "id": "100091478996918",
            "count": 0,
            "name": "Phạm Văn Quang"
        },
        {
            "id": "100092447236142",
            "count": 0,
            "name": "Bùi Tuấn"
        },
        {
            "id": "100086975555812",
            "count": 0,
            "name": "Trần Phan Duy Anh"
        },
        {
            "id": "100084687291456",
            "count": 0,
            "name": "Nguyễn Tiến Dũng"
        },
        {
            "id": "100084285654872",
            "count": 0,
            "name": "Ngô Quốc Việt"
        },
        {
            "id": "100093328170104",
            "count": 0,
            "name": "Bổn Lào Hehe"
        },
        {
            "id": "100094307439114",
            "count": 0,
            "name": "Nguyễn Vinh"
        },
        {
            "id": "100082994745077",
            "count": 4,
            "name": "Văn Lực"
        },
        {
            "id": "100091254032021",
            "count": 0,
            "name": "Bình Võ"
        },
        {
            "id": "100089858554676",
            "count": 0,
            "name": "Tôn Phước"
        },
        {
            "id": "100087303698842",
            "count": 0,
            "name": "Nguyễn Long"
        },
        {
            "id": "100082138206220",
            "count": 0,
            "name": "Ng Duc Dungg"
        },
        {
            "id": "100080362914332",
            "count": 0,
            "name": "Phạm Kiên"
        },
        {
            "id": "100095332662557",
            "count": 0,
            "name": "Đức Hải"
        },
        {
            "id": "100079072857662",
            "count": 0,
            "name": "Ng Lợi"
        },
        {
            "id": "100095244434999",
            "count": 0,
            "name": "Nguyen Huy Lam"
        },
        {
            "id": "100090226361898",
            "count": 0,
            "name": "Đậu Văn Sâm"
        },
        {
            "id": "100089617294608",
            "count": 0,
            "name": "Hoàng Tânn"
        },
        {
            "id": "100093935256967",
            "count": 0,
            "name": "Nguyễn Dương Bảo Nam"
        },
        {
            "id": "100050188775013",
            "count": 1,
            "name": "Quốc Lord"
        },
        {
            "id": "100091977082759",
            "count": 0,
            "name": "Tinh Kiên"
        },
        {
            "id": "100087374168690",
            "count": 0,
            "name": "Kkhoi Dương"
        },
        {
            "id": "100093060820107",
            "count": 0,
            "name": "Đỗ Thiện"
        },
        {
            "id": "100085441721693",
            "count": 0,
            "name": "Nguyễn Đức"
        },
        {
            "id": "100085036329599",
            "count": 0,
            "name": "Hải Đạt"
        },
        {
            "id": "100085403376999",
            "count": 0,
            "name": "Hoàng Phúc Trương"
        },
        {
            "id": "100091887341036",
            "count": 0,
            "name": "Nguyễn Chiến"
        },
        {
            "id": "100089758536701",
            "count": 0,
            "name": "Minh Đức"
        },
        {
            "id": "100091646560181",
            "count": 7,
            "name": "Lê Heuir"
        },
        {
            "id": "100089659892286",
            "count": 0,
            "name": "Nguyễn Nam Dương"
        },
        {
            "id": "100092079796330",
            "count": 0,
            "name": "Hoàng Gia Bảo"
        },
        {
            "id": "100078720274619",
            "count": 0,
            "name": "Đinh Công Sơn"
        },
        {
            "id": "100087581797712",
            "count": 0,
            "name": "Tuấn Nghĩa"
        },
        {
            "id": "100095294881749",
            "count": 0,
            "name": "Nguyễn Quân"
        },
        {
            "id": "100087890101937",
            "count": 0,
            "name": "Cường Vũ"
        },
        {
            "id": "100087675049827",
            "count": 0,
            "name": "Vinh Nguyễn"
        },
        {
            "id": "100081610475015",
            "count": 0,
            "name": "Vỏ Tài"
        },
        {
            "id": "100093357263555",
            "count": 0,
            "name": "Nguyễn Tiến"
        },
        {
            "id": "100086130117858",
            "count": 0,
            "name": "Hữu Trí"
        },
        {
            "id": "100092221343694",
            "count": 0,
            "name": "Nguyễn Khanh"
        },
        {
            "id": "100082104040556",
            "count": 0,
            "name": "Nguyên Hoàng"
        },
        {
            "id": "100093378920295",
            "count": 10,
            "name": "Dxl Richer"
        },
        {
            "id": "100080683433349",
            "count": 3,
            "name": "Mih Ngyễn"
        },
        {
            "id": "100080748202869",
            "count": 0,
            "name": "Hà Duy Tân"
        },
        {
            "id": "100085455150504",
            "count": 0,
            "name": "Nguyễn Xuân Đạt"
        },
        {
            "id": "100085073240621",
            "count": 44,
            "name": "Dang Gia Khanh"
        },
        {
            "id": "100094014844197",
            "count": 5,
            "name": "Hoàng Shiny"
        },
        {
            "id": "100091269262122",
            "count": 0,
            "name": "Tú Nghiêm"
        },
        {
            "id": "61556666968083",
            "count": 140,
            "name": "Gkhanhdz vcl"
        },
        {
            "id": "100074782515449",
            "count": 0,
            "name": "Nguyễn Tiến Tài"
        },
        {
            "id": "100081308743272",
            "count": 0,
            "name": "Bill Clinton ✔"
        },
        {
            "id": "61555152327068",
            "count": 0,
            "name": "Nguyễn Nịt"
        },
        {
            "id": "100093955088307",
            "count": 20,
            "name": "Nam Chẻmpai'z"
        },
        {
            "id": "61556894156849",
            "count": 0,
            "name": "Em dạo này ổn không Còn đi làm ở công ty cũ Còn đi sớm về hôm nhưng mà đồng lương vẫn không khi đủ Đồng nghiệp của em thế nào trong thang máy có chào với nhau "
        },
        {
            "id": "100083861017157",
            "count": 55
        },
        {
            "id": "61559896483314",
            "count": 0
        },
        {
            "id": "100078760140636",
            "count": 9
        },
        {
            "id": "727201807",
            "count": 0
        },
        {
            "id": "61553998834978",
            "count": 0
        },
        {
            "id": "61555877896247",
            "count": 0
        }
    ],
    "day": [
        {
            "id": "100075098599381",
            "count": 0,
            "name": "Eric Chẻmpai’z."
        },
        {
            "id": "100095520937886",
            "count": 0,
            "name": "Lê Hải"
        },
        {
            "id": "100090925587988",
            "count": 0,
            "name": "Khanhh Nom Nom"
        },
        {
            "id": "100085882831162",
            "count": 0,
            "name": "Nguyễn Đức"
        },
        {
            "id": "100085093591787",
            "count": 0,
            "name": "Nguyễn Đăng Minh"
        },
        {
            "id": "100090463922705",
            "count": 0,
            "name": "Wix Nonamex"
        },
        {
            "id": "100091478996918",
            "count": 0,
            "name": "Phạm Văn Quang"
        },
        {
            "id": "100092447236142",
            "count": 0,
            "name": "Bùi Tuấn"
        },
        {
            "id": "100086975555812",
            "count": 0,
            "name": "Trần Phan Duy Anh"
        },
        {
            "id": "100084687291456",
            "count": 0,
            "name": "Nguyễn Tiến Dũng"
        },
        {
            "id": "100084285654872",
            "count": 0,
            "name": "Ngô Quốc Việt"
        },
        {
            "id": "100093328170104",
            "count": 0,
            "name": "Bổn Lào Hehe"
        },
        {
            "id": "100094307439114",
            "count": 0,
            "name": "Nguyễn Vinh"
        },
        {
            "id": "100082994745077",
            "count": 1,
            "name": "Văn Lực"
        },
        {
            "id": "100091254032021",
            "count": 0,
            "name": "Bình Võ"
        },
        {
            "id": "100089858554676",
            "count": 0,
            "name": "Tôn Phước"
        },
        {
            "id": "100087303698842",
            "count": 0,
            "name": "Nguyễn Long"
        },
        {
            "id": "100082138206220",
            "count": 0,
            "name": "Ng Duc Dungg"
        },
        {
            "id": "100080362914332",
            "count": 0,
            "name": "Phạm Kiên"
        },
        {
            "id": "100095332662557",
            "count": 0,
            "name": "Đức Hải"
        },
        {
            "id": "100079072857662",
            "count": 0,
            "name": "Ng Lợi"
        },
        {
            "id": "100095244434999",
            "count": 0,
            "name": "Nguyen Huy Lam"
        },
        {
            "id": "100090226361898",
            "count": 0,
            "name": "Đậu Văn Sâm"
        },
        {
            "id": "100089617294608",
            "count": 0,
            "name": "Hoàng Tânn"
        },
        {
            "id": "100093935256967",
            "count": 0,
            "name": "Nguyễn Dương Bảo Nam"
        },
        {
            "id": "100050188775013",
            "count": 0,
            "name": "Quốc Lord"
        },
        {
            "id": "100091977082759",
            "count": 0,
            "name": "Tinh Kiên"
        },
        {
            "id": "100087374168690",
            "count": 0,
            "name": "Kkhoi Dương"
        },
        {
            "id": "100093060820107",
            "count": 0,
            "name": "Đỗ Thiện"
        },
        {
            "id": "100085441721693",
            "count": 0,
            "name": "Nguyễn Đức"
        },
        {
            "id": "100085036329599",
            "count": 0,
            "name": "Hải Đạt"
        },
        {
            "id": "100085403376999",
            "count": 0,
            "name": "Hoàng Phúc Trương"
        },
        {
            "id": "100091887341036",
            "count": 0,
            "name": "Nguyễn Chiến"
        },
        {
            "id": "100089758536701",
            "count": 0,
            "name": "Minh Đức"
        },
        {
            "id": "100091646560181",
            "count": 0,
            "name": "Lê Heuir"
        },
        {
            "id": "100089659892286",
            "count": 0,
            "name": "Nguyễn Nam Dương"
        },
        {
            "id": "100092079796330",
            "count": 0,
            "name": "Hoàng Gia Bảo"
        },
        {
            "id": "100078720274619",
            "count": 0,
            "name": "Đinh Công Sơn"
        },
        {
            "id": "100087581797712",
            "count": 0,
            "name": "Tuấn Nghĩa"
        },
        {
            "id": "100095294881749",
            "count": 0,
            "name": "Nguyễn Quân"
        },
        {
            "id": "100087890101937",
            "count": 0,
            "name": "Cường Vũ"
        },
        {
            "id": "100087675049827",
            "count": 0,
            "name": "Vinh Nguyễn"
        },
        {
            "id": "100081610475015",
            "count": 0,
            "name": "Vỏ Tài"
        },
        {
            "id": "100093357263555",
            "count": 0,
            "name": "Nguyễn Tiến"
        },
        {
            "id": "100086130117858",
            "count": 0,
            "name": "Hữu Trí"
        },
        {
            "id": "100092221343694",
            "count": 0,
            "name": "Nguyễn Khanh"
        },
        {
            "id": "100082104040556",
            "count": 0,
            "name": "Nguyên Hoàng"
        },
        {
            "id": "100093378920295",
            "count": 0,
            "name": "Dxl Richer"
        },
        {
            "id": "100080683433349",
            "count": 0,
            "name": "Người dùng Facebook"
        },
        {
            "id": "100080748202869",
            "count": 0,
            "name": "Hà Duy Tân"
        },
        {
            "id": "100085455150504",
            "count": 0,
            "name": "Nguyễn Xuân Đạt"
        },
        {
            "id": "100085073240621",
            "count": 0,
            "name": "Dang Gia Khanh"
        },
        {
            "id": "100094014844197",
            "count": 1,
            "name": "Hoàng Shiny"
        },
        {
            "id": "100091269262122",
            "count": 0,
            "name": "Tú Nghiêm"
        },
        {
            "id": "61556666968083",
            "count": 0,
            "name": "Gkhanhdz vcl"
        },
        {
            "id": "100074782515449",
            "count": 0,
            "name": "Nguyễn Tiến Tài"
        },
        {
            "id": "100081308743272",
            "count": 0,
            "name": "Bill Clinton ✔"
        },
        {
            "id": "61555152327068",
            "count": 0,
            "name": "Nguyễn Nịt"
        },
        {
            "id": "100093955088307",
            "count": 0,
            "name": "Nam Chẻmpai'z"
        },
        {
            "id": "61556894156849",
            "count": 0,
            "name": "Em dạo này ổn không Còn đi làm ở công ty cũ Còn đi sớm về hôm nhưng mà đồng lương vẫn không khi đủ Đồng nghiệp của em thế nào trong thang máy có chào với nhau "
        },
        {
            "id": "100083861017157",
            "count": 0,
            "name": "Duy Lê"
        },
        {
            "id": "61559896483314",
            "count": 0,
            "name": "Đứa Trẻ Vô Tri"
        },
        {
            "id": "100078760140636",
            "count": 0,
            "name": "Nino Nakano"
        },
        {
            "id": "727201807",
            "count": 0,
            "name": "Trịnh Quốc Đại"
        },
        {
            "id": "61553998834978",
            "count": 0,
            "name": "Văn Toàn Lê"
        },
        {
            "id": "61555877896247",
            "count": 0,
            "name": "Người dùng facebook"
        }
    ],
    "time": 0,
    "last": {
        "time": 3,
        "day": [
            {
                "id": "100075098599381",
                "count": 0,
                "name": "Eric Chẻmpai’z."
            },
            {
                "id": "100095520937886",
                "count": 0,
                "name": "Lê Hải"
            },
            {
                "id": "100090925587988",
                "count": 0,
                "name": "Khanhh Nom Nom"
            },
            {
                "id": "100085882831162",
                "count": 0,
                "name": "Nguyễn Đức"
            },
            {
                "id": "100085093591787",
                "count": 0,
                "name": "Nguyễn Đăng Minh"
            },
            {
                "id": "100090463922705",
                "count": 0,
                "name": "Wix Nonamex"
            },
            {
                "id": "100091478996918",
                "count": 0,
                "name": "Phạm Văn Quang"
            },
            {
                "id": "100092447236142",
                "count": 0,
                "name": "Bùi Tuấn"
            },
            {
                "id": "100086975555812",
                "count": 0,
                "name": "Trần Phan Duy Anh"
            },
            {
                "id": "100084687291456",
                "count": 0,
                "name": "Nguyễn Tiến Dũng"
            },
            {
                "id": "100084285654872",
                "count": 0,
                "name": "Ngô Quốc Việt"
            },
            {
                "id": "100093328170104",
                "count": 0,
                "name": "Bổn Lào Hehe"
            },
            {
                "id": "100094307439114",
                "count": 0,
                "name": "Nguyễn Vinh"
            },
            {
                "id": "100082994745077",
                "count": 0,
                "name": "Văn Lực"
            },
            {
                "id": "100091254032021",
                "count": 0,
                "name": "Bình Võ"
            },
            {
                "id": "100089858554676",
                "count": 0,
                "name": "Tôn Phước"
            },
            {
                "id": "100087303698842",
                "count": 0,
                "name": "Nguyễn Long"
            },
            {
                "id": "100082138206220",
                "count": 0,
                "name": "Ng Duc Dungg"
            },
            {
                "id": "100080362914332",
                "count": 0,
                "name": "Phạm Kiên"
            },
            {
                "id": "100095332662557",
                "count": 0,
                "name": "Đức Hải"
            },
            {
                "id": "100079072857662",
                "count": 0,
                "name": "Ng Lợi"
            },
            {
                "id": "100095244434999",
                "count": 0,
                "name": "Nguyen Huy Lam"
            },
            {
                "id": "100090226361898",
                "count": 0,
                "name": "Đậu Văn Sâm"
            },
            {
                "id": "100089617294608",
                "count": 0,
                "name": "Hoàng Tânn"
            },
            {
                "id": "100093935256967",
                "count": 0,
                "name": "Nguyễn Dương Bảo Nam"
            },
            {
                "id": "100050188775013",
                "count": 0,
                "name": "Quốc Lord"
            },
            {
                "id": "100091977082759",
                "count": 0,
                "name": "Tinh Kiên"
            },
            {
                "id": "100087374168690",
                "count": 0,
                "name": "Kkhoi Dương"
            },
            {
                "id": "100093060820107",
                "count": 0,
                "name": "Đỗ Thiện"
            },
            {
                "id": "100085441721693",
                "count": 0,
                "name": "Nguyễn Đức"
            },
            {
                "id": "100085036329599",
                "count": 0,
                "name": "Hải Đạt"
            },
            {
                "id": "100085403376999",
                "count": 0,
                "name": "Hoàng Phúc Trương"
            },
            {
                "id": "100091887341036",
                "count": 0,
                "name": "Nguyễn Chiến"
            },
            {
                "id": "100089758536701",
                "count": 0,
                "name": "Minh Đức"
            },
            {
                "id": "100091646560181",
                "count": 0,
                "name": "Lê Heuir"
            },
            {
                "id": "100089659892286",
                "count": 0,
                "name": "Nguyễn Nam Dương"
            },
            {
                "id": "100092079796330",
                "count": 0,
                "name": "Hoàng Gia Bảo"
            },
            {
                "id": "100078720274619",
                "count": 0,
                "name": "Đinh Công Sơn"
            },
            {
                "id": "100087581797712",
                "count": 0,
                "name": "Tuấn Nghĩa"
            },
            {
                "id": "100095294881749",
                "count": 0,
                "name": "Nguyễn Quân"
            },
            {
                "id": "100087890101937",
                "count": 0,
                "name": "Cường Vũ"
            },
            {
                "id": "100087675049827",
                "count": 0,
                "name": "Vinh Nguyễn"
            },
            {
                "id": "100081610475015",
                "count": 0,
                "name": "Vỏ Tài"
            },
            {
                "id": "100093357263555",
                "count": 0,
                "name": "Nguyễn Tiến"
            },
            {
                "id": "100086130117858",
                "count": 0,
                "name": "Hữu Trí"
            },
            {
                "id": "100092221343694",
                "count": 0,
                "name": "Nguyễn Khanh"
            },
            {
                "id": "100082104040556",
                "count": 0,
                "name": "Nguyên Hoàng"
            },
            {
                "id": "100093378920295",
                "count": 0,
                "name": "Dxl Richer"
            },
            {
                "id": "100080683433349",
                "count": 0,
                "name": "Người dùng Facebook"
            },
            {
                "id": "100080748202869",
                "count": 0,
                "name": "Hà Duy Tân"
            },
            {
                "id": "100085455150504",
                "count": 0,
                "name": "Nguyễn Xuân Đạt"
            },
            {
                "id": "100085073240621",
                "count": 1,
                "name": "Dang Gia Khanh"
            },
            {
                "id": "100094014844197",
                "count": 0,
                "name": "Hoàng Shiny"
            },
            {
                "id": "100091269262122",
                "count": 0,
                "name": "Tú Nghiêm"
            },
            {
                "id": "61556666968083",
                "count": 4,
                "name": "Gkhanhdz vcl"
            },
            {
                "id": "100074782515449",
                "count": 0,
                "name": "Nguyễn Tiến Tài"
            },
            {
                "id": "100081308743272",
                "count": 0,
                "name": "Bill Clinton ✔"
            },
            {
                "id": "61555152327068",
                "count": 0,
                "name": "Nguyễn Nịt"
            },
            {
                "id": "100093955088307",
                "count": 1,
                "name": "Nam Chẻmpai'z"
            },
            {
                "id": "61556894156849",
                "count": 0,
                "name": "Em dạo này ổn không Còn đi làm ở công ty cũ Còn đi sớm về hôm nhưng mà đồng lương vẫn không khi đủ Đồng nghiệp của em thế nào trong thang máy có chào với nhau "
            },
            {
                "id": "100083861017157",
                "count": 1,
                "name": "Duy Lê"
            },
            {
                "id": "61559896483314",
                "count": 0,
                "name": "Đứa Trẻ Vô Tri"
            },
            {
                "id": "100078760140636",
                "count": 0,
                "name": "Nino Nakano"
            },
            {
                "id": "727201807",
                "count": 0,
                "name": "Trịnh Quốc Đại"
            },
            {
                "id": "61553998834978",
                "count": 0,
                "name": "Văn Toàn Lê"
            },
            {
                "id": "61555877896247",
                "count": 0,
                "name": "Người dùng facebook"
            }
        ],
        "week": [
            {
                "id": "100075098599381",
                "count": 0,
                "name": "Eric Chẻmpai’z."
            },
            {
                "id": "100095520937886",
                "count": 0,
                "name": "Lê Hải"
            },
            {
                "id": "100090925587988",
                "count": 0,
                "name": "Khanhh Nom Nom"
            },
            {
                "id": "100090194597783",
                "count": 0,
                "name": "Nguyễn Nam"
            },
            {
                "id": "100085882831162",
                "count": 0,
                "name": "Nguyễn Đức"
            },
            {
                "id": "100082372726916",
                "count": 0,
                "name": "Nguyen Hieu"
            },
            {
                "id": "100085093591787",
                "count": 0,
                "name": "Nguyễn Đăng Minh"
            },
            {
                "id": "100090463922705",
                "count": 0,
                "name": "Wix Nonamex"
            },
            {
                "id": "100091478996918",
                "count": 0,
                "name": "Phạm Văn Quang"
            },
            {
                "id": "100092447236142",
                "count": 0,
                "name": "Bùi Tuấn"
            },
            {
                "id": "100086975555812",
                "count": 0,
                "name": "Trần Phan Duy Anh"
            },
            {
                "id": "100084687291456",
                "count": 0,
                "name": "Nguyễn Tiến Dũng"
            },
            {
                "id": "100084285654872",
                "count": 0,
                "name": "Ngô Quốc Việt"
            },
            {
                "id": "100093328170104",
                "count": 8,
                "name": "Bổn Lào Hehe"
            },
            {
                "id": "100094307439114",
                "count": 0,
                "name": "Nguyễn Vinh"
            },
            {
                "id": "100082994745077",
                "count": 1,
                "name": "Văn Lực"
            },
            {
                "id": "100091254032021",
                "count": 0,
                "name": "Bình Võ"
            },
            {
                "id": "100089858554676",
                "count": 0,
                "name": "Tôn Phước"
            },
            {
                "id": "100087303698842",
                "count": 0,
                "name": "Nguyễn Long"
            },
            {
                "id": "100082138206220",
                "count": 0,
                "name": "Ng Duc Dungg"
            },
            {
                "id": "100080362914332",
                "count": 0,
                "name": "Phạm Kiên"
            },
            {
                "id": "100095332662557",
                "count": 0,
                "name": "Đức Hải"
            },
            {
                "id": "100079072857662",
                "count": 0,
                "name": "Ng Lợi"
            },
            {
                "id": "100095244434999",
                "count": 0,
                "name": "Nguyen Huy Lam"
            },
            {
                "id": "100090226361898",
                "count": 0,
                "name": "Đậu Văn Sâm"
            },
            {
                "id": "100089617294608",
                "count": 0,
                "name": "Hoàng Tânn"
            },
            {
                "id": "100093935256967",
                "count": 0,
                "name": "Nguyễn Dương Bảo Nam"
            },
            {
                "id": "100050188775013",
                "count": 17,
                "name": "Quốc Lord"
            },
            {
                "id": "100091977082759",
                "count": 0,
                "name": "Tinh Kiên"
            },
            {
                "id": "100087374168690",
                "count": 0,
                "name": "Kkhoi Dương"
            },
            {
                "id": "100093060820107",
                "count": 0,
                "name": "Đỗ Thiện"
            },
            {
                "id": "100085441721693",
                "count": 0,
                "name": "Nguyễn Đức"
            },
            {
                "id": "100085036329599",
                "count": 0,
                "name": "Hải Đạt"
            },
            {
                "id": "100087993241089",
                "count": 0,
                "name": "Trần Đức Hải"
            },
            {
                "id": "100085403376999",
                "count": 0,
                "name": "Hoàng Phúc Trương"
            },
            {
                "id": "100091887341036",
                "count": 0,
                "name": "Nguyễn Chiến"
            },
            {
                "id": "100089758536701",
                "count": 0,
                "name": "Minh Đức"
            },
            {
                "id": "100091646560181",
                "count": 1,
                "name": "Lê Heuir"
            },
            {
                "id": "100089659892286",
                "count": 0,
                "name": "Nguyễn Nam Dương"
            },
            {
                "id": "100092079796330",
                "count": 0,
                "name": "Hoàng Gia Bảo"
            },
            {
                "id": "100078720274619",
                "count": 0,
                "name": "Đinh Công Sơn"
            },
            {
                "id": "100087581797712",
                "count": 0,
                "name": "Tuấn Nghĩa"
            },
            {
                "id": "100095294881749",
                "count": 0,
                "name": "Nguyễn Quân"
            },
            {
                "id": "100087890101937",
                "count": 0,
                "name": "Cường Vũ"
            },
            {
                "id": "100087675049827",
                "count": 0,
                "name": "Vinh Nguyễn"
            },
            {
                "id": "100081610475015",
                "count": 0,
                "name": "Vỏ Tài"
            },
            {
                "id": "100093357263555",
                "count": 0,
                "name": "Nguyễn Tiến"
            },
            {
                "id": "100086130117858",
                "count": 0,
                "name": "Hữu Trí"
            },
            {
                "id": "100092221343694",
                "count": 0,
                "name": "Nguyễn Khanh"
            },
            {
                "id": "100082104040556",
                "count": 0,
                "name": "Nguyên Hoàng"
            },
            {
                "id": "100093378920295",
                "count": 0,
                "name": "Dxl Richer"
            },
            {
                "id": "100080683433349",
                "count": 0,
                "name": "Mih Ngyễn"
            },
            {
                "id": "100080748202869",
                "count": 0,
                "name": "Hà Duy Tân"
            },
            {
                "id": "100085455150504",
                "count": 0,
                "name": "Nguyễn Xuân Đạt"
            },
            {
                "id": "100085073240621",
                "count": 18,
                "name": "Dang Gia Khanh"
            },
            {
                "id": "100078483351271",
                "count": 0,
                "name": "Tuấn Annh"
            },
            {
                "id": "100094014844197",
                "count": 0,
                "name": "Hoàng Shiny"
            },
            {
                "id": "100091269262122",
                "count": 0,
                "name": "Tú Nghiêm"
            },
            {
                "id": "61556666968083",
                "count": 52,
                "name": "Gkhanhdz vcl"
            },
            {
                "id": "100074782515449",
                "count": 4,
                "name": "Nguyễn Tiến Tài"
            },
            {
                "id": "100007970112345",
                "count": 9,
                "name": "Hòa Nè"
            },
            {
                "id": "100081308743272",
                "count": 31,
                "name": "Bill Clinton ✔"
            },
            {
                "id": "61555152327068",
                "count": 1,
                "name": "Nguyễn Nịt"
            },
            {
                "id": "100093955088307",
                "count": 11,
                "name": "Nam Chẻmpai'z"
            },
            {
                "id": "61556894156849",
                "count": 10,
                "name": "Em dạo này ổn không Còn đi làm ở công ty cũ Còn đi sớm về hôm nhưng mà đồng lương vẫn không khi đủ Đồng nghiệp của em thế nào trong thang máy có chào với nhau "
            },
            {
                "id": "100051815433614",
                "count": 0
            },
            {
                "id": "100083861017157",
                "count": 0
            },
            {
                "id": "61559896483314",
                "count": 0
            },
            {
                "id": "100078760140636",
                "count": 0
            },
            {
                "id": "727201807",
                "count": 0
            },
            {
                "id": "61553998834978",
                "count": 0
            },
            {
                "id": "61555877896247",
                "count": 0
            },
            {
                "id": "61557876557356",
                "count": 0
            }
        ]
    }
}