{
    "total": [
        {
            "id": "100088190217547",
            "count": 0
        },
        {
            "id": "100032466678407",
            "count": 0
        },
        {
            "id": "100045157332670",
            "count": 0
        },
        {
            "id": "100064802979683",
            "count": 0
        },
        {
            "id": "61552573349691",
            "count": 0
        },
        {
            "id": "100091895049943",
            "count": 15
        },
        {
            "id": "100064023472545",
            "count": 0
        },
        {
            "id": "100057686347162",
            "count": 0
        },
        {
            "id": "100009566993463",
            "count": 49
        },
        {
            "id": "100026460756625",
            "count": 0
        },
        {
            "id": "61552623727359",
            "count": 0
        },
        {
            "id": "100074174202296",
            "count": 0
        },
        {
            "id": "100081884814626",
            "count": 19
        },
        {
            "id": "100010801812267",
            "count": 19
        },
        {
            "id": "100008279522140",
            "count": 0
        },
        {
            "id": "100070583415043",
            "count": 0
        },
        {
            "id": "100034592899264",
            "count": 0
        },
        {
            "id": "100008089057949",
            "count": 9
        },
        {
            "id": "100092719673623",
            "count": 0
        },
        {
            "id": "100070148007287",
            "count": 0
        },
        {
            "id": "61556894156849",
            "count": 21
        },
        {
            "id": "100085283354451",
            "count": 0
        },
        {
            "id": "100022875818578",
            "count": 0
        },
        {
            "id": "100083860904180",
            "count": 0
        },
        {
            "id": "100000499554983",
            "count": 0
        },
        {
            "id": "100049560252143",
            "count": 4
        },
        {
            "id": "100027310340136",
            "count": 0
        },
        {
            "id": "100030579995988",
            "count": 0
        },
        {
            "id": "100041644071044",
            "count": 0
        },
        {
            "id": "100042117857940",
            "count": 28
        },
        {
            "id": "100018631791279",
            "count": 0
        },
        {
            "id": "100089245644237",
            "count": 0
        },
        {
            "id": "100069609043048",
            "count": 0
        },
        {
            "id": "100081138820446",
            "count": 0
        },
        {
            "id": "61551985797958",
            "count": 0
        },
        {
            "id": "61557544997413",
            "count": 0
        },
        {
            "id": "100046642711399",
            "count": 0
        },
        {
            "id": "100003555092155",
            "count": 0
        },
        {
            "id": "100069416544936",
            "count": 0
        },
        {
            "id": "100008070481518",
            "count": 0
        },
        {
            "id": "100004535313875",
            "count": 17
        },
        {
            "id": "100064472761543",
            "count": 0
        },
        {
            "id": "100020622166234",
            "count": 0
        },
        {
            "id": "61553333164212",
            "count": 4
        },
        {
            "id": "100069537986514",
            "count": 5
        },
        {
            "id": "100044133574979",
            "count": 0
        }
    ],
    "week": [
        {
            "id": "100088190217547",
            "count": 0,
            "name": "Người dùng facebook"
        },
        {
            "id": "100032466678407",
            "count": 0,
            "name": "Người dùng facebook"
        },
        {
            "id": "100045157332670",
            "count": 0,
            "name": "Người dùng facebook"
        },
        {
            "id": "100064802979683",
            "count": 0,
            "name": "Người dùng facebook"
        },
        {
            "id": "61552573349691",
            "count": 0,
            "name": "Người dùng facebook"
        },
        {
            "id": "100091895049943",
            "count": 0,
            "name": "Người dùng facebook"
        },
        {
            "id": "100064023472545",
            "count": 0,
            "name": "Người dùng facebook"
        },
        {
            "id": "100057686347162",
            "count": 0,
            "name": "Người dùng facebook"
        },
        {
            "id": "100009566993463",
            "count": 0,
            "name": "Người dùng facebook"
        },
        {
            "id": "100026460756625",
            "count": 0,
            "name": "Người dùng facebook"
        },
        {
            "id": "61552623727359",
            "count": 0,
            "name": "Người dùng facebook"
        },
        {
            "id": "100074174202296",
            "count": 0,
            "name": "Người dùng facebook"
        },
        {
            "id": "100081884814626",
            "count": 0,
            "name": "Người dùng facebook"
        },
        {
            "id": "100010801812267",
            "count": 0,
            "name": "Người dùng facebook"
        },
        {
            "id": "100008279522140",
            "count": 0,
            "name": "Người dùng facebook"
        },
        {
            "id": "100070583415043",
            "count": 0,
            "name": "Người dùng facebook"
        },
        {
            "id": "100034592899264",
            "count": 0,
            "name": "Người dùng facebook"
        },
        {
            "id": "100008089057949",
            "count": 0,
            "name": "Người dùng facebook"
        },
        {
            "id": "100092719673623",
            "count": 0,
            "name": "Người dùng facebook"
        },
        {
            "id": "100070148007287",
            "count": 0,
            "name": "Người dùng facebook"
        },
        {
            "id": "61556894156849",
            "count": 0,
            "name": "Em dạo này ổn không Còn đi làm ở công ty cũ Còn đi sớm về hôm nhưng mà đồng lương vẫn không khi đủ Đồng nghiệp của em thế nào trong thang máy có chào với nhau "
        },
        {
            "id": "100085283354451",
            "count": 0,
            "name": "Người dùng facebook"
        },
        {
            "id": "100022875818578",
            "count": 0,
            "name": "Người dùng facebook"
        },
        {
            "id": "100083860904180",
            "count": 0,
            "name": "Người dùng facebook"
        },
        {
            "id": "100000499554983",
            "count": 0,
            "name": "Người dùng facebook"
        },
        {
            "id": "100049560252143",
            "count": 0,
            "name": "Người dùng facebook"
        },
        {
            "id": "100027310340136",
            "count": 0,
            "name": "Người dùng facebook"
        },
        {
            "id": "100030579995988",
            "count": 0,
            "name": "Người dùng facebook"
        },
        {
            "id": "100041644071044",
            "count": 0,
            "name": "Người dùng facebook"
        },
        {
            "id": "100042117857940",
            "count": 0,
            "name": "Người dùng facebook"
        },
        {
            "id": "100018631791279",
            "count": 0,
            "name": "Người dùng facebook"
        },
        {
            "id": "100089245644237",
            "count": 0,
            "name": "Người dùng facebook"
        },
        {
            "id": "100069609043048",
            "count": 0,
            "name": "Người dùng facebook"
        },
        {
            "id": "100081138820446",
            "count": 0,
            "name": "Người dùng facebook"
        },
        {
            "id": "61551985797958",
            "count": 0,
            "name": "Người dùng facebook"
        },
        {
            "id": "61557544997413",
            "count": 0,
            "name": "Người dùng facebook"
        },
        {
            "id": "100046642711399",
            "count": 0,
            "name": "Người dùng facebook"
        },
        {
            "id": "100003555092155",
            "count": 0,
            "name": "Người dùng facebook"
        },
        {
            "id": "100069416544936",
            "count": 0,
            "name": "Người dùng facebook"
        },
        {
            "id": "100008070481518",
            "count": 0,
            "name": "Người dùng facebook"
        },
        {
            "id": "100004535313875",
            "count": 0,
            "name": "Người dùng facebook"
        },
        {
            "id": "100064472761543",
            "count": 0,
            "name": "Người dùng facebook"
        },
        {
            "id": "100020622166234",
            "count": 0,
            "name": "Người dùng facebook"
        },
        {
            "id": "61553333164212",
            "count": 0,
            "name": "Người dùng facebook"
        },
        {
            "id": "100069537986514",
            "count": 0,
            "name": "Người dùng facebook"
        },
        {
            "id": "100044133574979",
            "count": 0,
            "name": "Người dùng facebook"
        }
    ],
    "day": [
        {
            "id": "100088190217547",
            "count": 0,
            "name": "Người dùng facebook"
        },
        {
            "id": "100032466678407",
            "count": 0,
            "name": "Người dùng facebook"
        },
        {
            "id": "100045157332670",
            "count": 0,
            "name": "Người dùng facebook"
        },
        {
            "id": "100064802979683",
            "count": 0,
            "name": "Người dùng facebook"
        },
        {
            "id": "61552573349691",
            "count": 0,
            "name": "Người dùng facebook"
        },
        {
            "id": "100091895049943",
            "count": 0,
            "name": "Người dùng facebook"
        },
        {
            "id": "100064023472545",
            "count": 0,
            "name": "Người dùng facebook"
        },
        {
            "id": "100057686347162",
            "count": 0,
            "name": "Người dùng facebook"
        },
        {
            "id": "100009566993463",
            "count": 0,
            "name": "Người dùng facebook"
        },
        {
            "id": "100026460756625",
            "count": 0,
            "name": "Người dùng facebook"
        },
        {
            "id": "61552623727359",
            "count": 0,
            "name": "Người dùng facebook"
        },
        {
            "id": "100074174202296",
            "count": 0,
            "name": "Người dùng facebook"
        },
        {
            "id": "100081884814626",
            "count": 0,
            "name": "Người dùng facebook"
        },
        {
            "id": "100010801812267",
            "count": 0,
            "name": "Người dùng facebook"
        },
        {
            "id": "100008279522140",
            "count": 0,
            "name": "Người dùng facebook"
        },
        {
            "id": "100070583415043",
            "count": 0,
            "name": "Người dùng facebook"
        },
        {
            "id": "100034592899264",
            "count": 0,
            "name": "Người dùng facebook"
        },
        {
            "id": "100008089057949",
            "count": 0,
            "name": "Người dùng facebook"
        },
        {
            "id": "100092719673623",
            "count": 0,
            "name": "Người dùng facebook"
        },
        {
            "id": "100070148007287",
            "count": 0,
            "name": "Người dùng facebook"
        },
        {
            "id": "61556894156849",
            "count": 0,
            "name": "Em dạo này ổn không Còn đi làm ở công ty cũ Còn đi sớm về hôm nhưng mà đồng lương vẫn không khi đủ Đồng nghiệp của em thế nào trong thang máy có chào với nhau "
        },
        {
            "id": "100085283354451",
            "count": 0,
            "name": "Người dùng facebook"
        },
        {
            "id": "100022875818578",
            "count": 0,
            "name": "Người dùng facebook"
        },
        {
            "id": "100083860904180",
            "count": 0,
            "name": "Người dùng facebook"
        },
        {
            "id": "100000499554983",
            "count": 0,
            "name": "Người dùng facebook"
        },
        {
            "id": "100049560252143",
            "count": 0,
            "name": "Người dùng facebook"
        },
        {
            "id": "100027310340136",
            "count": 0,
            "name": "Người dùng facebook"
        },
        {
            "id": "100030579995988",
            "count": 0,
            "name": "Người dùng facebook"
        },
        {
            "id": "100041644071044",
            "count": 0,
            "name": "Người dùng facebook"
        },
        {
            "id": "100042117857940",
            "count": 0,
            "name": "Người dùng facebook"
        },
        {
            "id": "100018631791279",
            "count": 0,
            "name": "Người dùng facebook"
        },
        {
            "id": "100089245644237",
            "count": 0,
            "name": "Người dùng facebook"
        },
        {
            "id": "100069609043048",
            "count": 0,
            "name": "Người dùng facebook"
        },
        {
            "id": "100081138820446",
            "count": 0,
            "name": "Người dùng facebook"
        },
        {
            "id": "61551985797958",
            "count": 0,
            "name": "Người dùng facebook"
        },
        {
            "id": "61557544997413",
            "count": 0,
            "name": "Người dùng facebook"
        },
        {
            "id": "100046642711399",
            "count": 0,
            "name": "Người dùng facebook"
        },
        {
            "id": "100003555092155",
            "count": 0,
            "name": "Người dùng facebook"
        },
        {
            "id": "100069416544936",
            "count": 0,
            "name": "Người dùng facebook"
        },
        {
            "id": "100008070481518",
            "count": 0,
            "name": "Người dùng facebook"
        },
        {
            "id": "100004535313875",
            "count": 0,
            "name": "Người dùng facebook"
        },
        {
            "id": "100064472761543",
            "count": 0,
            "name": "Người dùng facebook"
        },
        {
            "id": "100020622166234",
            "count": 0,
            "name": "Người dùng facebook"
        },
        {
            "id": "61553333164212",
            "count": 0,
            "name": "Người dùng facebook"
        },
        {
            "id": "100069537986514",
            "count": 0,
            "name": "Người dùng facebook"
        },
        {
            "id": "100044133574979",
            "count": 0,
            "name": "Người dùng facebook"
        }
    ],
    "time": 0,
    "last": {
        "time": 5,
        "day": [
            {
                "id": "100088190217547",
                "count": 0,
                "name": "Người dùng facebook"
            },
            {
                "id": "100032466678407",
                "count": 0,
                "name": "Người dùng facebook"
            },
            {
                "id": "100045157332670",
                "count": 0,
                "name": "Người dùng facebook"
            },
            {
                "id": "100064802979683",
                "count": 0,
                "name": "Người dùng facebook"
            },
            {
                "id": "61552573349691",
                "count": 0,
                "name": "Người dùng facebook"
            },
            {
                "id": "100091895049943",
                "count": 0,
                "name": "Người dùng facebook"
            },
            {
                "id": "100064023472545",
                "count": 0,
                "name": "Người dùng facebook"
            },
            {
                "id": "100057686347162",
                "count": 0,
                "name": "Người dùng facebook"
            },
            {
                "id": "100009566993463",
                "count": 0,
                "name": "Người dùng facebook"
            },
            {
                "id": "100026460756625",
                "count": 0,
                "name": "Người dùng facebook"
            },
            {
                "id": "61552623727359",
                "count": 0,
                "name": "Người dùng facebook"
            },
            {
                "id": "100074174202296",
                "count": 0,
                "name": "Người dùng facebook"
            },
            {
                "id": "100081884814626",
                "count": 0,
                "name": "Người dùng facebook"
            },
            {
                "id": "100010801812267",
                "count": 0,
                "name": "Người dùng facebook"
            },
            {
                "id": "100008279522140",
                "count": 0,
                "name": "Người dùng facebook"
            },
            {
                "id": "100070583415043",
                "count": 0,
                "name": "Người dùng facebook"
            },
            {
                "id": "100034592899264",
                "count": 0,
                "name": "Người dùng facebook"
            },
            {
                "id": "100008089057949",
                "count": 0,
                "name": "Người dùng facebook"
            },
            {
                "id": "100092719673623",
                "count": 0,
                "name": "Người dùng facebook"
            },
            {
                "id": "100070148007287",
                "count": 0,
                "name": "Người dùng facebook"
            },
            {
                "id": "61556894156849",
                "count": 0,
                "name": "Em dạo này ổn không Còn đi làm ở công ty cũ Còn đi sớm về hôm nhưng mà đồng lương vẫn không khi đủ Đồng nghiệp của em thế nào trong thang máy có chào với nhau "
            },
            {
                "id": "100085283354451",
                "count": 0,
                "name": "Người dùng facebook"
            },
            {
                "id": "100022875818578",
                "count": 0,
                "name": "Người dùng facebook"
            },
            {
                "id": "100083860904180",
                "count": 0,
                "name": "Người dùng facebook"
            },
            {
                "id": "100000499554983",
                "count": 0,
                "name": "Người dùng facebook"
            },
            {
                "id": "100049560252143",
                "count": 0,
                "name": "Người dùng facebook"
            },
            {
                "id": "100027310340136",
                "count": 0,
                "name": "Người dùng facebook"
            },
            {
                "id": "100030579995988",
                "count": 0,
                "name": "Người dùng facebook"
            },
            {
                "id": "100041644071044",
                "count": 0,
                "name": "Người dùng facebook"
            },
            {
                "id": "100042117857940",
                "count": 0,
                "name": "Người dùng facebook"
            },
            {
                "id": "100018631791279",
                "count": 0,
                "name": "Người dùng facebook"
            },
            {
                "id": "100089245644237",
                "count": 0,
                "name": "Người dùng facebook"
            },
            {
                "id": "100069609043048",
                "count": 0,
                "name": "Người dùng facebook"
            },
            {
                "id": "100081138820446",
                "count": 0,
                "name": "Người dùng facebook"
            },
            {
                "id": "61551985797958",
                "count": 0,
                "name": "Người dùng facebook"
            },
            {
                "id": "61557544997413",
                "count": 0,
                "name": "Người dùng facebook"
            },
            {
                "id": "100046642711399",
                "count": 0,
                "name": "Người dùng facebook"
            },
            {
                "id": "100003555092155",
                "count": 0,
                "name": "Người dùng facebook"
            },
            {
                "id": "100069416544936",
                "count": 0,
                "name": "Người dùng facebook"
            },
            {
                "id": "100008070481518",
                "count": 0,
                "name": "Người dùng facebook"
            },
            {
                "id": "100004535313875",
                "count": 0,
                "name": "Người dùng facebook"
            },
            {
                "id": "100064472761543",
                "count": 0,
                "name": "Người dùng facebook"
            },
            {
                "id": "100020622166234",
                "count": 0,
                "name": "Người dùng facebook"
            },
            {
                "id": "61553333164212",
                "count": 0,
                "name": "Người dùng facebook"
            },
            {
                "id": "100069537986514",
                "count": 0,
                "name": "Người dùng facebook"
            },
            {
                "id": "100044133574979",
                "count": 0,
                "name": "Người dùng facebook"
            }
        ],
        "week": [
            {
                "id": "100088190217547",
                "count": 0,
                "name": "Người dùng facebook"
            },
            {
                "id": "100032466678407",
                "count": 0,
                "name": "Người dùng facebook"
            },
            {
                "id": "100045157332670",
                "count": 0,
                "name": "Người dùng facebook"
            },
            {
                "id": "100064802979683",
                "count": 0,
                "name": "Người dùng facebook"
            },
            {
                "id": "61552573349691",
                "count": 0,
                "name": "Người dùng facebook"
            },
            {
                "id": "100091895049943",
                "count": 0,
                "name": "Người dùng facebook"
            },
            {
                "id": "100064023472545",
                "count": 0,
                "name": "Người dùng facebook"
            },
            {
                "id": "100057686347162",
                "count": 0,
                "name": "Người dùng facebook"
            },
            {
                "id": "100009566993463",
                "count": 0,
                "name": "Người dùng facebook"
            },
            {
                "id": "100026460756625",
                "count": 0,
                "name": "Người dùng facebook"
            },
            {
                "id": "61552623727359",
                "count": 0,
                "name": "Người dùng facebook"
            },
            {
                "id": "100074174202296",
                "count": 0,
                "name": "Người dùng facebook"
            },
            {
                "id": "100081884814626",
                "count": 0,
                "name": "Người dùng facebook"
            },
            {
                "id": "100010801812267",
                "count": 0,
                "name": "Người dùng facebook"
            },
            {
                "id": "100008279522140",
                "count": 0,
                "name": "Người dùng facebook"
            },
            {
                "id": "100070583415043",
                "count": 0,
                "name": "Người dùng facebook"
            },
            {
                "id": "100034592899264",
                "count": 0,
                "name": "Người dùng facebook"
            },
            {
                "id": "100008089057949",
                "count": 0,
                "name": "Người dùng facebook"
            },
            {
                "id": "100092719673623",
                "count": 0,
                "name": "Người dùng facebook"
            },
            {
                "id": "100070148007287",
                "count": 0,
                "name": "Người dùng facebook"
            },
            {
                "id": "61556894156849",
                "count": 0,
                "name": "Em dạo này ổn không Còn đi làm ở công ty cũ Còn đi sớm về hôm nhưng mà đồng lương vẫn không khi đủ Đồng nghiệp của em thế nào trong thang máy có chào với nhau "
            },
            {
                "id": "100085283354451",
                "count": 0,
                "name": "Người dùng facebook"
            },
            {
                "id": "100022875818578",
                "count": 0,
                "name": "Người dùng facebook"
            },
            {
                "id": "100083860904180",
                "count": 0,
                "name": "Người dùng facebook"
            },
            {
                "id": "100000499554983",
                "count": 0,
                "name": "Người dùng facebook"
            },
            {
                "id": "100049560252143",
                "count": 0,
                "name": "Người dùng facebook"
            },
            {
                "id": "100027310340136",
                "count": 0,
                "name": "Người dùng facebook"
            },
            {
                "id": "100030579995988",
                "count": 0,
                "name": "Người dùng facebook"
            },
            {
                "id": "100041644071044",
                "count": 0,
                "name": "Người dùng facebook"
            },
            {
                "id": "100042117857940",
                "count": 0,
                "name": "Người dùng facebook"
            },
            {
                "id": "100018631791279",
                "count": 0,
                "name": "Người dùng facebook"
            },
            {
                "id": "100089245644237",
                "count": 0,
                "name": "Người dùng facebook"
            },
            {
                "id": "100069609043048",
                "count": 0,
                "name": "Người dùng facebook"
            },
            {
                "id": "100081138820446",
                "count": 0,
                "name": "Người dùng facebook"
            },
            {
                "id": "61551985797958",
                "count": 0,
                "name": "Người dùng facebook"
            },
            {
                "id": "61557544997413",
                "count": 0,
                "name": "Người dùng facebook"
            },
            {
                "id": "100046642711399",
                "count": 0,
                "name": "Người dùng facebook"
            },
            {
                "id": "100003555092155",
                "count": 0,
                "name": "Người dùng facebook"
            },
            {
                "id": "100069416544936",
                "count": 0,
                "name": "Người dùng facebook"
            },
            {
                "id": "100008070481518",
                "count": 0,
                "name": "Người dùng facebook"
            },
            {
                "id": "100004535313875",
                "count": 0,
                "name": "Người dùng facebook"
            },
            {
                "id": "100064472761543",
                "count": 0,
                "name": "Người dùng facebook"
            },
            {
                "id": "100020622166234",
                "count": 0,
                "name": "Người dùng facebook"
            },
            {
                "id": "61553333164212",
                "count": 0,
                "name": "Người dùng facebook"
            },
            {
                "id": "100069537986514",
                "count": 0,
                "name": "Người dùng facebook"
            },
            {
                "id": "100044133574979",
                "count": 0,
                "name": "Người dùng facebook"
            }
        ]
    }
}