{
    "total": [
        {
            "id": "100075098599381",
            "count": 0
        },
        {
            "id": "100091758047267",
            "count": 10
        },
        {
            "id": "61551915733158",
            "count": 0
        },
        {
            "id": "61560029322011",
            "count": 0
        },
        {
            "id": "100050188775013",
            "count": 1
        },
        {
            "id": "61561326726409",
            "count": 0
        },
        {
            "id": "100001113278043",
            "count": 0
        },
        {
            "id": "61556104662797",
            "count": 0
        },
        {
            "id": "61556666968083",
            "count": 24
        }
    ],
    "week": [
        {
            "id": "100075098599381",
            "count": 0,
            "name": "Eric Chẻmpai’z."
        },
        {
            "id": "100091758047267",
            "count": 0,
            "name": "Người dùng facebook"
        },
        {
            "id": "61551915733158",
            "count": 0,
            "name": "Người dùng facebook"
        },
        {
            "id": "61560029322011",
            "count": 0,
            "name": "Địt Bà Mày"
        },
        {
            "id": "100050188775013",
            "count": 0,
            "name": "Quốc Lord"
        },
        {
            "id": "61561326726409",
            "count": 0,
            "name": "Người dùng facebook"
        },
        {
            "id": "100001113278043",
            "count": 0,
            "name": "Phương Huyền"
        },
        {
            "id": "61556104662797",
            "count": 0,
            "name": "Người dùng facebook"
        },
        {
            "id": "61556666968083",
            "count": 0,
            "name": "Gkhanhdz vcl"
        }
    ],
    "day": [
        {
            "id": "100075098599381",
            "count": 0,
            "name": "Eric Chẻmpai’z."
        },
        {
            "id": "100091758047267",
            "count": 0,
            "name": "Người dùng facebook"
        },
        {
            "id": "61551915733158",
            "count": 0,
            "name": "Người dùng facebook"
        },
        {
            "id": "61560029322011",
            "count": 0,
            "name": "Địt Bà Mày"
        },
        {
            "id": "100050188775013",
            "count": 0,
            "name": "Quốc Lord"
        },
        {
            "id": "61561326726409",
            "count": 0,
            "name": "Người dùng facebook"
        },
        {
            "id": "100001113278043",
            "count": 0,
            "name": "Phương Huyền"
        },
        {
            "id": "61556104662797",
            "count": 0,
            "name": "Người dùng facebook"
        },
        {
            "id": "61556666968083",
            "count": 0,
            "name": "Gkhanhdz vcl"
        }
    ],
    "time": 0,
    "last": {
        "time": 3,
        "day": [
            {
                "id": "100075098599381",
                "count": 0,
                "name": "Eric Chẻmpai’z."
            },
            {
                "id": "100091758047267",
                "count": 0,
                "name": "Người dùng facebook"
            },
            {
                "id": "61551915733158",
                "count": 0,
                "name": "Người dùng facebook"
            },
            {
                "id": "61560029322011",
                "count": 0,
                "name": "Địt Bà Mày"
            },
            {
                "id": "100050188775013",
                "count": 0,
                "name": "Quốc Lord"
            },
            {
                "id": "61561326726409",
                "count": 0,
                "name": "Người dùng facebook"
            },
            {
                "id": "100001113278043",
                "count": 0,
                "name": "Phương Huyền"
            },
            {
                "id": "61556104662797",
                "count": 0,
                "name": "Người dùng facebook"
            },
            {
                "id": "61556666968083",
                "count": 0,
                "name": "Gkhanhdz vcl"
            }
        ],
        "week": [
            {
                "id": "100075098599381",
                "count": 0,
                "name": "Eric Chẻmpai’z."
            },
            {
                "id": "100091758047267",
                "count": 2,
                "name": "Người dùng facebook"
            },
            {
                "id": "61551915733158",
                "count": 0,
                "name": "Người dùng facebook"
            },
            {
                "id": "61560029322011",
                "count": 0,
                "name": "Địt Bà Mày"
            },
            {
                "id": "100050188775013",
                "count": 0,
                "name": "Quốc Lord"
            },
            {
                "id": "61561326726409",
                "count": 0,
                "name": "Người dùng facebook"
            },
            {
                "id": "100001113278043",
                "count": 0,
                "name": "Phương Huyền"
            },
            {
                "id": "61556104662797",
                "count": 0,
                "name": "Người dùng facebook"
            },
            {
                "id": "61556666968083",
                "count": 11,
                "name": "Gkhanhdz vcl"
            }
        ]
    }
}