{
    "total": [
        {
            "id": "547080087",
            "count": 45
        },
        {
            "id": "100019819855778",
            "count": 0
        },
        {
            "id": "100086335121096",
            "count": 22
        },
        {
            "id": "61554388240057",
            "count": 27
        },
        {
            "id": "100054070943810",
            "count": 10
        },
        {
            "id": "61551404970731",
            "count": 3
        },
        {
            "id": "100072143529430",
            "count": 31
        },
        {
            "id": "100072491290325",
            "count": 14
        },
        {
            "id": "100089124881335",
            "count": 0
        },
        {
            "id": "100082303933370",
            "count": 4
        },
        {
            "id": "61555364784352",
            "count": 18
        },
        {
            "id": "100088958832949",
            "count": 2
        },
        {
            "id": "1582914658",
            "count": 0
        },
        {
            "id": "100036248001325",
            "count": 77
        },
        {
            "id": "100006485819026",
            "count": 0
        },
        {
            "id": "100091336617209",
            "count": 22
        },
        {
            "id": "100063808030619",
            "count": 0
        },
        {
            "id": "100068177871218",
            "count": 0
        },
        {
            "id": "100027774863612",
            "count": 14
        },
        {
            "id": "100066646628666",
            "count": 0
        },
        {
            "id": "15203158",
            "count": 0
        },
        {
            "id": "100091245364304",
            "count": 26
        },
        {
            "id": "100075311845095",
            "count": 0
        },
        {
            "id": "100088552631816",
            "count": 27
        },
        {
            "id": "100072430326498",
            "count": 7
        },
        {
            "id": "100085133080228",
            "count": 9
        },
        {
            "id": "61554914882433",
            "count": 46
        },
        {
            "id": "61554175504490",
            "count": 0
        },
        {
            "id": "100078688926103",
            "count": 20
        },
        {
            "id": "100078456254469",
            "count": 0
        },
        {
            "id": "100084645296312",
            "count": 0
        },
        {
            "id": "100034409240949",
            "count": 0
        },
        {
            "id": "100084143865476",
            "count": 4
        },
        {
            "id": "100080309963939",
            "count": 0
        },
        {
            "id": "100089386026571",
            "count": 0
        },
        {
            "id": "100012355029413",
            "count": 11
        },
        {
            "id": "100071869891702",
            "count": 29
        },
        {
            "id": "100079446333597",
            "count": 5
        },
        {
            "id": "61550328581923",
            "count": 0
        },
        {
            "id": "100078811344430",
            "count": 21
        },
        {
            "id": "100079924311281",
            "count": 3
        },
        {
            "id": "100051610276935",
            "count": 0
        },
        {
            "id": "100073818714287",
            "count": 56
        },
        {
            "id": "100088049827820",
            "count": 0
        },
        {
            "id": "100028280296072",
            "count": 0
        },
        {
            "id": "61559824100499",
            "count": 0
        },
        {
            "id": "100093184009068",
            "count": 0
        },
        {
            "id": "100044083251429",
            "count": 32
        },
        {
            "id": "61560566725088",
            "count": 0
        },
        {
            "id": "61556671698004",
            "count": 0
        },
        {
            "id": "100069414083961",
            "count": 0
        },
        {
            "id": "100051452590613",
            "count": 0
        },
        {
            "id": "100075894757474",
            "count": 16
        },
        {
            "id": "100081908177645",
            "count": 0
        },
        {
            "id": "100054423716406",
            "count": 0
        },
        {
            "id": "100093382256024",
            "count": 0
        },
        {
            "id": "100070411463701",
            "count": 49
        },
        {
            "id": "100002964400333",
            "count": 0
        },
        {
            "id": "100084424400473",
            "count": 44
        },
        {
            "id": "100004844765686",
            "count": 0
        },
        {
            "id": "61558679680225",
            "count": 0
        },
        {
            "id": "100052006309540",
            "count": 0
        },
        {
            "id": "100083392717456",
            "count": 22
        },
        {
            "id": "100085065916104",
            "count": 0
        },
        {
            "id": "61559948472835",
            "count": 8
        },
        {
            "id": "100047503489567",
            "count": 34
        },
        {
            "id": "100031669141894",
            "count": 0
        },
        {
            "id": "61556082474437",
            "count": 5
        },
        {
            "id": "61556666968083",
            "count": 55
        },
        {
            "id": "100040208134159",
            "count": 0
        },
        {
            "id": "1053703548",
            "count": 2
        },
        {
            "id": "61554036425090",
            "count": 0
        },
        {
            "id": "100069455956348",
            "count": 0
        },
        {
            "id": "100086777502884",
            "count": 0
        },
        {
            "id": "100033725389415",
            "count": 27
        },
        {
            "id": "100079148825584",
            "count": 0
        },
        {
            "id": "100071867916074",
            "count": 0
        },
        {
            "id": "100076599796604",
            "count": 0
        },
        {
            "id": "61553661481766",
            "count": 5
        },
        {
            "id": "61562629082843",
            "count": 1
        },
        {
            "id": "100091785133134",
            "count": 0
        },
        {
            "id": "61557680969742",
            "count": 9
        },
        {
            "id": "61561915521188",
            "count": 0
        },
        {
            "id": "100031370533473",
            "count": 7
        },
        {
            "id": "100090209869310",
            "count": 3
        }
    ],
    "week": [
        {
            "id": "547080087",
            "count": 0,
            "name": "Dinh Van Cuong"
        },
        {
            "id": "100019819855778",
            "count": 0,
            "name": "Nguyenhuy Giap"
        },
        {
            "id": "100086335121096",
            "count": 15,
            "name": "Lê Đức Duy"
        },
        {
            "id": "61554388240057",
            "count": 13,
            "name": "Trần Bảo Sơn"
        },
        {
            "id": "100054070943810",
            "count": 10,
            "name": "An Nguyễn 💤"
        },
        {
            "id": "61551404970731",
            "count": 0,
            "name": "𒈒𑁍𝑵𝒈𝒖𝒚𝒆̂̃𝒏 𝑽𝒖̃ 𝑩𝒂̉𝒐 𝑯𝒖𝒚𓆉"
        },
        {
            "id": "100072143529430",
            "count": 28,
            "name": "Nguyễn Ngọc Trí"
        },
        {
            "id": "100072491290325",
            "count": 1,
            "name": "Trần Quyền"
        },
        {
            "id": "100089124881335",
            "count": 0,
            "name": "Do Viet Nhat"
        },
        {
            "id": "100082303933370",
            "count": 0,
            "name": "Hai Anh Ng"
        },
        {
            "id": "61555364784352",
            "count": 14,
            "name": "Nguyễn Minh Quân"
        },
        {
            "id": "100088958832949",
            "count": 2,
            "name": "Hung Van"
        },
        {
            "id": "1582914658",
            "count": 0,
            "name": "Dinh Van Cuong"
        },
        {
            "id": "100036248001325",
            "count": 63,
            "name": "Dinh Van Cuong"
        },
        {
            "id": "100006485819026",
            "count": 0,
            "name": "NgTiến Phát"
        },
        {
            "id": "100091336617209",
            "count": 5,
            "name": "Tìm Con Sâu"
        },
        {
            "id": "100063808030619",
            "count": 0,
            "name": "Thinh Nguyen"
        },
        {
            "id": "100068177871218",
            "count": 0,
            "name": "Trần Duy Mạnh"
        },
        {
            "id": "100027774863612",
            "count": 1,
            "name": "Nguyen Thanh Toan"
        },
        {
            "id": "100066646628666",
            "count": 0,
            "name": "Thuy Dung"
        },
        {
            "id": "15203158",
            "count": 0,
            "name": "Nguyễn Thanh Toàn"
        },
        {
            "id": "100091245364304",
            "count": 3,
            "name": "Pham Duy Thuong"
        },
        {
            "id": "100075311845095",
            "count": 0,
            "name": "Huỳnh Xuân Lộc"
        },
        {
            "id": "100088552631816",
            "count": 18,
            "name": "Thanh Hoá"
        },
        {
            "id": "100072430326498",
            "count": 0,
            "name": "Trần Bảo Lâm"
        },
        {
            "id": "100085133080228",
            "count": 7,
            "name": "Hồ Hữu Luân"
        },
        {
            "id": "61554914882433",
            "count": 3,
            "name": "Nguyen Gia Hung"
        },
        {
            "id": "61554175504490",
            "count": 0,
            "name": "Minh Trí"
        },
        {
            "id": "100078688926103",
            "count": 12,
            "name": "Bùi Hoàng"
        },
        {
            "id": "100078456254469",
            "count": 0,
            "name": "Nguyễn Đình Lộc"
        },
        {
            "id": "100084645296312",
            "count": 0,
            "name": "Vũ Xuân Bắc"
        },
        {
            "id": "100034409240949",
            "count": 0,
            "name": "Ri Conan"
        },
        {
            "id": "100084143865476",
            "count": 4,
            "name": "Nguyễn Anh Khoa"
        },
        {
            "id": "100080309963939",
            "count": 0,
            "name": "Tuann Anhh"
        },
        {
            "id": "100089386026571",
            "count": 0,
            "name": "Thanh Tài"
        },
        {
            "id": "100012355029413",
            "count": 11,
            "name": "Trần Duy Thịnh"
        },
        {
            "id": "100071869891702",
            "count": 13,
            "name": "Ko Phải Cảnh🤡"
        },
        {
            "id": "100079446333597",
            "count": 0,
            "name": "Dương Đăng Tuấn"
        },
        {
            "id": "61550328581923",
            "count": 0,
            "name": "Trai Dep Bac Ki"
        },
        {
            "id": "100078811344430",
            "count": 18,
            "name": "Đình Tú"
        },
        {
            "id": "100079924311281",
            "count": 0,
            "name": "Sơn Ngô Ích"
        },
        {
            "id": "100051610276935",
            "count": 0,
            "name": "Hai Dangg"
        },
        {
            "id": "100073818714287",
            "count": 32,
            "name": "Nguyên Phan"
        },
        {
            "id": "100088049827820",
            "count": 0,
            "name": "Cuong NgyQuang"
        },
        {
            "id": "100028280296072",
            "count": 0,
            "name": "Lâm Trương"
        },
        {
            "id": "61559824100499",
            "count": 0,
            "name": "Nguyenn Giaa Hưngg"
        },
        {
            "id": "100093184009068",
            "count": 0,
            "name": "Tran Van Huy"
        },
        {
            "id": "100044083251429",
            "count": 26,
            "name": "Hoang Anh Tuan"
        },
        {
            "id": "61560566725088",
            "count": 0,
            "name": "Gia Hưngg"
        },
        {
            "id": "61556671698004",
            "count": 0,
            "name": "Nguyễn Lợi"
        },
        {
            "id": "100069414083961",
            "count": 0,
            "name": "Hồ Tấn Tài"
        },
        {
            "id": "100051452590613",
            "count": 0,
            "name": "Nguyễn Đăng Dương"
        },
        {
            "id": "100075894757474",
            "count": 2,
            "name": "Nam Love Cat"
        },
        {
            "id": "100081908177645",
            "count": 0,
            "name": "Gia Bảo"
        },
        {
            "id": "100054423716406",
            "count": 0,
            "name": "Trần Quyền"
        },
        {
            "id": "100093382256024",
            "count": 0,
            "name": "Huỳnh Xuân Lộc ✅"
        },
        {
            "id": "100070411463701",
            "count": 39,
            "name": "Ngo Duc Cong"
        },
        {
            "id": "100002964400333",
            "count": 0,
            "name": "An Nguyễn 🧸"
        },
        {
            "id": "100084424400473",
            "count": 0,
            "name": "Dinh Van Cuong"
        },
        {
            "id": "100004844765686",
            "count": 0,
            "name": "Lê Vũ Phong"
        },
        {
            "id": "61558679680225",
            "count": 0,
            "name": "Hai Dang"
        },
        {
            "id": "100052006309540",
            "count": 0,
            "name": "Trà My"
        },
        {
            "id": "100083392717456",
            "count": 7,
            "name": "Le Vu Phongg"
        },
        {
            "id": "100085065916104",
            "count": 0,
            "name": "Trần Minh Triết"
        },
        {
            "id": "61559948472835",
            "count": 5,
            "name": "Minh Triết"
        },
        {
            "id": "100047503489567",
            "count": 10,
            "name": "Hoang Anh Tuan"
        },
        {
            "id": "100031669141894",
            "count": 0,
            "name": "Luân Nguyễn"
        },
        {
            "id": "61556082474437",
            "count": 0,
            "name": "Huỳnh Xuân Lộc"
        },
        {
            "id": "61556666968083",
            "count": 31,
            "name": "Gkhanhdz vcl"
        },
        {
            "id": "100040208134159",
            "count": 0,
            "name": "Nguyễn Gia Huy"
        },
        {
            "id": "1053703548",
            "count": 2,
            "name": "Hoàng Luân"
        },
        {
            "id": "61554036425090",
            "count": 0,
            "name": "Người dùng facebook"
        },
        {
            "id": "100069455956348",
            "count": 0,
            "name": "Người dùng facebook"
        },
        {
            "id": "100086777502884",
            "count": 0,
            "name": "Người dùng facebook"
        },
        {
            "id": "100033725389415",
            "count": 16,
            "name": "Duc Quan"
        },
        {
            "id": "100079148825584",
            "count": 0,
            "name": "Người dùng facebook"
        },
        {
            "id": "100071867916074",
            "count": 0,
            "name": "Người dùng facebook"
        },
        {
            "id": "100076599796604",
            "count": 0,
            "name": "Người dùng facebook"
        },
        {
            "id": "61553661481766",
            "count": 5,
            "name": "قمة العالم قطن جميل"
        },
        {
            "id": "61562629082843",
            "count": 1,
            "name": "ー﹕Chippi.ᐟ　ᘒ　韩"
        },
        {
            "id": "100091785133134",
            "count": 0,
            "name": "Kiều Ngọc Gia Meo"
        },
        {
            "id": "61557680969742",
            "count": 9,
            "name": "Hoang Tuan Anh"
        },
        {
            "id": "61561915521188",
            "count": 0,
            "name": "Người dùng facebook"
        },
        {
            "id": "100031370533473",
            "count": 0,
            "name": "Hạo Nam"
        },
        {
            "id": "100090209869310",
            "count": 3
        }
    ],
    "day": [
        {
            "id": "547080087",
            "count": 0,
            "name": "Dinh Van Cuong"
        },
        {
            "id": "100019819855778",
            "count": 0,
            "name": "Nguyenhuy Giap"
        },
        {
            "id": "100086335121096",
            "count": 0,
            "name": "Lê Đức Duy"
        },
        {
            "id": "61554388240057",
            "count": 0,
            "name": "Trần Bảo Sơn"
        },
        {
            "id": "100054070943810",
            "count": 0,
            "name": "An Nguyễn 💤"
        },
        {
            "id": "61551404970731",
            "count": 0,
            "name": "𒈒𑁍𝑵𝒈𝒖𝒚𝒆̂̃𝒏 𝑽𝒖̃ 𝑩𝒂̉𝒐 𝑯𝒖𝒚𓆉"
        },
        {
            "id": "100072143529430",
            "count": 0,
            "name": "Nguyễn Ngọc Trí"
        },
        {
            "id": "100072491290325",
            "count": 0,
            "name": "Trần Quyền"
        },
        {
            "id": "100089124881335",
            "count": 0,
            "name": "Do Viet Nhat"
        },
        {
            "id": "100082303933370",
            "count": 0,
            "name": "Hai Anh Ng"
        },
        {
            "id": "61555364784352",
            "count": 0,
            "name": "Nguyễn Minh Quân"
        },
        {
            "id": "100088958832949",
            "count": 0,
            "name": "Hung Van"
        },
        {
            "id": "1582914658",
            "count": 0,
            "name": "Dinh Van Cuong"
        },
        {
            "id": "100036248001325",
            "count": 0,
            "name": "Dinh Van Cuong"
        },
        {
            "id": "100006485819026",
            "count": 0,
            "name": "NgTiến Phát"
        },
        {
            "id": "100091336617209",
            "count": 0,
            "name": "Tìm Con Sâu"
        },
        {
            "id": "100063808030619",
            "count": 0,
            "name": "Thinh Nguyen"
        },
        {
            "id": "100068177871218",
            "count": 0,
            "name": "Trần Duy Mạnh"
        },
        {
            "id": "100027774863612",
            "count": 0,
            "name": "Nguyen Thanh Toan"
        },
        {
            "id": "100066646628666",
            "count": 0,
            "name": "Thuy Dung"
        },
        {
            "id": "15203158",
            "count": 0,
            "name": "Nguyễn Thanh Toàn"
        },
        {
            "id": "100091245364304",
            "count": 0,
            "name": "Pham Duy Thuong"
        },
        {
            "id": "100075311845095",
            "count": 0,
            "name": "Huỳnh Xuân Lộc"
        },
        {
            "id": "100088552631816",
            "count": 0,
            "name": "Thanh Hoá"
        },
        {
            "id": "100072430326498",
            "count": 0,
            "name": "Trần Bảo Lâm"
        },
        {
            "id": "100085133080228",
            "count": 0,
            "name": "Hồ Hữu Luân"
        },
        {
            "id": "61554914882433",
            "count": 0,
            "name": "Nguyen Gia Hung"
        },
        {
            "id": "61554175504490",
            "count": 0,
            "name": "Minh Trí"
        },
        {
            "id": "100078688926103",
            "count": 0,
            "name": "Bùi Hoàng"
        },
        {
            "id": "100078456254469",
            "count": 0,
            "name": "Nguyễn Đình Lộc"
        },
        {
            "id": "100084645296312",
            "count": 0,
            "name": "Vũ Xuân Bắc"
        },
        {
            "id": "100034409240949",
            "count": 0,
            "name": "Ri Conan"
        },
        {
            "id": "100084143865476",
            "count": 0,
            "name": "Nguyễn Anh Khoa"
        },
        {
            "id": "100080309963939",
            "count": 0,
            "name": "Tuann Anhh"
        },
        {
            "id": "100089386026571",
            "count": 0,
            "name": "Thanh Tài"
        },
        {
            "id": "100012355029413",
            "count": 0,
            "name": "Trần Duy Thịnh"
        },
        {
            "id": "100071869891702",
            "count": 0,
            "name": "Ko Phải Cảnh🤡"
        },
        {
            "id": "100079446333597",
            "count": 0,
            "name": "Dương Đăng Tuấn"
        },
        {
            "id": "61550328581923",
            "count": 0,
            "name": "Trai Dep Bac Ki"
        },
        {
            "id": "100078811344430",
            "count": 0,
            "name": "Đình Tú"
        },
        {
            "id": "100079924311281",
            "count": 0,
            "name": "Sơn Ngô Ích"
        },
        {
            "id": "100051610276935",
            "count": 0,
            "name": "Hai Dangg"
        },
        {
            "id": "100073818714287",
            "count": 0,
            "name": "Nguyên Phan"
        },
        {
            "id": "100088049827820",
            "count": 0,
            "name": "Cuong NgyQuang"
        },
        {
            "id": "100028280296072",
            "count": 0,
            "name": "Lâm Trương"
        },
        {
            "id": "61559824100499",
            "count": 0,
            "name": "Nguyenn Giaa Hưngg"
        },
        {
            "id": "100093184009068",
            "count": 0,
            "name": "Tran Van Huy"
        },
        {
            "id": "100044083251429",
            "count": 0,
            "name": "Hoang Anh Tuan"
        },
        {
            "id": "61560566725088",
            "count": 0,
            "name": "Gia Hưngg"
        },
        {
            "id": "61556671698004",
            "count": 0,
            "name": "Nguyễn Lợi"
        },
        {
            "id": "100069414083961",
            "count": 0,
            "name": "Hồ Tấn Tài"
        },
        {
            "id": "100051452590613",
            "count": 0,
            "name": "Nguyễn Đăng Dương"
        },
        {
            "id": "100075894757474",
            "count": 0,
            "name": "Nam Love Cat"
        },
        {
            "id": "100081908177645",
            "count": 0,
            "name": "Gia Bảo"
        },
        {
            "id": "100054423716406",
            "count": 0,
            "name": "Trần Quyền"
        },
        {
            "id": "100093382256024",
            "count": 0,
            "name": "Huỳnh Xuân Lộc ✅"
        },
        {
            "id": "100070411463701",
            "count": 0,
            "name": "Ngo Duc Cong"
        },
        {
            "id": "100002964400333",
            "count": 0,
            "name": "An Nguyễn 🧸"
        },
        {
            "id": "100084424400473",
            "count": 0,
            "name": "Dinh Van Cuong"
        },
        {
            "id": "100004844765686",
            "count": 0,
            "name": "Lê Vũ Phong"
        },
        {
            "id": "61558679680225",
            "count": 0,
            "name": "Hai Dang"
        },
        {
            "id": "100052006309540",
            "count": 0,
            "name": "Trà My"
        },
        {
            "id": "100083392717456",
            "count": 0,
            "name": "Le Vu Phongg"
        },
        {
            "id": "100085065916104",
            "count": 0,
            "name": "Trần Minh Triết"
        },
        {
            "id": "61559948472835",
            "count": 0,
            "name": "Minh Triết"
        },
        {
            "id": "100047503489567",
            "count": 0,
            "name": "Hoang Anh Tuan"
        },
        {
            "id": "100031669141894",
            "count": 0,
            "name": "Luân Nguyễn"
        },
        {
            "id": "61556082474437",
            "count": 0,
            "name": "Huỳnh Xuân Lộc"
        },
        {
            "id": "61556666968083",
            "count": 0,
            "name": "Gkhanhdz vcl"
        },
        {
            "id": "100040208134159",
            "count": 0,
            "name": "Nguyễn Gia Huy"
        },
        {
            "id": "1053703548",
            "count": 0,
            "name": "Hoàng Luân"
        },
        {
            "id": "61554036425090",
            "count": 0,
            "name": "Người dùng facebook"
        },
        {
            "id": "100069455956348",
            "count": 0,
            "name": "Người dùng facebook"
        },
        {
            "id": "100086777502884",
            "count": 0,
            "name": "Người dùng facebook"
        },
        {
            "id": "100033725389415",
            "count": 0,
            "name": "Duc Quan"
        },
        {
            "id": "100079148825584",
            "count": 0,
            "name": "Người dùng facebook"
        },
        {
            "id": "100071867916074",
            "count": 0,
            "name": "Người dùng facebook"
        },
        {
            "id": "100076599796604",
            "count": 0,
            "name": "Người dùng facebook"
        },
        {
            "id": "61553661481766",
            "count": 0,
            "name": "قمة العالم قطن جميل"
        },
        {
            "id": "61562629082843",
            "count": 0,
            "name": "ー﹕Chippi.ᐟ　ᘒ　韩"
        },
        {
            "id": "100091785133134",
            "count": 0,
            "name": "Kiều Ngọc Gia Meo"
        },
        {
            "id": "61557680969742",
            "count": 0,
            "name": "Hoang Tuan Anh"
        },
        {
            "id": "61561915521188",
            "count": 0,
            "name": "Người dùng facebook"
        },
        {
            "id": "100031370533473",
            "count": 0,
            "name": "Hạo Nam"
        },
        {
            "id": "100090209869310",
            "count": 0,
            "name": "Trần Duy Mạnh"
        }
    ],
    "time": 0,
    "last": {
        "time": 2,
        "day": [
            {
                "id": "547080087",
                "count": 0,
                "name": "Dinh Van Cuong"
            },
            {
                "id": "100019819855778",
                "count": 0,
                "name": "Nguyenhuy Giap"
            },
            {
                "id": "100086335121096",
                "count": 0,
                "name": "Lê Đức Duy"
            },
            {
                "id": "61554388240057",
                "count": 0,
                "name": "Trần Bảo Sơn"
            },
            {
                "id": "100054070943810",
                "count": 0,
                "name": "An Nguyễn 💤"
            },
            {
                "id": "61551404970731",
                "count": 0,
                "name": "𒈒𑁍𝑵𝒈𝒖𝒚𝒆̂̃𝒏 𝑽𝒖̃ 𝑩𝒂̉𝒐 𝑯𝒖𝒚𓆉"
            },
            {
                "id": "100072143529430",
                "count": 0,
                "name": "Nguyễn Ngọc Trí"
            },
            {
                "id": "100072491290325",
                "count": 0,
                "name": "Trần Quyền"
            },
            {
                "id": "100089124881335",
                "count": 0,
                "name": "Do Viet Nhat"
            },
            {
                "id": "100082303933370",
                "count": 0,
                "name": "Hai Anh Ng"
            },
            {
                "id": "61555364784352",
                "count": 0,
                "name": "Nguyễn Minh Quân"
            },
            {
                "id": "100088958832949",
                "count": 0,
                "name": "Hung Van"
            },
            {
                "id": "1582914658",
                "count": 0,
                "name": "Dinh Van Cuong"
            },
            {
                "id": "100036248001325",
                "count": 0,
                "name": "Dinh Van Cuong"
            },
            {
                "id": "100006485819026",
                "count": 0,
                "name": "NgTiến Phát"
            },
            {
                "id": "100091336617209",
                "count": 0,
                "name": "Tìm Con Sâu"
            },
            {
                "id": "100063808030619",
                "count": 0,
                "name": "Thinh Nguyen"
            },
            {
                "id": "100068177871218",
                "count": 0,
                "name": "Trần Duy Mạnh"
            },
            {
                "id": "100027774863612",
                "count": 0,
                "name": "Nguyen Thanh Toan"
            },
            {
                "id": "100066646628666",
                "count": 0,
                "name": "Thuy Dung"
            },
            {
                "id": "15203158",
                "count": 0,
                "name": "Nguyễn Thanh Toàn"
            },
            {
                "id": "100091245364304",
                "count": 0,
                "name": "Pham Duy Thuong"
            },
            {
                "id": "100075311845095",
                "count": 0,
                "name": "Huỳnh Xuân Lộc"
            },
            {
                "id": "100088552631816",
                "count": 0,
                "name": "Thanh Hoá"
            },
            {
                "id": "100072430326498",
                "count": 0,
                "name": "Trần Bảo Lâm"
            },
            {
                "id": "100085133080228",
                "count": 0,
                "name": "Hồ Hữu Luân"
            },
            {
                "id": "61554914882433",
                "count": 0,
                "name": "Nguyen Gia Hung"
            },
            {
                "id": "61554175504490",
                "count": 0,
                "name": "Minh Trí"
            },
            {
                "id": "100078688926103",
                "count": 0,
                "name": "Bùi Hoàng"
            },
            {
                "id": "100078456254469",
                "count": 0,
                "name": "Nguyễn Đình Lộc"
            },
            {
                "id": "100084645296312",
                "count": 0,
                "name": "Vũ Xuân Bắc"
            },
            {
                "id": "100034409240949",
                "count": 0,
                "name": "Ri Conan"
            },
            {
                "id": "100084143865476",
                "count": 0,
                "name": "Nguyễn Anh Khoa"
            },
            {
                "id": "100080309963939",
                "count": 0,
                "name": "Tuann Anhh"
            },
            {
                "id": "100089386026571",
                "count": 0,
                "name": "Thanh Tài"
            },
            {
                "id": "100012355029413",
                "count": 0,
                "name": "Trần Duy Thịnh"
            },
            {
                "id": "100071869891702",
                "count": 0,
                "name": "Ko Phải Cảnh🤡"
            },
            {
                "id": "100079446333597",
                "count": 0,
                "name": "Dương Đăng Tuấn"
            },
            {
                "id": "61550328581923",
                "count": 0,
                "name": "Trai Dep Bac Ki"
            },
            {
                "id": "100078811344430",
                "count": 0,
                "name": "Đình Tú"
            },
            {
                "id": "100079924311281",
                "count": 0,
                "name": "Sơn Ngô Ích"
            },
            {
                "id": "100051610276935",
                "count": 0,
                "name": "Hai Dangg"
            },
            {
                "id": "100073818714287",
                "count": 0,
                "name": "Nguyên Phan"
            },
            {
                "id": "100088049827820",
                "count": 0,
                "name": "Cuong NgyQuang"
            },
            {
                "id": "100028280296072",
                "count": 0,
                "name": "Lâm Trương"
            },
            {
                "id": "61559824100499",
                "count": 0,
                "name": "Nguyenn Giaa Hưngg"
            },
            {
                "id": "100093184009068",
                "count": 0,
                "name": "Tran Van Huy"
            },
            {
                "id": "100044083251429",
                "count": 0,
                "name": "Hoang Anh Tuan"
            },
            {
                "id": "61560566725088",
                "count": 0,
                "name": "Gia Hưngg"
            },
            {
                "id": "61556671698004",
                "count": 0,
                "name": "Nguyễn Lợi"
            },
            {
                "id": "100069414083961",
                "count": 0,
                "name": "Hồ Tấn Tài"
            },
            {
                "id": "100051452590613",
                "count": 0,
                "name": "Nguyễn Đăng Dương"
            },
            {
                "id": "100075894757474",
                "count": 0,
                "name": "Nam Love Cat"
            },
            {
                "id": "100081908177645",
                "count": 0,
                "name": "Gia Bảo"
            },
            {
                "id": "100054423716406",
                "count": 0,
                "name": "Trần Quyền"
            },
            {
                "id": "100093382256024",
                "count": 0,
                "name": "Huỳnh Xuân Lộc ✅"
            },
            {
                "id": "100070411463701",
                "count": 0,
                "name": "Ngo Duc Cong"
            },
            {
                "id": "100002964400333",
                "count": 0,
                "name": "An Nguyễn 🧸"
            },
            {
                "id": "100084424400473",
                "count": 0,
                "name": "Dinh Van Cuong"
            },
            {
                "id": "100004844765686",
                "count": 0,
                "name": "Lê Vũ Phong"
            },
            {
                "id": "61558679680225",
                "count": 0,
                "name": "Hai Dang"
            },
            {
                "id": "100052006309540",
                "count": 0,
                "name": "Trà My"
            },
            {
                "id": "100083392717456",
                "count": 0,
                "name": "Le Vu Phongg"
            },
            {
                "id": "100085065916104",
                "count": 0,
                "name": "Trần Minh Triết"
            },
            {
                "id": "61559948472835",
                "count": 0,
                "name": "Minh Triết"
            },
            {
                "id": "100047503489567",
                "count": 0,
                "name": "Hoang Anh Tuan"
            },
            {
                "id": "100031669141894",
                "count": 0,
                "name": "Luân Nguyễn"
            },
            {
                "id": "61556082474437",
                "count": 0,
                "name": "Huỳnh Xuân Lộc"
            },
            {
                "id": "61556666968083",
                "count": 0,
                "name": "Gkhanhdz vcl"
            },
            {
                "id": "100040208134159",
                "count": 0,
                "name": "Nguyễn Gia Huy"
            },
            {
                "id": "1053703548",
                "count": 0,
                "name": "Hoàng Luân"
            },
            {
                "id": "61554036425090",
                "count": 0,
                "name": "Người dùng facebook"
            },
            {
                "id": "100069455956348",
                "count": 0,
                "name": "Người dùng facebook"
            },
            {
                "id": "100086777502884",
                "count": 0,
                "name": "Người dùng facebook"
            },
            {
                "id": "100033725389415",
                "count": 0,
                "name": "Duc Quan"
            },
            {
                "id": "100079148825584",
                "count": 0,
                "name": "Người dùng facebook"
            },
            {
                "id": "100071867916074",
                "count": 0,
                "name": "Người dùng facebook"
            },
            {
                "id": "100076599796604",
                "count": 0,
                "name": "Người dùng facebook"
            },
            {
                "id": "61553661481766",
                "count": 0,
                "name": "قمة العالم قطن جميل"
            },
            {
                "id": "61562629082843",
                "count": 0,
                "name": "ー﹕Chippi.ᐟ　ᘒ　韩"
            },
            {
                "id": "100091785133134",
                "count": 0,
                "name": "Kiều Ngọc Gia Meo"
            },
            {
                "id": "61557680969742",
                "count": 0,
                "name": "Hoang Tuan Anh"
            },
            {
                "id": "61561915521188",
                "count": 0,
                "name": "Người dùng facebook"
            },
            {
                "id": "100031370533473",
                "count": 0,
                "name": "Hạo Nam"
            },
            {
                "id": "100090209869310",
                "count": 0,
                "name": "Trần Duy Mạnh"
            }
        ],
        "week": [
            {
                "id": "547080087",
                "count": 45,
                "name": "Dinh Van Cuong"
            },
            {
                "id": "100019819855778",
                "count": 0,
                "name": "Nguyenhuy Giap"
            },
            {
                "id": "100086335121096",
                "count": 7,
                "name": "Lê Đức Duy"
            },
            {
                "id": "61554388240057",
                "count": 14,
                "name": "Trần Bảo Sơn"
            },
            {
                "id": "100054070943810",
                "count": 0,
                "name": "An Nguyễn 💤"
            },
            {
                "id": "61551404970731",
                "count": 3,
                "name": "𒈒𑁍𝑵𝒈𝒖𝒚𝒆̂̃𝒏 𝑽𝒖̃ 𝑩𝒂̉𝒐 𝑯𝒖𝒚𓆉"
            },
            {
                "id": "100072143529430",
                "count": 3,
                "name": "Nguyễn Ngọc Trí"
            },
            {
                "id": "100072491290325",
                "count": 13,
                "name": "Trần Quyền"
            },
            {
                "id": "100089124881335",
                "count": 0,
                "name": "Do Viet Nhat"
            },
            {
                "id": "100082303933370",
                "count": 4,
                "name": "Hai Anh Ng"
            },
            {
                "id": "61555364784352",
                "count": 4,
                "name": "Nguyễn Minh Quân"
            },
            {
                "id": "100088958832949",
                "count": 0,
                "name": "Hung Van"
            },
            {
                "id": "100090209869310",
                "count": 0,
                "name": "Trần Duy Mạnh"
            },
            {
                "id": "1582914658",
                "count": 0,
                "name": "Dinh Van Cuong"
            },
            {
                "id": "100036248001325",
                "count": 14,
                "name": "Dinh Van Cuong"
            },
            {
                "id": "100006485819026",
                "count": 0,
                "name": "NgTiến Phát"
            },
            {
                "id": "100091336617209",
                "count": 17,
                "name": "Tìm Con Sâu"
            },
            {
                "id": "100063808030619",
                "count": 0,
                "name": "Thinh Nguyen"
            },
            {
                "id": "100068177871218",
                "count": 0,
                "name": "Trần Duy Mạnh"
            },
            {
                "id": "100027774863612",
                "count": 13,
                "name": "Nguyen Thanh Toan"
            },
            {
                "id": "100066646628666",
                "count": 0,
                "name": "Thuy Dung"
            },
            {
                "id": "15203158",
                "count": 0,
                "name": "Nguyễn Thanh Toàn"
            },
            {
                "id": "100091245364304",
                "count": 23,
                "name": "Pham Duy Thuong"
            },
            {
                "id": "100075311845095",
                "count": 0,
                "name": "Huỳnh Xuân Lộc"
            },
            {
                "id": "100088552631816",
                "count": 9,
                "name": "Thanh Hoá"
            },
            {
                "id": "100072430326498",
                "count": 7,
                "name": "Trần Bảo Lâm"
            },
            {
                "id": "100085133080228",
                "count": 2,
                "name": "Hồ Hữu Luân"
            },
            {
                "id": "61554914882433",
                "count": 43,
                "name": "Nguyen Gia Hung"
            },
            {
                "id": "61554175504490",
                "count": 0,
                "name": "Minh Trí"
            },
            {
                "id": "100078688926103",
                "count": 8,
                "name": "Bùi Hoàng"
            },
            {
                "id": "100078456254469",
                "count": 0,
                "name": "Nguyễn Đình Lộc"
            },
            {
                "id": "100084645296312",
                "count": 0,
                "name": "Vũ Xuân Bắc"
            },
            {
                "id": "100034409240949",
                "count": 0,
                "name": "Ri Conan"
            },
            {
                "id": "100084143865476",
                "count": 0,
                "name": "Nguyễn Anh Khoa"
            },
            {
                "id": "100080309963939",
                "count": 0,
                "name": "Tuann Anhh"
            },
            {
                "id": "100070288931968",
                "count": 0,
                "name": "Phạm Minh Nhật"
            },
            {
                "id": "100089386026571",
                "count": 0,
                "name": "Thanh Tài"
            },
            {
                "id": "100012355029413",
                "count": 0,
                "name": "Trần Duy Thịnh"
            },
            {
                "id": "100071869891702",
                "count": 16,
                "name": "Ko Phải Cảnh🤡"
            },
            {
                "id": "100079446333597",
                "count": 5,
                "name": "Dương Đăng Tuấn"
            },
            {
                "id": "61550328581923",
                "count": 0,
                "name": "Trai Dep Bac Ki"
            },
            {
                "id": "100078811344430",
                "count": 3,
                "name": "Đình Tú"
            },
            {
                "id": "100079924311281",
                "count": 3,
                "name": "Sơn Ngô Ích"
            },
            {
                "id": "100051610276935",
                "count": 0,
                "name": "Hai Dangg"
            },
            {
                "id": "100073818714287",
                "count": 24,
                "name": "Nguyên Phan"
            },
            {
                "id": "100088049827820",
                "count": 0,
                "name": "Cuong NgyQuang"
            },
            {
                "id": "100028280296072",
                "count": 0,
                "name": "Lâm Trương"
            },
            {
                "id": "61559824100499",
                "count": 0,
                "name": "Nguyenn Giaa Hưngg"
            },
            {
                "id": "100093184009068",
                "count": 0,
                "name": "Tran Van Huy"
            },
            {
                "id": "100044083251429",
                "count": 6,
                "name": "Hoang Anh Tuan"
            },
            {
                "id": "61560566725088",
                "count": 0,
                "name": "Gia Hưngg"
            },
            {
                "id": "61556671698004",
                "count": 0,
                "name": "Nguyễn Lợi"
            },
            {
                "id": "100069414083961",
                "count": 0,
                "name": "Hồ Tấn Tài"
            },
            {
                "id": "100051452590613",
                "count": 0,
                "name": "Nguyễn Đăng Dương"
            },
            {
                "id": "100075894757474",
                "count": 14,
                "name": "Nam Love Cat"
            },
            {
                "id": "100081908177645",
                "count": 0,
                "name": "Gia Bảo"
            },
            {
                "id": "100054423716406",
                "count": 0,
                "name": "Trần Quyền"
            },
            {
                "id": "100093382256024",
                "count": 0,
                "name": "Huỳnh Xuân Lộc ✅"
            },
            {
                "id": "100070411463701",
                "count": 10,
                "name": "Ngo Duc Cong"
            },
            {
                "id": "100002964400333",
                "count": 0,
                "name": "An Nguyễn 🧸"
            },
            {
                "id": "100084424400473",
                "count": 44,
                "name": "Dinh Van Cuong"
            },
            {
                "id": "100004844765686",
                "count": 0,
                "name": "Lê Vũ Phong"
            },
            {
                "id": "61558679680225",
                "count": 0,
                "name": "Hai Dang"
            },
            {
                "id": "100052006309540",
                "count": 0,
                "name": "Trà My"
            },
            {
                "id": "61562653509194",
                "count": 0,
                "name": "Bốlàtrùmtreobox Mấyrácgáynhiềuvàonhá"
            },
            {
                "id": "100083392717456",
                "count": 15,
                "name": "Le Vu Phongg"
            },
            {
                "id": "100085065916104",
                "count": 0,
                "name": "Trần Minh Triết"
            },
            {
                "id": "61559948472835",
                "count": 3,
                "name": "Minh Triết"
            },
            {
                "id": "100047503489567",
                "count": 24,
                "name": "Hoang Anh Tuan"
            },
            {
                "id": "100031669141894",
                "count": 0,
                "name": "Luân Nguyễn"
            },
            {
                "id": "61556082474437",
                "count": 5,
                "name": "Huỳnh Xuân Lộc"
            },
            {
                "id": "61556666968083",
                "count": 24,
                "name": "Gkhanhdz vcl"
            },
            {
                "id": "100040208134159",
                "count": 0,
                "name": "Nguyễn Gia Huy"
            },
            {
                "id": "1053703548",
                "count": 0,
                "name": "Hoàng Luân"
            },
            {
                "id": "100003600814334",
                "count": 0,
                "name": "Chiến Thần Sàn War"
            },
            {
                "id": "61562468907763",
                "count": 0,
                "name": "Nguyễn Văn Đức"
            },
            {
                "id": "61554036425090",
                "count": 0,
                "name": "Người dùng facebook"
            },
            {
                "id": "100069455956348",
                "count": 0,
                "name": "Người dùng facebook"
            },
            {
                "id": "100086777502884",
                "count": 0,
                "name": "Người dùng facebook"
            },
            {
                "id": "100033725389415",
                "count": 11,
                "name": "Duc Quan"
            },
            {
                "id": "100079148825584",
                "count": 0,
                "name": "Người dùng facebook"
            },
            {
                "id": "100071867916074",
                "count": 0,
                "name": "Người dùng facebook"
            },
            {
                "id": "100076599796604",
                "count": 0,
                "name": "Người dùng facebook"
            },
            {
                "id": "61553661481766",
                "count": 0,
                "name": "قمة العالم قطن جميل"
            },
            {
                "id": "61560709487791",
                "count": 1,
                "name": "Ng Quy"
            },
            {
                "id": "61562495816778",
                "count": 0,
                "name": "ꔫꔫ ꔫꔫ ꔫꔫ ꔫꔫ"
            },
            {
                "id": "61562629082843",
                "count": 0,
                "name": "ー﹕Chippi.ᐟ　ᘒ　韩"
            },
            {
                "id": "100091785133134",
                "count": 0,
                "name": "Kiều Ngọc Gia Meo"
            },
            {
                "id": "61557680969742",
                "count": 0,
                "name": "Hoang Tuan Anh"
            },
            {
                "id": "61561915521188",
                "count": 0,
                "name": "Người dùng facebook"
            },
            {
                "id": "100031370533473",
                "count": 7,
                "name": "Hạo Nam"
            }
        ]
    }
}