{
    "total": [
        {
            "id": "100073914823458",
            "count": 0
        },
        {
            "id": "61551752412604",
            "count": 0
        },
        {
            "id": "100022902729215",
            "count": 64
        },
        {
            "id": "100018834165980",
            "count": 0
        },
        {
            "id": "61553628137922",
            "count": 3
        },
        {
            "id": "100075610939839",
            "count": 0
        },
        {
            "id": "100084398950729",
            "count": 0
        },
        {
            "id": "100073363937411",
            "count": 43
        },
        {
            "id": "100063442901283",
            "count": 0
        },
        {
            "id": "100039813308717",
            "count": 0
        },
        {
            "id": "61557673323229",
            "count": 1
        },
        {
            "id": "100036120944644",
            "count": 0
        },
        {
            "id": "100023434451963",
            "count": 0
        },
        {
            "id": "100028677710926",
            "count": 5
        },
        {
            "id": "100011337534725",
            "count": 0
        },
        {
            "id": "100086635778898",
            "count": 1
        },
        {
            "id": "100024355281353",
            "count": 0
        },
        {
            "id": "100040213236486",
            "count": 34
        },
        {
            "id": "61556666968083",
            "count": 82
        },
        {
            "id": "61561120185167",
            "count": 2
        },
        {
            "id": "100005091282766",
            "count": 26
        },
        {
            "id": "100004672202570",
            "count": 0
        },
        {
            "id": "100044580577008",
            "count": 4
        },
        {
            "id": "61553576770753",
            "count": 16
        },
        {
            "id": "100048955819542",
            "count": 0
        },
        {
            "id": "100004183303902",
            "count": 2
        },
        {
            "id": "61556894156849",
            "count": 3
        },
        {
            "id": "61552588592420",
            "count": 5
        },
        {
            "id": "100004752336149",
            "count": 14
        }
    ],
    "week": [
        {
            "id": "100073914823458",
            "count": 0,
            "name": "Tiênn Lê"
        },
        {
            "id": "61551752412604",
            "count": 0,
            "name": "Hàn Tuyết Hy"
        },
        {
            "id": "100022902729215",
            "count": 27,
            "name": "Đặng Thị Trúc Ly"
        },
        {
            "id": "100018834165980",
            "count": 0,
            "name": "Lê Trọng"
        },
        {
            "id": "61553628137922",
            "count": 0,
            "name": "Hoàng Hải Đinh"
        },
        {
            "id": "100075610939839",
            "count": 0,
            "name": "Du Tyn"
        },
        {
            "id": "100084398950729",
            "count": 0,
            "name": "Tấn Vinh"
        },
        {
            "id": "100073363937411",
            "count": 2,
            "name": "Đỗ Thanh Xuân"
        },
        {
            "id": "100063442901283",
            "count": 0,
            "name": "Minh Phạm"
        },
        {
            "id": "100039813308717",
            "count": 0,
            "name": "Lan Anh TrẦn"
        },
        {
            "id": "61557673323229",
            "count": 0,
            "name": "Đức Anh "
        },
        {
            "id": "100036120944644",
            "count": 0,
            "name": "Đỗ Duy Đoạt"
        },
        {
            "id": "100023434451963",
            "count": 0,
            "name": "Cao Ngọc Hiếu"
        },
        {
            "id": "100028677710926",
            "count": 0,
            "name": "Huỳnh Thường"
        },
        {
            "id": "100011337534725",
            "count": 0,
            "name": "Đại Văn Hoàng"
        },
        {
            "id": "100086635778898",
            "count": 0,
            "name": "Kiều Loan"
        },
        {
            "id": "100024355281353",
            "count": 0,
            "name": "Người dùng Facebook"
        },
        {
            "id": "100040213236486",
            "count": 16,
            "name": "Hàn Băng Chi Tâm"
        },
        {
            "id": "61556666968083",
            "count": 30,
            "name": "Gkhanhdz vcl"
        },
        {
            "id": "61561120185167",
            "count": 0,
            "name": "zZin"
        },
        {
            "id": "100005091282766",
            "count": 1,
            "name": "Quang Tâm"
        },
        {
            "id": "100004672202570",
            "count": 0,
            "name": "Linh Vân"
        },
        {
            "id": "100044580577008",
            "count": 4,
            "name": "Nguyễn Minh Châu"
        },
        {
            "id": "61553576770753",
            "count": 1,
            "name": "Nàng Zin"
        },
        {
            "id": "100048955819542",
            "count": 0,
            "name": "Tiến Đạt"
        },
        {
            "id": "100004183303902",
            "count": 0,
            "name": "Nguyễn Tiến Minh"
        },
        {
            "id": "61556894156849",
            "count": 0,
            "name": "Em dạo này ổn không Còn đi làm ở công ty cũ Còn đi sớm về hôm nhưng mà đồng lương vẫn không khi đủ Đồng nghiệp của em thế nào trong thang máy có chào với nhau "
        },
        {
            "id": "61552588592420",
            "count": 5
        },
        {
            "id": "100004752336149",
            "count": 14
        }
    ],
    "day": [
        {
            "id": "100073914823458",
            "count": 0,
            "name": "Tiênn Lê"
        },
        {
            "id": "61551752412604",
            "count": 0,
            "name": "Hàn Tuyết Hy"
        },
        {
            "id": "100022902729215",
            "count": 0,
            "name": "Đặng Thị Trúc Ly"
        },
        {
            "id": "100018834165980",
            "count": 0,
            "name": "Lê Trọng"
        },
        {
            "id": "61553628137922",
            "count": 0,
            "name": "Hoàng Hải Đinh"
        },
        {
            "id": "100075610939839",
            "count": 0,
            "name": "Du Tyn"
        },
        {
            "id": "100084398950729",
            "count": 0,
            "name": "Tấn Vinh"
        },
        {
            "id": "100073363937411",
            "count": 0,
            "name": "Đỗ Thanh Xuân"
        },
        {
            "id": "100063442901283",
            "count": 0,
            "name": "Minh Phạm"
        },
        {
            "id": "100039813308717",
            "count": 0,
            "name": "Lan Anh TrẦn"
        },
        {
            "id": "61557673323229",
            "count": 0,
            "name": "Đức Anh "
        },
        {
            "id": "100036120944644",
            "count": 0,
            "name": "Đỗ Duy Đoạt"
        },
        {
            "id": "100023434451963",
            "count": 0,
            "name": "Cao Ngọc Hiếu"
        },
        {
            "id": "100028677710926",
            "count": 0,
            "name": "Huỳnh Thường"
        },
        {
            "id": "100011337534725",
            "count": 0,
            "name": "Đại Văn Hoàng"
        },
        {
            "id": "100086635778898",
            "count": 0,
            "name": "Kiều Loan"
        },
        {
            "id": "100024355281353",
            "count": 0,
            "name": "Thu Hiền"
        },
        {
            "id": "100040213236486",
            "count": 0,
            "name": "Hàn Băng Chi Tâm"
        },
        {
            "id": "61556666968083",
            "count": 0,
            "name": "Gkhanhdz vcl"
        },
        {
            "id": "61561120185167",
            "count": 0,
            "name": "zZin"
        },
        {
            "id": "100005091282766",
            "count": 0,
            "name": "Quang Tâm"
        },
        {
            "id": "100004672202570",
            "count": 0,
            "name": "Linh Vân"
        },
        {
            "id": "100044580577008",
            "count": 0,
            "name": "Nguyễn Minh Châu"
        },
        {
            "id": "61553576770753",
            "count": 0,
            "name": "Nàng Zin"
        },
        {
            "id": "100048955819542",
            "count": 0,
            "name": "Tiến Đạt"
        },
        {
            "id": "100004183303902",
            "count": 0,
            "name": "Nguyễn Tiến Minh"
        },
        {
            "id": "61556894156849",
            "count": 0,
            "name": "Em dạo này ổn không Còn đi làm ở công ty cũ Còn đi sớm về hôm nhưng mà đồng lương vẫn không khi đủ Đồng nghiệp của em thế nào trong thang máy có chào với nhau "
        },
        {
            "id": "61552588592420",
            "count": 0,
            "name": "Tạ Hân Diệu"
        },
        {
            "id": "100004752336149",
            "count": 0,
            "name": "Dang Gia Khanh"
        }
    ],
    "time": 0,
    "last": {
        "time": 3,
        "day": [
            {
                "id": "100073914823458",
                "count": 0,
                "name": "Tiênn Lê"
            },
            {
                "id": "61551752412604",
                "count": 0,
                "name": "Hàn Tuyết Hy"
            },
            {
                "id": "100022902729215",
                "count": 0,
                "name": "Đặng Thị Trúc Ly"
            },
            {
                "id": "100018834165980",
                "count": 0,
                "name": "Lê Trọng"
            },
            {
                "id": "61553628137922",
                "count": 0,
                "name": "Hoàng Hải Đinh"
            },
            {
                "id": "100075610939839",
                "count": 0,
                "name": "Du Tyn"
            },
            {
                "id": "100084398950729",
                "count": 0,
                "name": "Tấn Vinh"
            },
            {
                "id": "100073363937411",
                "count": 0,
                "name": "Đỗ Thanh Xuân"
            },
            {
                "id": "100063442901283",
                "count": 0,
                "name": "Minh Phạm"
            },
            {
                "id": "100039813308717",
                "count": 0,
                "name": "Lan Anh TrẦn"
            },
            {
                "id": "61557673323229",
                "count": 0,
                "name": "Đức Anh "
            },
            {
                "id": "100036120944644",
                "count": 0,
                "name": "Đỗ Duy Đoạt"
            },
            {
                "id": "100023434451963",
                "count": 0,
                "name": "Cao Ngọc Hiếu"
            },
            {
                "id": "100028677710926",
                "count": 0,
                "name": "Huỳnh Thường"
            },
            {
                "id": "100011337534725",
                "count": 0,
                "name": "Đại Văn Hoàng"
            },
            {
                "id": "100086635778898",
                "count": 0,
                "name": "Kiều Loan"
            },
            {
                "id": "100024355281353",
                "count": 0,
                "name": "Thu Hiền"
            },
            {
                "id": "100040213236486",
                "count": 0,
                "name": "Hàn Băng Chi Tâm"
            },
            {
                "id": "61556666968083",
                "count": 0,
                "name": "Gkhanhdz vcl"
            },
            {
                "id": "61561120185167",
                "count": 0,
                "name": "zZin"
            },
            {
                "id": "100005091282766",
                "count": 0,
                "name": "Quang Tâm"
            },
            {
                "id": "100004672202570",
                "count": 0,
                "name": "Linh Vân"
            },
            {
                "id": "100044580577008",
                "count": 0,
                "name": "Nguyễn Minh Châu"
            },
            {
                "id": "61553576770753",
                "count": 0,
                "name": "Nàng Zin"
            },
            {
                "id": "100048955819542",
                "count": 0,
                "name": "Tiến Đạt"
            },
            {
                "id": "100004183303902",
                "count": 0,
                "name": "Nguyễn Tiến Minh"
            },
            {
                "id": "61556894156849",
                "count": 0,
                "name": "Em dạo này ổn không Còn đi làm ở công ty cũ Còn đi sớm về hôm nhưng mà đồng lương vẫn không khi đủ Đồng nghiệp của em thế nào trong thang máy có chào với nhau "
            },
            {
                "id": "61552588592420",
                "count": 0,
                "name": "Tạ Hân Diệu"
            },
            {
                "id": "100004752336149",
                "count": 0,
                "name": "Dang Gia Khanh"
            }
        ],
        "week": [
            {
                "id": "100073914823458",
                "count": 0,
                "name": "Tiênn Lê"
            },
            {
                "id": "100026787916871",
                "count": 0,
                "name": "Hồng Gấm"
            },
            {
                "id": "61551752412604",
                "count": 0,
                "name": "Hàn Tuyết Hy"
            },
            {
                "id": "100022902729215",
                "count": 37,
                "name": "Đặng Thị Trúc Ly"
            },
            {
                "id": "100018834165980",
                "count": 0,
                "name": "Lê Trọng"
            },
            {
                "id": "61553628137922",
                "count": 3,
                "name": "Hoàng Hải Đinh"
            },
            {
                "id": "100075610939839",
                "count": 0,
                "name": "Du Tyn"
            },
            {
                "id": "100084398950729",
                "count": 0,
                "name": "Tấn Vinh"
            },
            {
                "id": "100073363937411",
                "count": 41,
                "name": "Đỗ Thanh Xuân"
            },
            {
                "id": "100063442901283",
                "count": 0,
                "name": "Minh Phạm"
            },
            {
                "id": "100039813308717",
                "count": 0,
                "name": "Lan Anh TrẦn"
            },
            {
                "id": "61557673323229",
                "count": 1,
                "name": "Đức Anh "
            },
            {
                "id": "100036120944644",
                "count": 0,
                "name": "Đỗ Duy Đoạt"
            },
            {
                "id": "100023434451963",
                "count": 0,
                "name": "Cao Ngọc Hiếu"
            },
            {
                "id": "100028677710926",
                "count": 5,
                "name": "Huỳnh Thường"
            },
            {
                "id": "100011337534725",
                "count": 0,
                "name": "Đại Văn Hoàng"
            },
            {
                "id": "100086635778898",
                "count": 1,
                "name": "Kiều Loan"
            },
            {
                "id": "100024355281353",
                "count": 0,
                "name": "Người dùng Facebook"
            },
            {
                "id": "100040213236486",
                "count": 18,
                "name": "Hàn Băng Chi Tâm"
            },
            {
                "id": "61556666968083",
                "count": 52,
                "name": "Gkhanhdz vcl"
            },
            {
                "id": "61561120185167",
                "count": 2,
                "name": "zZin"
            },
            {
                "id": "100005091282766",
                "count": 25,
                "name": "Quang Tâm"
            },
            {
                "id": "100004672202570",
                "count": 0,
                "name": "Linh Vân"
            },
            {
                "id": "100044580577008",
                "count": 0,
                "name": "Nguyễn Minh Châu"
            },
            {
                "id": "61553576770753",
                "count": 15,
                "name": "Nàng Zin"
            },
            {
                "id": "100048955819542",
                "count": 0,
                "name": "Tiến Đạt"
            },
            {
                "id": "100004183303902",
                "count": 2,
                "name": "Nguyễn Tiến Minh"
            },
            {
                "id": "61556894156849",
                "count": 3,
                "name": "Em dạo này ổn không Còn đi làm ở công ty cũ Còn đi sớm về hôm nhưng mà đồng lương vẫn không khi đủ Đồng nghiệp của em thế nào trong thang máy có chào với nhau "
            },
            {
                "id": "100039203520275",
                "count": 2,
                "name": "Xích Lân"
            },
            {
                "id": "61552588592420",
                "count": 0
            },
            {
                "id": "100004752336149",
                "count": 0
            },
            {
                "id": "100085073240621",
                "count": 0
            }
        ]
    }
}