{
    "total": [
        {
            "id": "100086496230321",
            "count": 23
        },
        {
            "id": "61557034444129",
            "count": 0
        },
        {
            "id": "100081013140853",
            "count": 52
        },
        {
            "id": "100075923487610",
            "count": 4
        },
        {
            "id": "100052452610804",
            "count": 0
        },
        {
            "id": "100089544736326",
            "count": 4
        },
        {
            "id": "100057055481541",
            "count": 6
        },
        {
            "id": "100039780109844",
            "count": 13
        },
        {
            "id": "61553952550229",
            "count": 72
        },
        {
            "id": "100030719734662",
            "count": 2
        },
        {
            "id": "100090178669106",
            "count": 7
        },
        {
            "id": "100083471861538",
            "count": 7
        },
        {
            "id": "61552169575529",
            "count": 5
        },
        {
            "id": "100053709691396",
            "count": 3
        },
        {
            "id": "100055264296978",
            "count": 2
        },
        {
            "id": "100076815394255",
            "count": 0
        },
        {
            "id": "100022902729215",
            "count": 100
        },
        {
            "id": "61556894156849",
            "count": 56
        },
        {
            "id": "61556666968083",
            "count": 25
        },
        {
            "id": "100004752336149",
            "count": 55
        },
        {
            "id": "61562492445049",
            "count": 5
        }
    ],
    "week": [
        {
            "id": "100086496230321",
            "count": 8,
            "name": "Ngọc Nhi"
        },
        {
            "id": "61557034444129",
            "count": 0,
            "name": "Hồ Jũng"
        },
        {
            "id": "100081013140853",
            "count": 21,
            "name": "Van Thắng"
        },
        {
            "id": "100075923487610",
            "count": 2,
            "name": "Phạm Hoàng Huyền Diệu"
        },
        {
            "id": "100052452610804",
            "count": 0,
            "name": "Thiên Vuz"
        },
        {
            "id": "100089544736326",
            "count": 2,
            "name": "Tớghétnhữngđứa Cótêndài Nhưthếnày"
        },
        {
            "id": "100057055481541",
            "count": 4,
            "name": "Lys Kieen"
        },
        {
            "id": "100039780109844",
            "count": 10,
            "name": "Trần Viet Anh"
        },
        {
            "id": "61553952550229",
            "count": 72,
            "name": "Nhung Nguyễn"
        },
        {
            "id": "100030719734662",
            "count": 1,
            "name": "Tuyết Liên"
        },
        {
            "id": "100090178669106",
            "count": 3,
            "name": "Ngọc Ánh"
        },
        {
            "id": "100083471861538",
            "count": 6,
            "name": "Phạm Quốc"
        },
        {
            "id": "61552169575529",
            "count": 5,
            "name": "Kiên Con"
        },
        {
            "id": "100053709691396",
            "count": 3,
            "name": "Đinh Phú"
        },
        {
            "id": "100055264296978",
            "count": 2,
            "name": "Embe Linh"
        },
        {
            "id": "100076815394255",
            "count": 0,
            "name": "Ninh Gấu"
        },
        {
            "id": "100022902729215",
            "count": 40,
            "name": "Đặng Thị Trúc Ly"
        },
        {
            "id": "61556894156849",
            "count": 0,
            "name": "Em dạo này ổn không Còn đi làm ở công ty cũ Còn đi sớm về hôm nhưng mà đồng lương vẫn không khi đủ Đồng nghiệp của em thế nào trong thang máy có chào với nhau "
        },
        {
            "id": "61556666968083",
            "count": 25
        },
        {
            "id": "100004752336149",
            "count": 55
        },
        {
            "id": "61562492445049",
            "count": 5
        }
    ],
    "day": [
        {
            "id": "100086496230321",
            "count": 0,
            "name": "Ngọc Nhi"
        },
        {
            "id": "61557034444129",
            "count": 0,
            "name": "Hồ Jũng"
        },
        {
            "id": "100081013140853",
            "count": 0,
            "name": "Van Thắng"
        },
        {
            "id": "100075923487610",
            "count": 0,
            "name": "Phạm Hoàng Huyền Diệu"
        },
        {
            "id": "100052452610804",
            "count": 0,
            "name": "Thiên Vuz"
        },
        {
            "id": "100089544736326",
            "count": 0,
            "name": "Tớghétnhữngđứa Cótêndài Nhưthếnày"
        },
        {
            "id": "100057055481541",
            "count": 0,
            "name": "Lys Kieen"
        },
        {
            "id": "100039780109844",
            "count": 0,
            "name": "Trần Viet Anh"
        },
        {
            "id": "61553952550229",
            "count": 0,
            "name": "Nhung Nguyễn"
        },
        {
            "id": "100030719734662",
            "count": 0,
            "name": "Tuyết Liên"
        },
        {
            "id": "100090178669106",
            "count": 0,
            "name": "Ngọc Ánh"
        },
        {
            "id": "100083471861538",
            "count": 0,
            "name": "Phạm Quốc"
        },
        {
            "id": "61552169575529",
            "count": 0,
            "name": "Kiên Con"
        },
        {
            "id": "100053709691396",
            "count": 0,
            "name": "Đinh Phú"
        },
        {
            "id": "100055264296978",
            "count": 0,
            "name": "Embe Linh"
        },
        {
            "id": "100076815394255",
            "count": 0,
            "name": "Ninh Gấu"
        },
        {
            "id": "100022902729215",
            "count": 0,
            "name": "Đặng Thị Trúc Ly"
        },
        {
            "id": "61556894156849",
            "count": 0,
            "name": "Em dạo này ổn không Còn đi làm ở công ty cũ Còn đi sớm về hôm nhưng mà đồng lương vẫn không khi đủ Đồng nghiệp của em thế nào trong thang máy có chào với nhau "
        },
        {
            "id": "61556666968083",
            "count": 0,
            "name": "Gkhanhdz vcl"
        },
        {
            "id": "100004752336149",
            "count": 0,
            "name": "Dang Gia Khanh"
        },
        {
            "id": "61562492445049",
            "count": 0,
            "name": "Như Quỳnhh"
        }
    ],
    "time": 0,
    "last": {
        "time": 0,
        "day": [
            {
                "id": "100086496230321",
                "count": 0,
                "name": "Ngọc Nhi"
            },
            {
                "id": "61557034444129",
                "count": 0,
                "name": "Hồ Jũng"
            },
            {
                "id": "100081013140853",
                "count": 0,
                "name": "Van Thắng"
            },
            {
                "id": "100075923487610",
                "count": 0,
                "name": "Phạm Hoàng Huyền Diệu"
            },
            {
                "id": "100052452610804",
                "count": 0,
                "name": "Thiên Vuz"
            },
            {
                "id": "100089544736326",
                "count": 0,
                "name": "Tớghétnhữngđứa Cótêndài Nhưthếnày"
            },
            {
                "id": "100057055481541",
                "count": 0,
                "name": "Lys Kieen"
            },
            {
                "id": "100039780109844",
                "count": 0,
                "name": "Trần Viet Anh"
            },
            {
                "id": "61553952550229",
                "count": 0,
                "name": "Nhung Nguyễn"
            },
            {
                "id": "100030719734662",
                "count": 0,
                "name": "Tuyết Liên"
            },
            {
                "id": "100090178669106",
                "count": 0,
                "name": "Ngọc Ánh"
            },
            {
                "id": "100083471861538",
                "count": 0,
                "name": "Phạm Quốc"
            },
            {
                "id": "61552169575529",
                "count": 0,
                "name": "Kiên Con"
            },
            {
                "id": "100053709691396",
                "count": 0,
                "name": "Đinh Phú"
            },
            {
                "id": "100055264296978",
                "count": 0,
                "name": "Embe Linh"
            },
            {
                "id": "100076815394255",
                "count": 0,
                "name": "Ninh Gấu"
            },
            {
                "id": "100022902729215",
                "count": 0,
                "name": "Đặng Thị Trúc Ly"
            },
            {
                "id": "61556894156849",
                "count": 0,
                "name": "Em dạo này ổn không Còn đi làm ở công ty cũ Còn đi sớm về hôm nhưng mà đồng lương vẫn không khi đủ Đồng nghiệp của em thế nào trong thang máy có chào với nhau "
            },
            {
                "id": "61556666968083",
                "count": 0,
                "name": "Gkhanhdz vcl"
            },
            {
                "id": "100004752336149",
                "count": 0,
                "name": "Dang Gia Khanh"
            },
            {
                "id": "61562492445049",
                "count": 0,
                "name": "Như Quỳnhh"
            }
        ],
        "week": [
            {
                "id": "100086496230321",
                "count": 15,
                "name": "Ngọc Nhi"
            },
            {
                "id": "61557034444129",
                "count": 0,
                "name": "Hồ Jũng"
            },
            {
                "id": "100081013140853",
                "count": 31,
                "name": "Van Thắng"
            },
            {
                "id": "100075923487610",
                "count": 2,
                "name": "Phạm Hoàng Huyền Diệu"
            },
            {
                "id": "100095410920236",
                "count": 1,
                "name": "Lạnh Lùng Sadboyz"
            },
            {
                "id": "100052452610804",
                "count": 0,
                "name": "Thiên Vuz"
            },
            {
                "id": "100089544736326",
                "count": 2,
                "name": "Tớghétnhữngđứa Cótêndài Nhưthếnày"
            },
            {
                "id": "100057055481541",
                "count": 2,
                "name": "Lys Kieen"
            },
            {
                "id": "100039780109844",
                "count": 3,
                "name": "Trần Viet Anh"
            },
            {
                "id": "100087908887071",
                "count": 23,
                "name": "Nguyễn Phong"
            },
            {
                "id": "100086385336222",
                "count": 60,
                "name": "Phương Thảo"
            },
            {
                "id": "61553952550229",
                "count": 0,
                "name": "Nhung Nguyễn"
            },
            {
                "id": "100030719734662",
                "count": 1,
                "name": "Tuyết Liên"
            },
            {
                "id": "100090178669106",
                "count": 4,
                "name": "Ngọc Ánh"
            },
            {
                "id": "100083471861538",
                "count": 1,
                "name": "Phạm Quốc"
            },
            {
                "id": "61552169575529",
                "count": 0,
                "name": "Kiên Con"
            },
            {
                "id": "100069339783052",
                "count": 0,
                "name": "Minh Luân"
            },
            {
                "id": "100053709691396",
                "count": 0,
                "name": "Đinh Phú"
            },
            {
                "id": "100055264296978",
                "count": 0,
                "name": "Embe Linh"
            },
            {
                "id": "100016035390446",
                "count": 0,
                "name": "Nguyen Thanh Nga"
            },
            {
                "id": "100076815394255",
                "count": 0,
                "name": "Ninh Gấu"
            },
            {
                "id": "100090032504427",
                "count": 0,
                "name": "Trịnh Nam"
            },
            {
                "id": "100022902729215",
                "count": 60,
                "name": "Đặng Thị Trúc Ly"
            },
            {
                "id": "61556894156849",
                "count": 56,
                "name": "Em dạo này ổn không Còn đi làm ở công ty cũ Còn đi sớm về hôm nhưng mà đồng lương vẫn không khi đủ Đồng nghiệp của em thế nào trong thang máy có chào với nhau "
            },
            {
                "id": "61556666968083",
                "count": 0
            },
            {
                "id": "100085073240621",
                "count": 0
            },
            {
                "id": "100004752336149",
                "count": 0
            },
            {
                "id": "61562492445049",
                "count": 0
            }
        ]
    }
}