{
    "total": [
        {
            "id": "61556130847993",
            "count": 0
        },
        {
            "id": "100093629946128",
            "count": 0
        },
        {
            "id": "100025928587011",
            "count": 0
        },
        {
            "id": "61558490602950",
            "count": 63
        },
        {
            "id": "100066885528880",
            "count": 3
        },
        {
            "id": "100009801367183",
            "count": 2190
        },
        {
            "id": "100034370250574",
            "count": 0
        },
        {
            "id": "100015522705870",
            "count": 1
        },
        {
            "id": "61558691518366",
            "count": 2
        },
        {
            "id": "100010834002446",
            "count": 2
        },
        {
            "id": "100086181447032",
            "count": 0
        },
        {
            "id": "100082611379977",
            "count": 0
        },
        {
            "id": "100059968770491",
            "count": 53
        },
        {
            "id": "61553643156660",
            "count": 0
        },
        {
            "id": "61553578030636",
            "count": 108
        },
        {
            "id": "100068431834341",
            "count": 40
        },
        {
            "id": "100050143251770",
            "count": 8
        },
        {
            "id": "61555883084137",
            "count": 0
        },
        {
            "id": "100063511596412",
            "count": 23
        },
        {
            "id": "61556828266600",
            "count": 2
        },
        {
            "id": "100021050304460",
            "count": 13
        },
        {
            "id": "100074842449578",
            "count": 64
        },
        {
            "id": "100091738788586",
            "count": 306
        },
        {
            "id": "61560000762800",
            "count": 0
        },
        {
            "id": "61552161478075",
            "count": 79
        },
        {
            "id": "100081044409615",
            "count": 0
        },
        {
            "id": "100085073240621",
            "count": 2976
        },
        {
            "id": "61556731027044",
            "count": 0
        },
        {
            "id": "61550024175305",
            "count": 0
        },
        {
            "id": "61561382030964",
            "count": 0
        },
        {
            "id": "61561145224385",
            "count": 0
        },
        {
            "id": "100071932610243",
            "count": 0
        },
        {
            "id": "100089033040313",
            "count": 10
        },
        {
            "id": "61555541125677",
            "count": 0
        },
        {
            "id": "61560695497242",
            "count": 0
        },
        {
            "id": "61559557873212",
            "count": 0
        },
        {
            "id": "61556666968083",
            "count": 1179
        },
        {
            "id": "61560284096557",
            "count": 0
        },
        {
            "id": "61560769867326",
            "count": 0
        },
        {
            "id": "61556482559962",
            "count": 0
        },
        {
            "id": "61560964546406",
            "count": 102
        },
        {
            "id": "61561577703502",
            "count": 0
        },
        {
            "id": "100088662078441",
            "count": 9
        },
        {
            "id": "100041369492342",
            "count": 498
        },
        {
            "id": "61553224204799",
            "count": 0
        },
        {
            "id": "61554805957250",
            "count": 0
        },
        {
            "id": "100001113278043",
            "count": 0
        },
        {
            "id": "61551750886541",
            "count": 0
        },
        {
            "id": "61560848275262",
            "count": 19
        },
        {
            "id": "61561375036027",
            "count": 0
        },
        {
            "id": "100002240840457",
            "count": 91
        },
        {
            "id": "61556894156849",
            "count": 623
        },
        {
            "id": "61553235419552",
            "count": 0
        },
        {
            "id": "61560888246743",
            "count": 3
        },
        {
            "id": "61553242356134",
            "count": 79
        },
        {
            "id": "100004752336149",
            "count": 307
        },
        {
            "id": "100071641680623",
            "count": 0
        },
        {
            "id": "61553673876286",
            "count": 46
        },
        {
            "id": "61563282449587",
            "count": 34
        },
        {
            "id": "100090698420702",
            "count": 0
        },
        {
            "id": "61562848389977",
            "count": 55
        },
        {
            "id": "61555877896247",
            "count": 0
        },
        {
            "id": "100001015776071",
            "count": 0
        }
    ],
    "week": [
        {
            "id": "61556130847993",
            "count": 0,
            "name": "Nguyễn Lê Hoài My"
        },
        {
            "id": "100093629946128",
            "count": 0,
            "name": "Nguyễn Thanh Tuấn"
        },
        {
            "id": "100025928587011",
            "count": 0,
            "name": "Nguyễn Gia Huy"
        },
        {
            "id": "61558490602950",
            "count": 45,
            "name": "Hà Tượng"
        },
        {
            "id": "100066885528880",
            "count": 2,
            "name": "Dương Hiền"
        },
        {
            "id": "100009801367183",
            "count": 790,
            "name": "Quyết Hoàng"
        },
        {
            "id": "100034370250574",
            "count": 0,
            "name": "Nguyễn Nguyên"
        },
        {
            "id": "100015522705870",
            "count": 0,
            "name": "Hữu Hùng"
        },
        {
            "id": "61558691518366",
            "count": 2,
            "name": "Người dùng Facebook"
        },
        {
            "id": "100010834002446",
            "count": 0,
            "name": "Nguyễn Võ Anh Khoa"
        },
        {
            "id": "100086181447032",
            "count": 0,
            "name": "Huy Phát"
        },
        {
            "id": "100082611379977",
            "count": 0,
            "name": "Nguyen Anh Tuan"
        },
        {
            "id": "100059968770491",
            "count": 0,
            "name": "Phạm Thị Trang"
        },
        {
            "id": "61553643156660",
            "count": 0,
            "name": "Nguyễn Hoàng"
        },
        {
            "id": "61553578030636",
            "count": 108,
            "name": "Nguyễn Trãi"
        },
        {
            "id": "100068431834341",
            "count": 2,
            "name": "Đặng Đình Lâm"
        },
        {
            "id": "100050143251770",
            "count": 1,
            "name": "タイガーピ ープル"
        },
        {
            "id": "61555883084137",
            "count": 0,
            "name": "Nguyễn Huy"
        },
        {
            "id": "100063511596412",
            "count": 2,
            "name": "Nguyễn Huy"
        },
        {
            "id": "61556828266600",
            "count": 0,
            "name": "Coun Meo"
        },
        {
            "id": "100021050304460",
            "count": 7,
            "name": "Bùi Hải"
        },
        {
            "id": "100074842449578",
            "count": 12,
            "name": "Nguyễn Kiệt"
        },
        {
            "id": "100091738788586",
            "count": 4,
            "name": "Quốc Khánh"
        },
        {
            "id": "61560000762800",
            "count": 0,
            "name": "Nhi Linh"
        },
        {
            "id": "61552161478075",
            "count": 17,
            "name": "Nguyễn Chí Cường"
        },
        {
            "id": "100081044409615",
            "count": 0,
            "name": "Khe'e Bé'ee"
        },
        {
            "id": "100085073240621",
            "count": 1162,
            "name": "Dang Gia Khanh"
        },
        {
            "id": "61556731027044",
            "count": 0,
            "name": "Nguyễn Huy"
        },
        {
            "id": "61550024175305",
            "count": 0,
            "name": "Đinh PhAnh"
        },
        {
            "id": "61561382030964",
            "count": 0,
            "name": "Người dùng Facebook"
        },
        {
            "id": "61561145224385",
            "count": 0,
            "name": "Nakano Nino"
        },
        {
            "id": "100071932610243",
            "count": 0,
            "name": "Đức Hải"
        },
        {
            "id": "100089033040313",
            "count": 5,
            "name": "Nguyễn Đức Toàn"
        },
        {
            "id": "61555541125677",
            "count": 0,
            "name": "Người dùng Facebook"
        },
        {
            "id": "61560695497242",
            "count": 0,
            "name": "Nakano Nino"
        },
        {
            "id": "61559557873212",
            "count": 0,
            "name": "Ng Hồng Phúc"
        },
        {
            "id": "61556666968083",
            "count": 696,
            "name": "Gkhanhdz vcl"
        },
        {
            "id": "61560284096557",
            "count": 0,
            "name": "Người dùng Facebook"
        },
        {
            "id": "61560769867326",
            "count": 0,
            "name": "Nghĩa Huy"
        },
        {
            "id": "61556482559962",
            "count": 0,
            "name": "Zn Ntl"
        },
        {
            "id": "61560964546406",
            "count": 0,
            "name": "Nakano Miku"
        },
        {
            "id": "61561577703502",
            "count": 0,
            "name": "Người dùng Facebook"
        },
        {
            "id": "100088662078441",
            "count": 1,
            "name": "Châm Châm"
        },
        {
            "id": "100041369492342",
            "count": 210,
            "name": "Nguyễn Khải"
        },
        {
            "id": "61553224204799",
            "count": 0,
            "name": "Bố CHấp Chúng Mày"
        },
        {
            "id": "61554805957250",
            "count": 0,
            "name": "Người dùng Facebook"
        },
        {
            "id": "100001113278043",
            "count": 0,
            "name": "Phương Huyền"
        },
        {
            "id": "61551750886541",
            "count": 0,
            "name": "Gkhanh"
        },
        {
            "id": "61560848275262",
            "count": 0,
            "name": "Ranga Crimson"
        },
        {
            "id": "61561375036027",
            "count": 0,
            "name": "Yoshino Kenji"
        },
        {
            "id": "100002240840457",
            "count": 0,
            "name": "Người dùng Facebook"
        },
        {
            "id": "61556894156849",
            "count": 82,
            "name": "Em dạo này ổn không Còn đi làm ở công ty cũ Còn đi sớm về hôm nhưng mà đồng lương vẫn không khi đủ Đồng nghiệp của em thế nào trong thang máy có chào với nhau "
        },
        {
            "id": "61553235419552",
            "count": 0,
            "name": "Ồi Chanh"
        },
        {
            "id": "61560888246743",
            "count": 2,
            "name": "Hạnh　Phúc　Có　Thể　Bỏ Rơi　Anh　Nhưng　Anh　Không Bao　Giờ　Bỏ　Rơi　Em"
        },
        {
            "id": "61553242356134",
            "count": 0,
            "name": "Huỳnh Xuân Thái"
        },
        {
            "id": "100004752336149",
            "count": 31,
            "name": "Dang Gia Khanh"
        },
        {
            "id": "100071641680623",
            "count": 0,
            "name": "Thu Thảo"
        },
        {
            "id": "61553673876286",
            "count": 46
        },
        {
            "id": "61563282449587",
            "count": 34
        },
        {
            "id": "100090698420702",
            "count": 0
        },
        {
            "id": "61562848389977",
            "count": 55
        },
        {
            "id": "61555877896247",
            "count": 0
        },
        {
            "id": "100001015776071",
            "count": 0
        }
    ],
    "day": [
        {
            "id": "61556130847993",
            "count": 0,
            "name": "Nguyễn Lê Hoài My"
        },
        {
            "id": "100093629946128",
            "count": 0,
            "name": "Nguyễn Thanh Tuấn"
        },
        {
            "id": "100025928587011",
            "count": 0,
            "name": "Nguyễn Gia Huy"
        },
        {
            "id": "61558490602950",
            "count": 1,
            "name": "Hà Tượng"
        },
        {
            "id": "100066885528880",
            "count": 0,
            "name": "Dương Hiền"
        },
        {
            "id": "100009801367183",
            "count": 18,
            "name": "Quyết Hoàng"
        },
        {
            "id": "100034370250574",
            "count": 0,
            "name": "Nguyễn Nguyên"
        },
        {
            "id": "100015522705870",
            "count": 0,
            "name": "Hữu Hùng"
        },
        {
            "id": "61558691518366",
            "count": 0,
            "name": "Người dùng Facebook"
        },
        {
            "id": "100010834002446",
            "count": 0,
            "name": "Nguyễn Võ Anh Khoa"
        },
        {
            "id": "100086181447032",
            "count": 0,
            "name": "Huy Phát"
        },
        {
            "id": "100082611379977",
            "count": 0,
            "name": "Nguyen Anh Tuan"
        },
        {
            "id": "100059968770491",
            "count": 0,
            "name": "Phạm Thị Trang"
        },
        {
            "id": "61553643156660",
            "count": 0,
            "name": "Nguyễn Hoàng"
        },
        {
            "id": "61553578030636",
            "count": 9,
            "name": "Nguyễn Trãi"
        },
        {
            "id": "100068431834341",
            "count": 0,
            "name": "Đặng Đình Lâm"
        },
        {
            "id": "100050143251770",
            "count": 0,
            "name": "タイガーピ ープル"
        },
        {
            "id": "61555883084137",
            "count": 0,
            "name": "Nguyễn Huy"
        },
        {
            "id": "100063511596412",
            "count": 0,
            "name": "Nguyễn Huy"
        },
        {
            "id": "61556828266600",
            "count": 0,
            "name": "Coun Meo"
        },
        {
            "id": "100021050304460",
            "count": 0,
            "name": "Bùi Hải"
        },
        {
            "id": "100074842449578",
            "count": 0,
            "name": "Nguyễn Kiệt"
        },
        {
            "id": "100091738788586",
            "count": 0,
            "name": "Quốc Khánh"
        },
        {
            "id": "61560000762800",
            "count": 0,
            "name": "Nhi Linh"
        },
        {
            "id": "61552161478075",
            "count": 0,
            "name": "Nguyễn Chí Cường"
        },
        {
            "id": "100081044409615",
            "count": 0,
            "name": "Khe'e Bé'ee"
        },
        {
            "id": "100085073240621",
            "count": 65,
            "name": "Dang Gia Khanh"
        },
        {
            "id": "61556731027044",
            "count": 0,
            "name": "Nguyễn Huy"
        },
        {
            "id": "61550024175305",
            "count": 0,
            "name": "Đinh PhAnh"
        },
        {
            "id": "61561382030964",
            "count": 0,
            "name": "Người dùng Facebook"
        },
        {
            "id": "61561145224385",
            "count": 0,
            "name": "Nakano Nino"
        },
        {
            "id": "100071932610243",
            "count": 0,
            "name": "Đức Hải"
        },
        {
            "id": "100089033040313",
            "count": 0,
            "name": "Nguyễn Đức Toàn"
        },
        {
            "id": "61555541125677",
            "count": 0,
            "name": "Người dùng Facebook"
        },
        {
            "id": "61560695497242",
            "count": 0,
            "name": "Nakano Nino"
        },
        {
            "id": "61559557873212",
            "count": 0,
            "name": "Ng Hồng Phúc"
        },
        {
            "id": "61556666968083",
            "count": 36,
            "name": "Gkhanhdz vcl"
        },
        {
            "id": "61560284096557",
            "count": 0,
            "name": "Người dùng Facebook"
        },
        {
            "id": "61560769867326",
            "count": 0,
            "name": "Nghĩa Huy"
        },
        {
            "id": "61556482559962",
            "count": 0,
            "name": "Zn Ntl"
        },
        {
            "id": "61560964546406",
            "count": 0,
            "name": "Nakano Miku"
        },
        {
            "id": "61561577703502",
            "count": 0,
            "name": "Người dùng Facebook"
        },
        {
            "id": "100088662078441",
            "count": 0,
            "name": "Châm Châm"
        },
        {
            "id": "100041369492342",
            "count": 0,
            "name": "Nguyễn Khải"
        },
        {
            "id": "61553224204799",
            "count": 0,
            "name": "Bố CHấp Chúng Mày"
        },
        {
            "id": "61554805957250",
            "count": 0,
            "name": "Người dùng Facebook"
        },
        {
            "id": "100001113278043",
            "count": 0,
            "name": "Phương Huyền"
        },
        {
            "id": "61551750886541",
            "count": 0,
            "name": "Gkhanh"
        },
        {
            "id": "61560848275262",
            "count": 0,
            "name": "Ranga Crimson"
        },
        {
            "id": "61561375036027",
            "count": 0,
            "name": "Yoshino Kenji"
        },
        {
            "id": "100002240840457",
            "count": 0,
            "name": "Người dùng Facebook"
        },
        {
            "id": "61556894156849",
            "count": 0,
            "name": "Em dạo này ổn không Còn đi làm ở công ty cũ Còn đi sớm về hôm nhưng mà đồng lương vẫn không khi đủ Đồng nghiệp của em thế nào trong thang máy có chào với nhau "
        },
        {
            "id": "61553235419552",
            "count": 0,
            "name": "Ồi Chanh"
        },
        {
            "id": "61560888246743",
            "count": 0,
            "name": "Hạnh　Phúc　Có　Thể　Bỏ Rơi　Anh　Nhưng　Anh　Không Bao　Giờ　Bỏ　Rơi　Em"
        },
        {
            "id": "61553242356134",
            "count": 0,
            "name": "Huỳnh Xuân Thái"
        },
        {
            "id": "100004752336149",
            "count": 22,
            "name": "Dang Gia Khanh"
        },
        {
            "id": "100071641680623",
            "count": 0,
            "name": "Thu Thảo"
        },
        {
            "id": "61553673876286",
            "count": 0,
            "name": "Ngọc Vy"
        },
        {
            "id": "61563282449587",
            "count": 0,
            "name": "Dũng Hào"
        },
        {
            "id": "100090698420702",
            "count": 0,
            "name": "Đặng Hồng Thương Nè"
        },
        {
            "id": "61562848389977",
            "count": 0,
            "name": "Trang Nè"
        },
        {
            "id": "61555877896247",
            "count": 0,
            "name": "Người dùng facebook"
        },
        {
            "id": "100001015776071",
            "count": 0,
            "name": "Người dùng facebook"
        }
    ],
    "time": 0,
    "last": {
        "time": 1,
        "day": [
            {
                "id": "61556130847993",
                "count": 0,
                "name": "Nguyễn Lê Hoài My"
            },
            {
                "id": "100093629946128",
                "count": 0,
                "name": "Nguyễn Thanh Tuấn"
            },
            {
                "id": "100025928587011",
                "count": 0,
                "name": "Nguyễn Gia Huy"
            },
            {
                "id": "61558490602950",
                "count": 10,
                "name": "Hà Tượng"
            },
            {
                "id": "100066885528880",
                "count": 0,
                "name": "Dương Hiền"
            },
            {
                "id": "100009801367183",
                "count": 7,
                "name": "Quyết Hoàng"
            },
            {
                "id": "100034370250574",
                "count": 0,
                "name": "Nguyễn Nguyên"
            },
            {
                "id": "100015522705870",
                "count": 0,
                "name": "Hữu Hùng"
            },
            {
                "id": "61558691518366",
                "count": 0,
                "name": "Người dùng Facebook"
            },
            {
                "id": "100010834002446",
                "count": 0,
                "name": "Nguyễn Võ Anh Khoa"
            },
            {
                "id": "100086181447032",
                "count": 0,
                "name": "Huy Phát"
            },
            {
                "id": "100082611379977",
                "count": 0,
                "name": "Nguyen Anh Tuan"
            },
            {
                "id": "100059968770491",
                "count": 0,
                "name": "Phạm Thị Trang"
            },
            {
                "id": "61553643156660",
                "count": 0,
                "name": "Nguyễn Hoàng"
            },
            {
                "id": "61553578030636",
                "count": 7,
                "name": "Nguyễn Trãi"
            },
            {
                "id": "100068431834341",
                "count": 0,
                "name": "Đặng Đình Lâm"
            },
            {
                "id": "100050143251770",
                "count": 0,
                "name": "タイガーピ ープル"
            },
            {
                "id": "61555883084137",
                "count": 0,
                "name": "Nguyễn Huy"
            },
            {
                "id": "100063511596412",
                "count": 0,
                "name": "Nguyễn Huy"
            },
            {
                "id": "61556828266600",
                "count": 0,
                "name": "Coun Meo"
            },
            {
                "id": "100021050304460",
                "count": 1,
                "name": "Bùi Hải"
            },
            {
                "id": "100074842449578",
                "count": 0,
                "name": "Nguyễn Kiệt"
            },
            {
                "id": "100091738788586",
                "count": 0,
                "name": "Quốc Khánh"
            },
            {
                "id": "61560000762800",
                "count": 0,
                "name": "Nhi Linh"
            },
            {
                "id": "61552161478075",
                "count": 0,
                "name": "Nguyễn Chí Cường"
            },
            {
                "id": "100081044409615",
                "count": 0,
                "name": "Khe'e Bé'ee"
            },
            {
                "id": "100085073240621",
                "count": 73,
                "name": "Dang Gia Khanh"
            },
            {
                "id": "61556731027044",
                "count": 0,
                "name": "Nguyễn Huy"
            },
            {
                "id": "61550024175305",
                "count": 0,
                "name": "Đinh PhAnh"
            },
            {
                "id": "61561382030964",
                "count": 0,
                "name": "Người dùng Facebook"
            },
            {
                "id": "61561145224385",
                "count": 0,
                "name": "Nakano Nino"
            },
            {
                "id": "100071932610243",
                "count": 0,
                "name": "Đức Hải"
            },
            {
                "id": "100089033040313",
                "count": 0,
                "name": "Nguyễn Đức Toàn"
            },
            {
                "id": "61555541125677",
                "count": 0,
                "name": "Người dùng Facebook"
            },
            {
                "id": "61560695497242",
                "count": 0,
                "name": "Nakano Nino"
            },
            {
                "id": "61559557873212",
                "count": 0,
                "name": "Ng Hồng Phúc"
            },
            {
                "id": "61556666968083",
                "count": 39,
                "name": "Gkhanhdz vcl"
            },
            {
                "id": "61560284096557",
                "count": 0,
                "name": "Người dùng Facebook"
            },
            {
                "id": "61560769867326",
                "count": 0,
                "name": "Nghĩa Huy"
            },
            {
                "id": "61556482559962",
                "count": 0,
                "name": "Zn Ntl"
            },
            {
                "id": "61560964546406",
                "count": 0,
                "name": "Nakano Miku"
            },
            {
                "id": "61561577703502",
                "count": 0,
                "name": "Người dùng Facebook"
            },
            {
                "id": "100088662078441",
                "count": 0,
                "name": "Châm Châm"
            },
            {
                "id": "100041369492342",
                "count": 0,
                "name": "Nguyễn Khải"
            },
            {
                "id": "61553224204799",
                "count": 0,
                "name": "Bố CHấp Chúng Mày"
            },
            {
                "id": "61554805957250",
                "count": 0,
                "name": "Người dùng Facebook"
            },
            {
                "id": "100001113278043",
                "count": 0,
                "name": "Phương Huyền"
            },
            {
                "id": "61551750886541",
                "count": 0,
                "name": "Gkhanh"
            },
            {
                "id": "61560848275262",
                "count": 0,
                "name": "Ranga Crimson"
            },
            {
                "id": "61561375036027",
                "count": 0,
                "name": "Yoshino Kenji"
            },
            {
                "id": "100002240840457",
                "count": 0,
                "name": "Người dùng Facebook"
            },
            {
                "id": "61556894156849",
                "count": 0,
                "name": "Em dạo này ổn không Còn đi làm ở công ty cũ Còn đi sớm về hôm nhưng mà đồng lương vẫn không khi đủ Đồng nghiệp của em thế nào trong thang máy có chào với nhau "
            },
            {
                "id": "61553235419552",
                "count": 0,
                "name": "Ồi Chanh"
            },
            {
                "id": "61560888246743",
                "count": 0,
                "name": "Hạnh　Phúc　Có　Thể　Bỏ Rơi　Anh　Nhưng　Anh　Không Bao　Giờ　Bỏ　Rơi　Em"
            },
            {
                "id": "61553242356134",
                "count": 0,
                "name": "Huỳnh Xuân Thái"
            },
            {
                "id": "100004752336149",
                "count": 0,
                "name": "Dang Gia Khanh"
            },
            {
                "id": "100071641680623",
                "count": 0,
                "name": "Thu Thảo"
            },
            {
                "id": "61553673876286",
                "count": 0,
                "name": "Ngọc Vy"
            },
            {
                "id": "61563282449587",
                "count": 0,
                "name": "Dũng Hào"
            },
            {
                "id": "100090698420702",
                "count": 0,
                "name": "Đặng Hồng Thương Nè"
            },
            {
                "id": "61562848389977",
                "count": 0,
                "name": "Trang Nè"
            },
            {
                "id": "61555877896247",
                "count": 0,
                "name": "Người dùng facebook"
            },
            {
                "id": "100001015776071",
                "count": 0,
                "name": "Người dùng facebook"
            }
        ],
        "week": [
            {
                "id": "61556130847993",
                "count": 0,
                "name": "Nguyễn Lê Hoài My"
            },
            {
                "id": "100093629946128",
                "count": 0,
                "name": "Nguyễn Thanh Tuấn"
            },
            {
                "id": "100025928587011",
                "count": 0,
                "name": "Nguyễn Gia Huy"
            },
            {
                "id": "100089035184495",
                "count": 0,
                "name": "Ho Thi My Nuong"
            },
            {
                "id": "61558490602950",
                "count": 10,
                "name": "Hà Tượng"
            },
            {
                "id": "100066885528880",
                "count": 0,
                "name": "Dương Hiền"
            },
            {
                "id": "100009801367183",
                "count": 521,
                "name": "Quyết Hoàng"
            },
            {
                "id": "100034370250574",
                "count": 0,
                "name": "Nguyễn Nguyên"
            },
            {
                "id": "100015522705870",
                "count": 1,
                "name": "Hữu Hùng"
            },
            {
                "id": "61558691518366",
                "count": 0,
                "name": "Người dùng Facebook"
            },
            {
                "id": "100010834002446",
                "count": 0,
                "name": "Nguyễn Võ Anh Khoa"
            },
            {
                "id": "100086181447032",
                "count": 0,
                "name": "Huy Phát"
            },
            {
                "id": "100082611379977",
                "count": 0,
                "name": "Nguyen Anh Tuan"
            },
            {
                "id": "100059968770491",
                "count": 0,
                "name": "Phạm Thị Trang"
            },
            {
                "id": "61553643156660",
                "count": 0,
                "name": "Nguyễn Hoàng"
            },
            {
                "id": "61553578030636",
                "count": 0,
                "name": "Nguyễn Trãi"
            },
            {
                "id": "100068431834341",
                "count": 10,
                "name": "Đặng Đình Lâm"
            },
            {
                "id": "100050143251770",
                "count": 0,
                "name": "タイガーピ ープル"
            },
            {
                "id": "61555883084137",
                "count": 0,
                "name": "Nguyễn Huy"
            },
            {
                "id": "100063511596412",
                "count": 6,
                "name": "Nguyễn Huy"
            },
            {
                "id": "61556828266600",
                "count": 0,
                "name": "Coun Meo"
            },
            {
                "id": "100021050304460",
                "count": 3,
                "name": "Bùi Hải"
            },
            {
                "id": "100074842449578",
                "count": 46,
                "name": "Nguyễn Kiệt"
            },
            {
                "id": "100091738788586",
                "count": 105,
                "name": "Quốc Khánh"
            },
            {
                "id": "61560000762800",
                "count": 0,
                "name": "Nhi Linh"
            },
            {
                "id": "61552161478075",
                "count": 3,
                "name": "Nguyễn Chí Cường"
            },
            {
                "id": "100044860654330",
                "count": 0,
                "name": "Tr Bích Tuyền"
            },
            {
                "id": "100081044409615",
                "count": 0,
                "name": "Khe'e Bé'ee"
            },
            {
                "id": "100085073240621",
                "count": 669,
                "name": "Dang Gia Khanh"
            },
            {
                "id": "61556731027044",
                "count": 0,
                "name": "Nguyễn Huy"
            },
            {
                "id": "61550024175305",
                "count": 0,
                "name": "Đinh PhAnh"
            },
            {
                "id": "100090698420702",
                "count": 0,
                "name": "Đặng Hồng Thương Nè"
            },
            {
                "id": "61561382030964",
                "count": 0,
                "name": "Người dùng Facebook"
            },
            {
                "id": "61561145224385",
                "count": 0,
                "name": "Nakano Nino"
            },
            {
                "id": "100071932610243",
                "count": 0,
                "name": "Đức Hải"
            },
            {
                "id": "100089033040313",
                "count": 1,
                "name": "Nguyễn Đức Toàn"
            },
            {
                "id": "61555541125677",
                "count": 0,
                "name": "Người dùng Facebook"
            },
            {
                "id": "61560695497242",
                "count": 0,
                "name": "Nakano Nino"
            },
            {
                "id": "61559557873212",
                "count": 0,
                "name": "Ng Hồng Phúc"
            },
            {
                "id": "61556666968083",
                "count": 85,
                "name": "Gkhanhdz vcl"
            },
            {
                "id": "61560284096557",
                "count": 0,
                "name": "Người dùng Facebook"
            },
            {
                "id": "61560769867326",
                "count": 0,
                "name": "Nghĩa Huy"
            },
            {
                "id": "61556482559962",
                "count": 0,
                "name": "Zn Ntl"
            },
            {
                "id": "61560964546406",
                "count": 35,
                "name": "Nakano Miku"
            },
            {
                "id": "61561577703502",
                "count": 0,
                "name": "Người dùng Facebook"
            },
            {
                "id": "100088662078441",
                "count": 1,
                "name": "Châm Châm"
            },
            {
                "id": "100041369492342",
                "count": 288,
                "name": "Nguyễn Khải"
            },
            {
                "id": "61553224204799",
                "count": 0,
                "name": "Bố CHấp Chúng Mày"
            },
            {
                "id": "61554805957250",
                "count": 0,
                "name": "Người dùng Facebook"
            },
            {
                "id": "100001113278043",
                "count": 0,
                "name": "Phương Huyền"
            },
            {
                "id": "61551750886541",
                "count": 0,
                "name": "Gkhanh"
            },
            {
                "id": "61560848275262",
                "count": 3,
                "name": "Ranga Crimson"
            },
            {
                "id": "61561375036027",
                "count": 0,
                "name": "Yoshino Kenji"
            },
            {
                "id": "100002240840457",
                "count": 0,
                "name": "Người dùng Facebook"
            },
            {
                "id": "61556894156849",
                "count": 0,
                "name": "Em dạo này ổn không Còn đi làm ở công ty cũ Còn đi sớm về hôm nhưng mà đồng lương vẫn không khi đủ Đồng nghiệp của em thế nào trong thang máy có chào với nhau "
            },
            {
                "id": "61553235419552",
                "count": 0,
                "name": "Ồi Chanh"
            },
            {
                "id": "61560888246743",
                "count": 1,
                "name": "Hạnh　Phúc　Có　Thể　Bỏ Rơi　Anh　Nhưng　Anh　Không Bao　Giờ　Bỏ　Rơi　Em"
            },
            {
                "id": "61553242356134",
                "count": 79,
                "name": "Huỳnh Xuân Thái"
            },
            {
                "id": "100004752336149",
                "count": 276,
                "name": "Dang Gia Khanh"
            },
            {
                "id": "61553567226903",
                "count": 0,
                "name": "Leader Clitus Brendan"
            },
            {
                "id": "100071641680623",
                "count": 0,
                "name": "Thu Thảo"
            },
            {
                "id": "61553673876286",
                "count": 0
            },
            {
                "id": "61563282449587",
                "count": 0
            },
            {
                "id": "61562848389977",
                "count": 0
            },
            {
                "id": "61555877896247",
                "count": 0
            },
            {
                "id": "100001015776071",
                "count": 0
            }
        ]
    }
}