{
    "total": [
        {
            "id": "100079210516343",
            "count": 3
        },
        {
            "id": "100075805248180",
            "count": 0
        },
        {
            "id": "100046642711399",
            "count": 50
        },
        {
            "id": "61556894156849",
            "count": 809
        },
        {
            "id": "61551742216816",
            "count": 33
        },
        {
            "id": "100000499554983",
            "count": 0
        },
        {
            "id": "61555739489116",
            "count": 4
        },
        {
            "id": "61552991948186",
            "count": 0
        },
        {
            "id": "61553676524593",
            "count": 18
        },
        {
            "id": "100087975250707",
            "count": 11
        },
        {
            "id": "100037991280051",
            "count": 37
        },
        {
            "id": "100092363403156",
            "count": 0
        },
        {
            "id": "100066845353219",
            "count": 126
        },
        {
            "id": "100074298309022",
            "count": 0
        },
        {
            "id": "61552048191303",
            "count": 1
        },
        {
            "id": "100093811262355",
            "count": 19
        },
        {
            "id": "61554159789698",
            "count": 0
        },
        {
            "id": "61557544997413",
            "count": 0
        },
        {
            "id": "61553333164212",
            "count": 964
        },
        {
            "id": "100087900736558",
            "count": 12
        },
        {
            "id": "100084506407994",
            "count": 212
        },
        {
            "id": "100081921523539",
            "count": 478
        },
        {
            "id": "100085036430881",
            "count": 17
        },
        {
            "id": "100078077474362",
            "count": 0
        },
        {
            "id": "61558813124421",
            "count": 95
        },
        {
            "id": "100079474971250",
            "count": 15
        }
    ],
    "week": [
        {
            "id": "100079210516343",
            "count": 0,
            "name": "Người dùng facebook"
        },
        {
            "id": "100075805248180",
            "count": 0,
            "name": "Người dùng facebook"
        },
        {
            "id": "100046642711399",
            "count": 0,
            "name": "Người dùng facebook"
        },
        {
            "id": "61556894156849",
            "count": 0,
            "name": "Em dạo này ổn không Còn đi làm ở công ty cũ Còn đi sớm về hôm nhưng mà đồng lương vẫn không khi đủ Đồng nghiệp của em thế nào trong thang máy có chào với nhau "
        },
        {
            "id": "61551742216816",
            "count": 0,
            "name": "Người dùng facebook"
        },
        {
            "id": "100000499554983",
            "count": 0,
            "name": "Người dùng facebook"
        },
        {
            "id": "61555739489116",
            "count": 0,
            "name": "Người dùng facebook"
        },
        {
            "id": "61552991948186",
            "count": 0,
            "name": "Người dùng facebook"
        },
        {
            "id": "61553676524593",
            "count": 0,
            "name": "Người dùng facebook"
        },
        {
            "id": "100087975250707",
            "count": 0,
            "name": "Người dùng facebook"
        },
        {
            "id": "100037991280051",
            "count": 0,
            "name": "Người dùng facebook"
        },
        {
            "id": "100092363403156",
            "count": 0,
            "name": "Người dùng facebook"
        },
        {
            "id": "100066845353219",
            "count": 0,
            "name": "Người dùng facebook"
        },
        {
            "id": "100074298309022",
            "count": 0,
            "name": "Người dùng facebook"
        },
        {
            "id": "61552048191303",
            "count": 0,
            "name": "Người dùng facebook"
        },
        {
            "id": "100093811262355",
            "count": 0,
            "name": "Người dùng facebook"
        },
        {
            "id": "61554159789698",
            "count": 0,
            "name": "Người dùng facebook"
        },
        {
            "id": "61557544997413",
            "count": 0,
            "name": "Người dùng facebook"
        },
        {
            "id": "61553333164212",
            "count": 0,
            "name": "Người dùng facebook"
        },
        {
            "id": "100087900736558",
            "count": 0,
            "name": "Người dùng facebook"
        },
        {
            "id": "100084506407994",
            "count": 0,
            "name": "Người dùng facebook"
        },
        {
            "id": "100081921523539",
            "count": 0,
            "name": "Người dùng facebook"
        },
        {
            "id": "100085036430881",
            "count": 0,
            "name": "Người dùng facebook"
        },
        {
            "id": "100078077474362",
            "count": 0,
            "name": "Người dùng facebook"
        },
        {
            "id": "61558813124421",
            "count": 0,
            "name": "Người dùng facebook"
        },
        {
            "id": "100079474971250",
            "count": 0,
            "name": "Người dùng facebook"
        }
    ],
    "day": [
        {
            "id": "100079210516343",
            "count": 0,
            "name": "Người dùng facebook"
        },
        {
            "id": "100075805248180",
            "count": 0,
            "name": "Người dùng facebook"
        },
        {
            "id": "100046642711399",
            "count": 0,
            "name": "Người dùng facebook"
        },
        {
            "id": "61556894156849",
            "count": 0,
            "name": "Em dạo này ổn không Còn đi làm ở công ty cũ Còn đi sớm về hôm nhưng mà đồng lương vẫn không khi đủ Đồng nghiệp của em thế nào trong thang máy có chào với nhau "
        },
        {
            "id": "61551742216816",
            "count": 0,
            "name": "Người dùng facebook"
        },
        {
            "id": "100000499554983",
            "count": 0,
            "name": "Người dùng facebook"
        },
        {
            "id": "61555739489116",
            "count": 0,
            "name": "Người dùng facebook"
        },
        {
            "id": "61552991948186",
            "count": 0,
            "name": "Người dùng facebook"
        },
        {
            "id": "61553676524593",
            "count": 0,
            "name": "Người dùng facebook"
        },
        {
            "id": "100087975250707",
            "count": 0,
            "name": "Người dùng facebook"
        },
        {
            "id": "100037991280051",
            "count": 0,
            "name": "Người dùng facebook"
        },
        {
            "id": "100092363403156",
            "count": 0,
            "name": "Người dùng facebook"
        },
        {
            "id": "100066845353219",
            "count": 0,
            "name": "Người dùng facebook"
        },
        {
            "id": "100074298309022",
            "count": 0,
            "name": "Người dùng facebook"
        },
        {
            "id": "61552048191303",
            "count": 0,
            "name": "Người dùng facebook"
        },
        {
            "id": "100093811262355",
            "count": 0,
            "name": "Người dùng facebook"
        },
        {
            "id": "61554159789698",
            "count": 0,
            "name": "Người dùng facebook"
        },
        {
            "id": "61557544997413",
            "count": 0,
            "name": "Người dùng facebook"
        },
        {
            "id": "61553333164212",
            "count": 0,
            "name": "Người dùng facebook"
        },
        {
            "id": "100087900736558",
            "count": 0,
            "name": "Người dùng facebook"
        },
        {
            "id": "100084506407994",
            "count": 0,
            "name": "Người dùng facebook"
        },
        {
            "id": "100081921523539",
            "count": 0,
            "name": "Người dùng facebook"
        },
        {
            "id": "100085036430881",
            "count": 0,
            "name": "Người dùng facebook"
        },
        {
            "id": "100078077474362",
            "count": 0,
            "name": "Người dùng facebook"
        },
        {
            "id": "61558813124421",
            "count": 0,
            "name": "Người dùng facebook"
        },
        {
            "id": "100079474971250",
            "count": 0,
            "name": "Người dùng facebook"
        }
    ],
    "time": 0,
    "last": {
        "time": 5,
        "day": [
            {
                "id": "100079210516343",
                "count": 0,
                "name": "Người dùng facebook"
            },
            {
                "id": "100075805248180",
                "count": 0,
                "name": "Người dùng facebook"
            },
            {
                "id": "100046642711399",
                "count": 0,
                "name": "Người dùng facebook"
            },
            {
                "id": "61556894156849",
                "count": 0,
                "name": "Em dạo này ổn không Còn đi làm ở công ty cũ Còn đi sớm về hôm nhưng mà đồng lương vẫn không khi đủ Đồng nghiệp của em thế nào trong thang máy có chào với nhau "
            },
            {
                "id": "61551742216816",
                "count": 0,
                "name": "Người dùng facebook"
            },
            {
                "id": "100000499554983",
                "count": 0,
                "name": "Người dùng facebook"
            },
            {
                "id": "61555739489116",
                "count": 0,
                "name": "Người dùng facebook"
            },
            {
                "id": "61552991948186",
                "count": 0,
                "name": "Người dùng facebook"
            },
            {
                "id": "61553676524593",
                "count": 0,
                "name": "Người dùng facebook"
            },
            {
                "id": "100087975250707",
                "count": 0,
                "name": "Người dùng facebook"
            },
            {
                "id": "100037991280051",
                "count": 0,
                "name": "Người dùng facebook"
            },
            {
                "id": "100092363403156",
                "count": 0,
                "name": "Người dùng facebook"
            },
            {
                "id": "100066845353219",
                "count": 0,
                "name": "Người dùng facebook"
            },
            {
                "id": "100074298309022",
                "count": 0,
                "name": "Người dùng facebook"
            },
            {
                "id": "61552048191303",
                "count": 0,
                "name": "Người dùng facebook"
            },
            {
                "id": "100093811262355",
                "count": 0,
                "name": "Người dùng facebook"
            },
            {
                "id": "61554159789698",
                "count": 0,
                "name": "Người dùng facebook"
            },
            {
                "id": "61557544997413",
                "count": 0,
                "name": "Người dùng facebook"
            },
            {
                "id": "61553333164212",
                "count": 0,
                "name": "Người dùng facebook"
            },
            {
                "id": "100087900736558",
                "count": 0,
                "name": "Người dùng facebook"
            },
            {
                "id": "100084506407994",
                "count": 0,
                "name": "Người dùng facebook"
            },
            {
                "id": "100081921523539",
                "count": 0,
                "name": "Người dùng facebook"
            },
            {
                "id": "100085036430881",
                "count": 0,
                "name": "Người dùng facebook"
            },
            {
                "id": "100078077474362",
                "count": 0,
                "name": "Người dùng facebook"
            },
            {
                "id": "61558813124421",
                "count": 0,
                "name": "Người dùng facebook"
            },
            {
                "id": "100079474971250",
                "count": 0,
                "name": "Người dùng facebook"
            }
        ],
        "week": [
            {
                "id": "100079210516343",
                "count": 0,
                "name": "Người dùng facebook"
            },
            {
                "id": "100075805248180",
                "count": 0,
                "name": "Người dùng facebook"
            },
            {
                "id": "100046642711399",
                "count": 0,
                "name": "Người dùng facebook"
            },
            {
                "id": "61556894156849",
                "count": 0,
                "name": "Em dạo này ổn không Còn đi làm ở công ty cũ Còn đi sớm về hôm nhưng mà đồng lương vẫn không khi đủ Đồng nghiệp của em thế nào trong thang máy có chào với nhau "
            },
            {
                "id": "61551742216816",
                "count": 0,
                "name": "Người dùng facebook"
            },
            {
                "id": "100000499554983",
                "count": 0,
                "name": "Người dùng facebook"
            },
            {
                "id": "61555739489116",
                "count": 0,
                "name": "Người dùng facebook"
            },
            {
                "id": "61552991948186",
                "count": 0,
                "name": "Người dùng facebook"
            },
            {
                "id": "61553676524593",
                "count": 0,
                "name": "Người dùng facebook"
            },
            {
                "id": "100087975250707",
                "count": 0,
                "name": "Người dùng facebook"
            },
            {
                "id": "100037991280051",
                "count": 0,
                "name": "Người dùng facebook"
            },
            {
                "id": "100092363403156",
                "count": 0,
                "name": "Người dùng facebook"
            },
            {
                "id": "100066845353219",
                "count": 0,
                "name": "Người dùng facebook"
            },
            {
                "id": "100074298309022",
                "count": 0,
                "name": "Người dùng facebook"
            },
            {
                "id": "61552048191303",
                "count": 0,
                "name": "Người dùng facebook"
            },
            {
                "id": "100093811262355",
                "count": 0,
                "name": "Người dùng facebook"
            },
            {
                "id": "61554159789698",
                "count": 0,
                "name": "Người dùng facebook"
            },
            {
                "id": "61557544997413",
                "count": 0,
                "name": "Người dùng facebook"
            },
            {
                "id": "61553333164212",
                "count": 0,
                "name": "Người dùng facebook"
            },
            {
                "id": "100087900736558",
                "count": 0,
                "name": "Người dùng facebook"
            },
            {
                "id": "100084506407994",
                "count": 0,
                "name": "Người dùng facebook"
            },
            {
                "id": "100081921523539",
                "count": 0,
                "name": "Người dùng facebook"
            },
            {
                "id": "100085036430881",
                "count": 0,
                "name": "Người dùng facebook"
            },
            {
                "id": "100078077474362",
                "count": 0,
                "name": "Người dùng facebook"
            },
            {
                "id": "61558813124421",
                "count": 0,
                "name": "Người dùng facebook"
            },
            {
                "id": "100079474971250",
                "count": 0,
                "name": "Người dùng facebook"
            }
        ]
    }
}