{
    "total": [
        {
            "id": "100076457646737",
            "count": 427
        },
        {
            "id": "100043495207908",
            "count": 1
        },
        {
            "id": "100089635266495",
            "count": 0
        },
        {
            "id": "100082146344264",
            "count": 0
        },
        {
            "id": "100034974404135",
            "count": 0
        },
        {
            "id": "100041763155985",
            "count": 0
        },
        {
            "id": "100008712632756",
            "count": 0
        },
        {
            "id": "100076500579355",
            "count": 0
        },
        {
            "id": "100061946138274",
            "count": 0
        },
        {
            "id": "100090174969925",
            "count": 0
        },
        {
            "id": "61554513080530",
            "count": 0
        },
        {
            "id": "100027418304848",
            "count": 0
        },
        {
            "id": "100043449888210",
            "count": 0
        },
        {
            "id": "100048693312107",
            "count": 0
        },
        {
            "id": "100084104636867",
            "count": 0
        },
        {
            "id": "100093913730541",
            "count": 6
        },
        {
            "id": "61553583506169",
            "count": 18
        },
        {
            "id": "100052495240377",
            "count": 0
        },
        {
            "id": "61551752412604",
            "count": 1
        },
        {
            "id": "100010332944146",
            "count": 7
        },
        {
            "id": "100089827705549",
            "count": 3
        },
        {
            "id": "100028255478328",
            "count": 41
        },
        {
            "id": "100011783132707",
            "count": 0
        },
        {
            "id": "100064612340383",
            "count": 7
        },
        {
            "id": "100086635778898",
            "count": 0
        },
        {
            "id": "100023434451963",
            "count": 0
        },
        {
            "id": "100040323132288",
            "count": 0
        },
        {
            "id": "100089797310864",
            "count": 0
        },
        {
            "id": "100091541721038",
            "count": 0
        },
        {
            "id": "61557122759031",
            "count": 1
        },
        {
            "id": "100039983387285",
            "count": 6
        },
        {
            "id": "61553348466121",
            "count": 0
        },
        {
            "id": "100010914557529",
            "count": 0
        },
        {
            "id": "100016445315679",
            "count": 0
        },
        {
            "id": "100035251842433",
            "count": 1
        },
        {
            "id": "100053625664818",
            "count": 0
        },
        {
            "id": "100045373307820",
            "count": 43
        },
        {
            "id": "61553566861553",
            "count": 0
        },
        {
            "id": "100057490953797",
            "count": 0
        },
        {
            "id": "100039813308717",
            "count": 238
        },
        {
            "id": "100079709812914",
            "count": 0
        },
        {
            "id": "100047180702980",
            "count": 0
        },
        {
            "id": "100087236748961",
            "count": 0
        },
        {
            "id": "100073363937411",
            "count": 29
        },
        {
            "id": "100039338256401",
            "count": 1
        },
        {
            "id": "100091895979345",
            "count": 1
        },
        {
            "id": "100006742087726",
            "count": 1
        },
        {
            "id": "61551922296788",
            "count": 0
        },
        {
            "id": "100022902729215",
            "count": 220
        },
        {
            "id": "100037779758921",
            "count": 0
        },
        {
            "id": "61556666968083",
            "count": 435
        },
        {
            "id": "100008414557498",
            "count": 75
        },
        {
            "id": "100048119313390",
            "count": 32
        }
    ],
    "week": [
        {
            "id": "100076457646737",
            "count": 0,
            "name": "Nắng Hạ"
        },
        {
            "id": "100043495207908",
            "count": 0,
            "name": "Nguyễn Thanh Thư"
        },
        {
            "id": "100089635266495",
            "count": 0,
            "name": "Phạm Khiêm"
        },
        {
            "id": "100082146344264",
            "count": 0,
            "name": "Quý San"
        },
        {
            "id": "100034974404135",
            "count": 0,
            "name": "Phan Ngọc Huy"
        },
        {
            "id": "100041763155985",
            "count": 0,
            "name": "BBùi ĐĐức"
        },
        {
            "id": "100008712632756",
            "count": 0,
            "name": "Lê Đạt"
        },
        {
            "id": "100076500579355",
            "count": 0,
            "name": "Trà My"
        },
        {
            "id": "100061946138274",
            "count": 0,
            "name": "Athw Ht"
        },
        {
            "id": "100090174969925",
            "count": 0,
            "name": "Thảo Lý"
        },
        {
            "id": "61554513080530",
            "count": 0,
            "name": "Gau Be"
        },
        {
            "id": "100027418304848",
            "count": 0,
            "name": "Su Bơ"
        },
        {
            "id": "100043449888210",
            "count": 0,
            "name": "Duy Lê"
        },
        {
            "id": "100048693312107",
            "count": 0,
            "name": "Mai Văn Thuỷ"
        },
        {
            "id": "100084104636867",
            "count": 0,
            "name": "Phạm Huy"
        },
        {
            "id": "100093913730541",
            "count": 0,
            "name": "Zin Kim Anh"
        },
        {
            "id": "61553583506169",
            "count": 0,
            "name": "Chan Chan"
        },
        {
            "id": "100052495240377",
            "count": 0,
            "name": "Linh Miêu"
        },
        {
            "id": "61551752412604",
            "count": 0,
            "name": "Hàn Tuyết Hy"
        },
        {
            "id": "100010332944146",
            "count": 0,
            "name": "Huỳnh Thị Thùy Dung"
        },
        {
            "id": "100089827705549",
            "count": 0,
            "name": "Hải Thần"
        },
        {
            "id": "100028255478328",
            "count": 0,
            "name": "Nguyễn Văn Hiếu"
        },
        {
            "id": "100011783132707",
            "count": 0,
            "name": "Hùngg Đinhh"
        },
        {
            "id": "100064612340383",
            "count": 0,
            "name": "My Lê"
        },
        {
            "id": "100086635778898",
            "count": 0,
            "name": "Kiều Loan"
        },
        {
            "id": "100023434451963",
            "count": 0,
            "name": "Cao Ngọc Hiếu"
        },
        {
            "id": "100040323132288",
            "count": 0,
            "name": "Nguyễn Khánh Trang"
        },
        {
            "id": "100089797310864",
            "count": 0,
            "name": "Tuệ Nhi"
        },
        {
            "id": "100091541721038",
            "count": 0,
            "name": "Lục Hy Tuyết"
        },
        {
            "id": "61557122759031",
            "count": 0,
            "name": "Lê Ngọc"
        },
        {
            "id": "100039983387285",
            "count": 0,
            "name": "Nguyễn X. Toàn"
        },
        {
            "id": "61553348466121",
            "count": 0,
            "name": "Nguyễn Phan Bá Trọng"
        },
        {
            "id": "100010914557529",
            "count": 0,
            "name": "Ha Huy Hoang"
        },
        {
            "id": "100016445315679",
            "count": 0,
            "name": "Thảo Phùng"
        },
        {
            "id": "100035251842433",
            "count": 0,
            "name": "Phan Thị Huyền"
        },
        {
            "id": "100053625664818",
            "count": 0,
            "name": "Hà Minh Việt"
        },
        {
            "id": "100045373307820",
            "count": 0,
            "name": "Tran Anh"
        },
        {
            "id": "61553566861553",
            "count": 0,
            "name": "Nguyễn Trâm"
        },
        {
            "id": "100057490953797",
            "count": 0,
            "name": "Lê Hoàng Tú"
        },
        {
            "id": "100039813308717",
            "count": 0,
            "name": "Lan Anh TrẦn"
        },
        {
            "id": "100079709812914",
            "count": 0,
            "name": "Di Di"
        },
        {
            "id": "100047180702980",
            "count": 0,
            "name": "Trần Thị Thanh"
        },
        {
            "id": "100087236748961",
            "count": 0,
            "name": "Phục Ẩm"
        },
        {
            "id": "100073363937411",
            "count": 0,
            "name": "Đỗ Thanh Xuân"
        },
        {
            "id": "100039338256401",
            "count": 0,
            "name": "Văn Sơn"
        },
        {
            "id": "100091895979345",
            "count": 0,
            "name": "Trương Hậu"
        },
        {
            "id": "100006742087726",
            "count": 0,
            "name": "Huỳnh Phát"
        },
        {
            "id": "61551922296788",
            "count": 0,
            "name": "Gia Huy"
        },
        {
            "id": "100022902729215",
            "count": 0,
            "name": "Đặng Thị Trúc Ly"
        },
        {
            "id": "100037779758921",
            "count": 0,
            "name": "Người dùng Facebook"
        },
        {
            "id": "61556666968083",
            "count": 0,
            "name": "Gkhanhdz vcl"
        },
        {
            "id": "100008414557498",
            "count": 0,
            "name": "Văn Hải"
        },
        {
            "id": "100048119313390",
            "count": 0,
            "name": "Toàn Hí"
        }
    ],
    "day": [
        {
            "id": "100076457646737",
            "count": 0,
            "name": "Người dùng facebook"
        },
        {
            "id": "100043495207908",
            "count": 0,
            "name": "Người dùng facebook"
        },
        {
            "id": "100089635266495",
            "count": 0,
            "name": "Người dùng facebook"
        },
        {
            "id": "100082146344264",
            "count": 0,
            "name": "Người dùng facebook"
        },
        {
            "id": "100034974404135",
            "count": 0,
            "name": "Người dùng facebook"
        },
        {
            "id": "100041763155985",
            "count": 0,
            "name": "Người dùng facebook"
        },
        {
            "id": "100008712632756",
            "count": 0,
            "name": "Người dùng facebook"
        },
        {
            "id": "100076500579355",
            "count": 0,
            "name": "Người dùng facebook"
        },
        {
            "id": "100061946138274",
            "count": 0,
            "name": "Người dùng facebook"
        },
        {
            "id": "100090174969925",
            "count": 0,
            "name": "Người dùng facebook"
        },
        {
            "id": "61554513080530",
            "count": 0,
            "name": "Người dùng facebook"
        },
        {
            "id": "100027418304848",
            "count": 0,
            "name": "Người dùng facebook"
        },
        {
            "id": "100043449888210",
            "count": 0,
            "name": "Người dùng facebook"
        },
        {
            "id": "100048693312107",
            "count": 0,
            "name": "Người dùng facebook"
        },
        {
            "id": "100084104636867",
            "count": 0,
            "name": "Người dùng facebook"
        },
        {
            "id": "100093913730541",
            "count": 0,
            "name": "Người dùng facebook"
        },
        {
            "id": "61553583506169",
            "count": 0,
            "name": "Người dùng facebook"
        },
        {
            "id": "100052495240377",
            "count": 0,
            "name": "Người dùng facebook"
        },
        {
            "id": "61551752412604",
            "count": 0,
            "name": "Hàn Tuyết Hy"
        },
        {
            "id": "100010332944146",
            "count": 0,
            "name": "Người dùng facebook"
        },
        {
            "id": "100089827705549",
            "count": 0,
            "name": "Người dùng facebook"
        },
        {
            "id": "100028255478328",
            "count": 0,
            "name": "Người dùng facebook"
        },
        {
            "id": "100011783132707",
            "count": 0,
            "name": "Người dùng facebook"
        },
        {
            "id": "100064612340383",
            "count": 0,
            "name": "Người dùng facebook"
        },
        {
            "id": "100086635778898",
            "count": 0,
            "name": "Kiều Loan"
        },
        {
            "id": "100023434451963",
            "count": 0,
            "name": "Cao Ngọc Hiếu"
        },
        {
            "id": "100040323132288",
            "count": 0,
            "name": "Người dùng facebook"
        },
        {
            "id": "100089797310864",
            "count": 0,
            "name": "Người dùng facebook"
        },
        {
            "id": "100091541721038",
            "count": 0,
            "name": "Lục Hy Tuyết"
        },
        {
            "id": "61557122759031",
            "count": 0,
            "name": "Người dùng facebook"
        },
        {
            "id": "100039983387285",
            "count": 0,
            "name": "Người dùng facebook"
        },
        {
            "id": "61553348466121",
            "count": 0,
            "name": "Người dùng facebook"
        },
        {
            "id": "100010914557529",
            "count": 0,
            "name": "Người dùng facebook"
        },
        {
            "id": "100016445315679",
            "count": 0,
            "name": "Người dùng facebook"
        },
        {
            "id": "100035251842433",
            "count": 0,
            "name": "Người dùng facebook"
        },
        {
            "id": "100053625664818",
            "count": 0,
            "name": "Người dùng facebook"
        },
        {
            "id": "100045373307820",
            "count": 0,
            "name": "Người dùng facebook"
        },
        {
            "id": "61553566861553",
            "count": 0,
            "name": "Nguyễn Trâm"
        },
        {
            "id": "100057490953797",
            "count": 0,
            "name": "Người dùng facebook"
        },
        {
            "id": "100039813308717",
            "count": 0,
            "name": "Lan Anh TrẦn"
        },
        {
            "id": "100079709812914",
            "count": 0,
            "name": "Người dùng facebook"
        },
        {
            "id": "100047180702980",
            "count": 0,
            "name": "Người dùng facebook"
        },
        {
            "id": "100087236748961",
            "count": 0,
            "name": "Người dùng facebook"
        },
        {
            "id": "100073363937411",
            "count": 0,
            "name": "Đỗ Thanh Xuân"
        },
        {
            "id": "100039338256401",
            "count": 0,
            "name": "Người dùng facebook"
        },
        {
            "id": "100091895979345",
            "count": 0,
            "name": "Người dùng facebook"
        },
        {
            "id": "100006742087726",
            "count": 0,
            "name": "Người dùng facebook"
        },
        {
            "id": "61551922296788",
            "count": 0,
            "name": "Người dùng facebook"
        },
        {
            "id": "100022902729215",
            "count": 0,
            "name": "Đặng Thị Trúc Ly"
        },
        {
            "id": "100037779758921",
            "count": 0,
            "name": "Người dùng facebook"
        },
        {
            "id": "61556666968083",
            "count": 0,
            "name": "Gkhanhdz vcl"
        },
        {
            "id": "100008414557498",
            "count": 0,
            "name": "Người dùng facebook"
        },
        {
            "id": "100048119313390",
            "count": 0,
            "name": "Người dùng facebook"
        }
    ],
    "time": 0,
    "last": {
        "time": 3,
        "day": [
            {
                "id": "100076457646737",
                "count": 0,
                "name": "Người dùng facebook"
            },
            {
                "id": "100043495207908",
                "count": 0,
                "name": "Người dùng facebook"
            },
            {
                "id": "100089635266495",
                "count": 0,
                "name": "Người dùng facebook"
            },
            {
                "id": "100082146344264",
                "count": 0,
                "name": "Người dùng facebook"
            },
            {
                "id": "100034974404135",
                "count": 0,
                "name": "Người dùng facebook"
            },
            {
                "id": "100041763155985",
                "count": 0,
                "name": "Người dùng facebook"
            },
            {
                "id": "100008712632756",
                "count": 0,
                "name": "Người dùng facebook"
            },
            {
                "id": "100076500579355",
                "count": 0,
                "name": "Người dùng facebook"
            },
            {
                "id": "100061946138274",
                "count": 0,
                "name": "Người dùng facebook"
            },
            {
                "id": "100090174969925",
                "count": 0,
                "name": "Người dùng facebook"
            },
            {
                "id": "61554513080530",
                "count": 0,
                "name": "Người dùng facebook"
            },
            {
                "id": "100027418304848",
                "count": 0,
                "name": "Người dùng facebook"
            },
            {
                "id": "100043449888210",
                "count": 0,
                "name": "Người dùng facebook"
            },
            {
                "id": "100048693312107",
                "count": 0,
                "name": "Người dùng facebook"
            },
            {
                "id": "100084104636867",
                "count": 0,
                "name": "Người dùng facebook"
            },
            {
                "id": "100093913730541",
                "count": 0,
                "name": "Người dùng facebook"
            },
            {
                "id": "61553583506169",
                "count": 0,
                "name": "Người dùng facebook"
            },
            {
                "id": "100052495240377",
                "count": 0,
                "name": "Người dùng facebook"
            },
            {
                "id": "61551752412604",
                "count": 0,
                "name": "Hàn Tuyết Hy"
            },
            {
                "id": "100010332944146",
                "count": 0,
                "name": "Người dùng facebook"
            },
            {
                "id": "100089827705549",
                "count": 0,
                "name": "Người dùng facebook"
            },
            {
                "id": "100028255478328",
                "count": 0,
                "name": "Người dùng facebook"
            },
            {
                "id": "100011783132707",
                "count": 0,
                "name": "Người dùng facebook"
            },
            {
                "id": "100064612340383",
                "count": 0,
                "name": "Người dùng facebook"
            },
            {
                "id": "100086635778898",
                "count": 0,
                "name": "Kiều Loan"
            },
            {
                "id": "100023434451963",
                "count": 0,
                "name": "Cao Ngọc Hiếu"
            },
            {
                "id": "100040323132288",
                "count": 0,
                "name": "Người dùng facebook"
            },
            {
                "id": "100089797310864",
                "count": 0,
                "name": "Người dùng facebook"
            },
            {
                "id": "100091541721038",
                "count": 0,
                "name": "Lục Hy Tuyết"
            },
            {
                "id": "61557122759031",
                "count": 0,
                "name": "Người dùng facebook"
            },
            {
                "id": "100039983387285",
                "count": 0,
                "name": "Người dùng facebook"
            },
            {
                "id": "61553348466121",
                "count": 0,
                "name": "Người dùng facebook"
            },
            {
                "id": "100010914557529",
                "count": 0,
                "name": "Người dùng facebook"
            },
            {
                "id": "100016445315679",
                "count": 0,
                "name": "Người dùng facebook"
            },
            {
                "id": "100035251842433",
                "count": 0,
                "name": "Người dùng facebook"
            },
            {
                "id": "100053625664818",
                "count": 0,
                "name": "Người dùng facebook"
            },
            {
                "id": "100045373307820",
                "count": 0,
                "name": "Người dùng facebook"
            },
            {
                "id": "61553566861553",
                "count": 0,
                "name": "Nguyễn Trâm"
            },
            {
                "id": "100057490953797",
                "count": 0,
                "name": "Người dùng facebook"
            },
            {
                "id": "100039813308717",
                "count": 0,
                "name": "Lan Anh TrẦn"
            },
            {
                "id": "100079709812914",
                "count": 0,
                "name": "Người dùng facebook"
            },
            {
                "id": "100047180702980",
                "count": 0,
                "name": "Người dùng facebook"
            },
            {
                "id": "100087236748961",
                "count": 0,
                "name": "Người dùng facebook"
            },
            {
                "id": "100073363937411",
                "count": 0,
                "name": "Đỗ Thanh Xuân"
            },
            {
                "id": "100039338256401",
                "count": 0,
                "name": "Người dùng facebook"
            },
            {
                "id": "100091895979345",
                "count": 0,
                "name": "Người dùng facebook"
            },
            {
                "id": "100006742087726",
                "count": 0,
                "name": "Người dùng facebook"
            },
            {
                "id": "61551922296788",
                "count": 0,
                "name": "Người dùng facebook"
            },
            {
                "id": "100022902729215",
                "count": 0,
                "name": "Đặng Thị Trúc Ly"
            },
            {
                "id": "100037779758921",
                "count": 0,
                "name": "Người dùng facebook"
            },
            {
                "id": "61556666968083",
                "count": 0,
                "name": "Gkhanhdz vcl"
            },
            {
                "id": "100008414557498",
                "count": 0,
                "name": "Người dùng facebook"
            },
            {
                "id": "100048119313390",
                "count": 0,
                "name": "Người dùng facebook"
            }
        ],
        "week": [
            {
                "id": "100076457646737",
                "count": 427,
                "name": "Nắng Hạ"
            },
            {
                "id": "100043495207908",
                "count": 1,
                "name": "Nguyễn Thanh Thư"
            },
            {
                "id": "100089635266495",
                "count": 0,
                "name": "Phạm Khiêm"
            },
            {
                "id": "100082146344264",
                "count": 0,
                "name": "Quý San"
            },
            {
                "id": "100034974404135",
                "count": 0,
                "name": "Phan Ngọc Huy"
            },
            {
                "id": "100041763155985",
                "count": 0,
                "name": "BBùi ĐĐức"
            },
            {
                "id": "100008712632756",
                "count": 0,
                "name": "Lê Đạt"
            },
            {
                "id": "100076500579355",
                "count": 0,
                "name": "Trà My"
            },
            {
                "id": "100061946138274",
                "count": 0,
                "name": "Athw Ht"
            },
            {
                "id": "100090174969925",
                "count": 0,
                "name": "Thảo Lý"
            },
            {
                "id": "61554513080530",
                "count": 0,
                "name": "Gau Be"
            },
            {
                "id": "100027418304848",
                "count": 0,
                "name": "Su Bơ"
            },
            {
                "id": "100043449888210",
                "count": 0,
                "name": "Duy Lê"
            },
            {
                "id": "100048693312107",
                "count": 0,
                "name": "Mai Văn Thuỷ"
            },
            {
                "id": "100084104636867",
                "count": 0,
                "name": "Phạm Huy"
            },
            {
                "id": "100093913730541",
                "count": 6,
                "name": "Zin Kim Anh"
            },
            {
                "id": "61553583506169",
                "count": 18,
                "name": "Chan Chan"
            },
            {
                "id": "100052495240377",
                "count": 0,
                "name": "Linh Miêu"
            },
            {
                "id": "61551752412604",
                "count": 1,
                "name": "Hàn Tuyết Hy"
            },
            {
                "id": "100010332944146",
                "count": 7,
                "name": "Huỳnh Thị Thùy Dung"
            },
            {
                "id": "100089827705549",
                "count": 3,
                "name": "Hải Thần"
            },
            {
                "id": "100028255478328",
                "count": 41,
                "name": "Nguyễn Văn Hiếu"
            },
            {
                "id": "100011783132707",
                "count": 0,
                "name": "Hùngg Đinhh"
            },
            {
                "id": "100064612340383",
                "count": 7,
                "name": "My Lê"
            },
            {
                "id": "100086635778898",
                "count": 0,
                "name": "Kiều Loan"
            },
            {
                "id": "100023434451963",
                "count": 0,
                "name": "Cao Ngọc Hiếu"
            },
            {
                "id": "100040323132288",
                "count": 0,
                "name": "Nguyễn Khánh Trang"
            },
            {
                "id": "100089797310864",
                "count": 0,
                "name": "Tuệ Nhi"
            },
            {
                "id": "100091541721038",
                "count": 0,
                "name": "Lục Hy Tuyết"
            },
            {
                "id": "61557122759031",
                "count": 1,
                "name": "Lê Ngọc"
            },
            {
                "id": "100039983387285",
                "count": 6,
                "name": "Nguyễn X. Toàn"
            },
            {
                "id": "61553348466121",
                "count": 0,
                "name": "Nguyễn Phan Bá Trọng"
            },
            {
                "id": "100010914557529",
                "count": 0,
                "name": "Ha Huy Hoang"
            },
            {
                "id": "100016445315679",
                "count": 0,
                "name": "Thảo Phùng"
            },
            {
                "id": "100035251842433",
                "count": 1,
                "name": "Phan Thị Huyền"
            },
            {
                "id": "100053625664818",
                "count": 0,
                "name": "Hà Minh Việt"
            },
            {
                "id": "100045373307820",
                "count": 43,
                "name": "Tran Anh"
            },
            {
                "id": "61553566861553",
                "count": 0,
                "name": "Nguyễn Trâm"
            },
            {
                "id": "100057490953797",
                "count": 0,
                "name": "Lê Hoàng Tú"
            },
            {
                "id": "100039813308717",
                "count": 238,
                "name": "Lan Anh TrẦn"
            },
            {
                "id": "100079709812914",
                "count": 0,
                "name": "Di Di"
            },
            {
                "id": "100047180702980",
                "count": 0,
                "name": "Trần Thị Thanh"
            },
            {
                "id": "100087236748961",
                "count": 0,
                "name": "Phục Ẩm"
            },
            {
                "id": "100073363937411",
                "count": 29,
                "name": "Đỗ Thanh Xuân"
            },
            {
                "id": "100039338256401",
                "count": 1,
                "name": "Văn Sơn"
            },
            {
                "id": "100091895979345",
                "count": 1,
                "name": "Trương Hậu"
            },
            {
                "id": "100006742087726",
                "count": 1,
                "name": "Huỳnh Phát"
            },
            {
                "id": "61551922296788",
                "count": 0,
                "name": "Gia Huy"
            },
            {
                "id": "100022902729215",
                "count": 220,
                "name": "Đặng Thị Trúc Ly"
            },
            {
                "id": "100037779758921",
                "count": 0,
                "name": "Người dùng Facebook"
            },
            {
                "id": "61556666968083",
                "count": 435,
                "name": "Gkhanhdz vcl"
            },
            {
                "id": "100008414557498",
                "count": 75,
                "name": "Văn Hải"
            },
            {
                "id": "100048119313390",
                "count": 32,
                "name": "Toàn Hí"
            }
        ]
    }
}