{
    "total": [
        {
            "id": "100093840380780",
            "count": 15
        },
        {
            "id": "61556666968083",
            "count": 26
        },
        {
            "id": "61554441613435",
            "count": 0
        },
        {
            "id": "100090525942779",
            "count": 1
        },
        {
            "id": "61558805286656",
            "count": 0
        },
        {
            "id": "61556894156849",
            "count": 18
        }
    ],
    "week": [
        {
            "id": "100093840380780",
            "count": 1,
            "name": "Gia Bảo"
        },
        {
            "id": "61556666968083",
            "count": 12,
            "name": "Gkhanhdz vcl"
        },
        {
            "id": "61554441613435",
            "count": 0,
            "name": "Phan Dao"
        },
        {
            "id": "100090525942779",
            "count": 1,
            "name": "Trần Long Quân"
        },
        {
            "id": "61558805286656",
            "count": 0,
            "name": "lồn lồn lồn"
        },
        {
            "id": "61556894156849",
            "count": 0,
            "name": "Em dạo này ổn không Còn đi làm ở công ty cũ Còn đi sớm về hôm nhưng mà đồng lương vẫn không khi đủ Đồng nghiệp của em thế nào trong thang máy có chào với nhau "
        }
    ],
    "day": [
        {
            "id": "100093840380780",
            "count": 0,
            "name": "Gia Bảo"
        },
        {
            "id": "61556666968083",
            "count": 0,
            "name": "Gkhanhdz vcl"
        },
        {
            "id": "61554441613435",
            "count": 0,
            "name": "Phan Dao"
        },
        {
            "id": "100090525942779",
            "count": 0,
            "name": "Trần Long Quân"
        },
        {
            "id": "61558805286656",
            "count": 0,
            "name": "lồn lồn lồn"
        },
        {
            "id": "61556894156849",
            "count": 0,
            "name": "Em dạo này ổn không Còn đi làm ở công ty cũ Còn đi sớm về hôm nhưng mà đồng lương vẫn không khi đủ Đồng nghiệp của em thế nào trong thang máy có chào với nhau "
        }
    ],
    "time": 0,
    "last": {
        "time": 6,
        "day": [
            {
                "id": "100093840380780",
                "count": 0,
                "name": "Gia Bảo"
            },
            {
                "id": "61556666968083",
                "count": 0,
                "name": "Gkhanhdz vcl"
            },
            {
                "id": "61554441613435",
                "count": 0,
                "name": "Phan Dao"
            },
            {
                "id": "100090525942779",
                "count": 0,
                "name": "Trần Long Quân"
            },
            {
                "id": "61558805286656",
                "count": 0,
                "name": "lồn lồn lồn"
            },
            {
                "id": "61556894156849",
                "count": 0,
                "name": "Em dạo này ổn không Còn đi làm ở công ty cũ Còn đi sớm về hôm nhưng mà đồng lương vẫn không khi đủ Đồng nghiệp của em thế nào trong thang máy có chào với nhau "
            }
        ],
        "week": [
            {
                "id": "100093840380780",
                "count": 6,
                "name": "Gia Bảo"
            },
            {
                "id": "61556666968083",
                "count": 10,
                "name": "Gkhanhdz vcl"
            },
            {
                "id": "61554441613435",
                "count": 0,
                "name": "Phan Dao"
            },
            {
                "id": "100090525942779",
                "count": 0,
                "name": "Trần Long Quân"
            },
            {
                "id": "61558805286656",
                "count": 0,
                "name": "lồn lồn lồn"
            },
            {
                "id": "61556894156849",
                "count": 0,
                "name": "Em dạo này ổn không Còn đi làm ở công ty cũ Còn đi sớm về hôm nhưng mà đồng lương vẫn không khi đủ Đồng nghiệp của em thế nào trong thang máy có chào với nhau "
            }
        ]
    }
}