{
    "total": [
        {
            "id": "100004752336149",
            "count": 225
        },
        {
            "id": "100085073240621",
            "count": 414
        },
        {
            "id": "61555877896247",
            "count": 0
        },
        {
            "id": "100001113278043",
            "count": 3
        },
        {
            "id": "61556666968083",
            "count": 302
        },
        {
            "id": "100075098599381",
            "count": 9
        },
        {
            "id": "100001015776071",
            "count": 0
        }
    ],
    "week": [
        {
            "id": "100004752336149",
            "count": 225
        },
        {
            "id": "100085073240621",
            "count": 414
        },
        {
            "id": "61555877896247",
            "count": 0
        },
        {
            "id": "100001113278043",
            "count": 3
        },
        {
            "id": "61556666968083",
            "count": 302
        },
        {
            "id": "100075098599381",
            "count": 9
        },
        {
            "id": "100001015776071",
            "count": 0
        }
    ],
    "day": [
        {
            "id": "100004752336149",
            "count": 6,
            "name": "Dang Gia Khanh"
        },
        {
            "id": "100085073240621",
            "count": 5,
            "name": "Dang Gia Khanh"
        },
        {
            "id": "61555877896247",
            "count": 0,
            "name": "Người dùng facebook"
        },
        {
            "id": "100001113278043",
            "count": 0,
            "name": "Phương Huyền"
        },
        {
            "id": "61556666968083",
            "count": 1,
            "name": "Gkhanhdz vcl"
        },
        {
            "id": "100075098599381",
            "count": 0,
            "name": "Eric Chẻmpai’z."
        },
        {
            "id": "100001015776071",
            "count": 0,
            "name": "Người dùng facebook"
        }
    ],
    "time": 0,
    "last": {
        "time": 1,
        "day": [
            {
                "id": "100004752336149",
                "count": 0,
                "name": "Dang Gia Khanh"
            },
            {
                "id": "100085073240621",
                "count": 13,
                "name": "Dang Gia Khanh"
            },
            {
                "id": "61555877896247",
                "count": 0,
                "name": "Người dùng facebook"
            },
            {
                "id": "100001113278043",
                "count": 0,
                "name": "Phương Huyền"
            },
            {
                "id": "61556666968083",
                "count": 13,
                "name": "Gkhanhdz vcl"
            },
            {
                "id": "100075098599381",
                "count": 0,
                "name": "Eric Chẻmpai’z."
            },
            {
                "id": "100001015776071",
                "count": 0,
                "name": "Người dùng facebook"
            }
        ],
        "week": [
            {
                "id": "61556666968083",
                "count": 0
            },
            {
                "id": "100004752336149",
                "count": 0
            },
            {
                "id": "100085073240621",
                "count": 0
            },
            {
                "id": "61555877896247",
                "count": 0
            },
            {
                "id": "100078091053479",
                "count": 0
            },
            {
                "id": "100075098599381",
                "count": 0
            },
            {
                "id": "100001113278043",
                "count": 0
            },
            {
                "id": "100001015776071",
                "count": 0
            },
            {
                "id": "61556894156849",
                "count": 0
            }
        ]
    }
}