{
    "total": [
        {
            "id": "100073986571304",
            "count": 0
        },
        {
            "id": "100089732081013",
            "count": 0
        },
        {
            "id": "100074256615632",
            "count": 1
        },
        {
            "id": "100089303270936",
            "count": 0
        },
        {
            "id": "100076536284826",
            "count": 0
        },
        {
            "id": "100091758047267",
            "count": 1
        },
        {
            "id": "100084849857079",
            "count": 0
        },
        {
            "id": "100001659740427",
            "count": 0
        },
        {
            "id": "100085073240621",
            "count": 2
        },
        {
            "id": "61556666968083",
            "count": 5
        }
    ],
    "week": [
        {
            "id": "100073986571304",
            "count": 0,
            "name": "Người dùng facebook"
        },
        {
            "id": "100089732081013",
            "count": 0,
            "name": "Người dùng facebook"
        },
        {
            "id": "100074256615632",
            "count": 0,
            "name": "Người dùng facebook"
        },
        {
            "id": "100089303270936",
            "count": 0,
            "name": "Người dùng facebook"
        },
        {
            "id": "100076536284826",
            "count": 0,
            "name": "Người dùng facebook"
        },
        {
            "id": "100091758047267",
            "count": 0,
            "name": "Người dùng facebook"
        },
        {
            "id": "100084849857079",
            "count": 0,
            "name": "Người dùng facebook"
        },
        {
            "id": "100001659740427",
            "count": 0,
            "name": "Người dùng facebook"
        },
        {
            "id": "100085073240621",
            "count": 0,
            "name": "Dang Gia Khanh"
        },
        {
            "id": "61556666968083",
            "count": 0,
            "name": "Gkhanhdz vcl"
        }
    ],
    "day": [
        {
            "id": "100073986571304",
            "count": 0,
            "name": "Người dùng facebook"
        },
        {
            "id": "100089732081013",
            "count": 0,
            "name": "Người dùng facebook"
        },
        {
            "id": "100074256615632",
            "count": 0,
            "name": "Người dùng facebook"
        },
        {
            "id": "100089303270936",
            "count": 0,
            "name": "Người dùng facebook"
        },
        {
            "id": "100076536284826",
            "count": 0,
            "name": "Người dùng facebook"
        },
        {
            "id": "100091758047267",
            "count": 0,
            "name": "Người dùng facebook"
        },
        {
            "id": "100084849857079",
            "count": 0,
            "name": "Người dùng facebook"
        },
        {
            "id": "100001659740427",
            "count": 0,
            "name": "Người dùng facebook"
        },
        {
            "id": "100085073240621",
            "count": 0,
            "name": "Dang Gia Khanh"
        },
        {
            "id": "61556666968083",
            "count": 0,
            "name": "Gkhanhdz vcl"
        }
    ],
    "time": 0,
    "last": {
        "time": 2,
        "day": [
            {
                "id": "100073986571304",
                "count": 0,
                "name": "Người dùng facebook"
            },
            {
                "id": "100089732081013",
                "count": 0,
                "name": "Người dùng facebook"
            },
            {
                "id": "100074256615632",
                "count": 0,
                "name": "Người dùng facebook"
            },
            {
                "id": "100089303270936",
                "count": 0,
                "name": "Người dùng facebook"
            },
            {
                "id": "100076536284826",
                "count": 0,
                "name": "Người dùng facebook"
            },
            {
                "id": "100091758047267",
                "count": 0,
                "name": "Người dùng facebook"
            },
            {
                "id": "100084849857079",
                "count": 0,
                "name": "Người dùng facebook"
            },
            {
                "id": "100001659740427",
                "count": 0,
                "name": "Người dùng facebook"
            },
            {
                "id": "100085073240621",
                "count": 0,
                "name": "Dang Gia Khanh"
            },
            {
                "id": "61556666968083",
                "count": 0,
                "name": "Gkhanhdz vcl"
            }
        ],
        "week": [
            {
                "id": "100073986571304",
                "count": 0,
                "name": "Người dùng facebook"
            },
            {
                "id": "100089732081013",
                "count": 0,
                "name": "Người dùng facebook"
            },
            {
                "id": "100074256615632",
                "count": 1,
                "name": "Người dùng facebook"
            },
            {
                "id": "100089303270936",
                "count": 0,
                "name": "Người dùng facebook"
            },
            {
                "id": "100076536284826",
                "count": 0,
                "name": "Người dùng facebook"
            },
            {
                "id": "100091758047267",
                "count": 1,
                "name": "Người dùng facebook"
            },
            {
                "id": "100084849857079",
                "count": 0,
                "name": "Người dùng facebook"
            },
            {
                "id": "100001659740427",
                "count": 0,
                "name": "Người dùng facebook"
            },
            {
                "id": "100085073240621",
                "count": 2,
                "name": "Dang Gia Khanh"
            },
            {
                "id": "61556666968083",
                "count": 5,
                "name": "Gkhanhdz vcl"
            }
        ]
    }
}