{
    "total": [
        {
            "id": "100085073240621",
            "count": 253
        },
        {
            "id": "61561164317091",
            "count": 0
        },
        {
            "id": "100090073282948",
            "count": 254
        },
        {
            "id": "61550962658401",
            "count": 225
        },
        {
            "id": "100091247268927",
            "count": 30
        },
        {
            "id": "100002240840457",
            "count": 112
        },
        {
            "id": "61561313066935",
            "count": 12
        },
        {
            "id": "61556894156849",
            "count": 144
        },
        {
            "id": "61561480602025",
            "count": 31
        },
        {
            "id": "61562610661332",
            "count": 25
        },
        {
            "id": "100091819506354",
            "count": 2
        },
        {
            "id": "100009801367183",
            "count": 1
        }
    ],
    "week": [
        {
            "id": "100085073240621",
            "count": 0,
            "name": "Dang Gia Khanh"
        },
        {
            "id": "61561164317091",
            "count": 0,
            "name": "Người dùng Facebook"
        },
        {
            "id": "100090073282948",
            "count": 0,
            "name": "Gia Long"
        },
        {
            "id": "61550962658401",
            "count": 0,
            "name": "Cẩm Tuấn"
        },
        {
            "id": "100091247268927",
            "count": 0,
            "name": "ィTuấn Nè キᚙ"
        },
        {
            "id": "100002240840457",
            "count": 0,
            "name": "Dang Gia Khanh"
        },
        {
            "id": "61561313066935",
            "count": 0,
            "name": "Xinh Trai Nhất Meta"
        },
        {
            "id": "61556894156849",
            "count": 0,
            "name": "Em dạo này ổn không Còn đi làm ở công ty cũ Còn đi sớm về hôm nhưng mà đồng lương vẫn không khi đủ Đồng nghiệp của em thế nào trong thang máy có chào với nhau "
        },
        {
            "id": "61561480602025",
            "count": 0,
            "name": "Miku Nakano"
        },
        {
            "id": "61562610661332",
            "count": 0,
            "name": "Trần Đức"
        },
        {
            "id": "100091819506354",
            "count": 0,
            "name": "グエン ザ トゥアン"
        },
        {
            "id": "100009801367183",
            "count": 0,
            "name": "Quyết Hoàng"
        }
    ],
    "day": [
        {
            "id": "100085073240621",
            "count": 0,
            "name": "Dang Gia Khanh"
        },
        {
            "id": "61561164317091",
            "count": 0,
            "name": "Người dùng facebook"
        },
        {
            "id": "100090073282948",
            "count": 0,
            "name": "Người dùng facebook"
        },
        {
            "id": "61550962658401",
            "count": 0,
            "name": "Người dùng facebook"
        },
        {
            "id": "100091247268927",
            "count": 0,
            "name": "Người dùng facebook"
        },
        {
            "id": "100002240840457",
            "count": 0,
            "name": "Người dùng Facebook"
        },
        {
            "id": "61561313066935",
            "count": 0,
            "name": "Người dùng facebook"
        },
        {
            "id": "61556894156849",
            "count": 0,
            "name": "Em dạo này ổn không Còn đi làm ở công ty cũ Còn đi sớm về hôm nhưng mà đồng lương vẫn không khi đủ Đồng nghiệp của em thế nào trong thang máy có chào với nhau "
        },
        {
            "id": "61561480602025",
            "count": 0,
            "name": "Người dùng facebook"
        },
        {
            "id": "61562610661332",
            "count": 0,
            "name": "Người dùng facebook"
        },
        {
            "id": "100091819506354",
            "count": 0,
            "name": "Người dùng facebook"
        },
        {
            "id": "100009801367183",
            "count": 0,
            "name": "Quyết Hoàng"
        }
    ],
    "time": 0,
    "last": {
        "time": 2,
        "day": [
            {
                "id": "100085073240621",
                "count": 0,
                "name": "Dang Gia Khanh"
            },
            {
                "id": "61561164317091",
                "count": 0,
                "name": "Người dùng facebook"
            },
            {
                "id": "100090073282948",
                "count": 0,
                "name": "Người dùng facebook"
            },
            {
                "id": "61550962658401",
                "count": 0,
                "name": "Người dùng facebook"
            },
            {
                "id": "100091247268927",
                "count": 0,
                "name": "Người dùng facebook"
            },
            {
                "id": "100002240840457",
                "count": 0,
                "name": "Người dùng Facebook"
            },
            {
                "id": "61561313066935",
                "count": 0,
                "name": "Người dùng facebook"
            },
            {
                "id": "61556894156849",
                "count": 0,
                "name": "Em dạo này ổn không Còn đi làm ở công ty cũ Còn đi sớm về hôm nhưng mà đồng lương vẫn không khi đủ Đồng nghiệp của em thế nào trong thang máy có chào với nhau "
            },
            {
                "id": "61561480602025",
                "count": 0,
                "name": "Người dùng facebook"
            },
            {
                "id": "61562610661332",
                "count": 0,
                "name": "Người dùng facebook"
            },
            {
                "id": "100091819506354",
                "count": 0,
                "name": "Người dùng facebook"
            },
            {
                "id": "100009801367183",
                "count": 0,
                "name": "Quyết Hoàng"
            }
        ],
        "week": [
            {
                "id": "100085073240621",
                "count": 253,
                "name": "Dang Gia Khanh"
            },
            {
                "id": "61561164317091",
                "count": 0,
                "name": "Người dùng Facebook"
            },
            {
                "id": "100090073282948",
                "count": 254,
                "name": "Gia Long"
            },
            {
                "id": "61550962658401",
                "count": 225,
                "name": "Cẩm Tuấn"
            },
            {
                "id": "100091247268927",
                "count": 30,
                "name": "ィTuấn Nè キᚙ"
            },
            {
                "id": "100002240840457",
                "count": 112,
                "name": "Dang Gia Khanh"
            },
            {
                "id": "61561313066935",
                "count": 12,
                "name": "Xinh Trai Nhất Meta"
            },
            {
                "id": "61556894156849",
                "count": 144,
                "name": "Em dạo này ổn không Còn đi làm ở công ty cũ Còn đi sớm về hôm nhưng mà đồng lương vẫn không khi đủ Đồng nghiệp của em thế nào trong thang máy có chào với nhau "
            },
            {
                "id": "61561480602025",
                "count": 31,
                "name": "Miku Nakano"
            },
            {
                "id": "61562610661332",
                "count": 25,
                "name": "Trần Đức"
            },
            {
                "id": "100091819506354",
                "count": 2,
                "name": "グエン ザ トゥアン"
            },
            {
                "id": "100009801367183",
                "count": 1,
                "name": "Quyết Hoàng"
            }
        ]
    }
}