{
    "total": [
        {
            "id": "1053703548",
            "count": 19
        },
        {
            "id": "100008166858665",
            "count": 0
        },
        {
            "id": "100070411463701",
            "count": 2
        },
        {
            "id": "100089033040313",
            "count": 8
        },
        {
            "id": "100003600814334",
            "count": 0
        },
        {
            "id": "100012312998814",
            "count": 175
        },
        {
            "id": "100089494792922",
            "count": 0
        },
        {
            "id": "100003101801545",
            "count": 10
        },
        {
            "id": "100095178892584",
            "count": 0
        },
        {
            "id": "100005739870915",
            "count": 0
        },
        {
            "id": "100040198336063",
            "count": 0
        },
        {
            "id": "61554388240057",
            "count": 2
        },
        {
            "id": "100091921995806",
            "count": 15
        },
        {
            "id": "100093157642956",
            "count": 0
        },
        {
            "id": "100084384192451",
            "count": 0
        },
        {
            "id": "61555195859431",
            "count": 0
        },
        {
            "id": "100094747553869",
            "count": 1
        },
        {
            "id": "100086716297253",
            "count": 225
        },
        {
            "id": "61559102733401",
            "count": 15
        },
        {
            "id": "100094353911598",
            "count": 0
        },
        {
            "id": "61560471662093",
            "count": 0
        },
        {
            "id": "61562008079776",
            "count": 0
        },
        {
            "id": "61563403736796",
            "count": 0
        },
        {
            "id": "61560178637385",
            "count": 55
        },
        {
            "id": "100013467543129",
            "count": 0
        },
        {
            "id": "574073658",
            "count": 93
        },
        {
            "id": "61559816103821",
            "count": 90
        },
        {
            "id": "61561736848864",
            "count": 0
        },
        {
            "id": "100001669706520",
            "count": 0
        },
        {
            "id": "61561063291880",
            "count": 1
        },
        {
            "id": "100085065916104",
            "count": 408
        },
        {
            "id": "100005647569450",
            "count": 0
        },
        {
            "id": "61562295315439",
            "count": 29
        },
        {
            "id": "61560740554202",
            "count": 23
        },
        {
            "id": "100088981467199",
            "count": 59
        },
        {
            "id": "100078511280282",
            "count": 0
        },
        {
            "id": "61559935331166",
            "count": 0
        },
        {
            "id": "61556666968083",
            "count": 229
        },
        {
            "id": "100004752336149",
            "count": 9
        },
        {
            "id": "100022948871841",
            "count": 31
        },
        {
            "id": "61559424537809",
            "count": 0
        },
        {
            "id": "100003133525251",
            "count": 95
        },
        {
            "id": "61550061143909",
            "count": 13
        },
        {
            "id": "61562880831168",
            "count": 69
        },
        {
            "id": "1678083193",
            "count": 215
        },
        {
            "id": "100088431079755",
            "count": 0
        },
        {
            "id": "100083818527164",
            "count": 0
        },
        {
            "id": "100080818083144",
            "count": 0
        },
        {
            "id": "100012219093873",
            "count": 94
        },
        {
            "id": "61551073806131",
            "count": 0
        },
        {
            "id": "100085073240621",
            "count": 10
        }
    ],
    "week": [
        {
            "id": "1053703548",
            "count": 19
        },
        {
            "id": "100008166858665",
            "count": 0
        },
        {
            "id": "100070411463701",
            "count": 2
        },
        {
            "id": "100089033040313",
            "count": 8
        },
        {
            "id": "100003600814334",
            "count": 0
        },
        {
            "id": "100012312998814",
            "count": 175
        },
        {
            "id": "100089494792922",
            "count": 0
        },
        {
            "id": "100003101801545",
            "count": 10
        },
        {
            "id": "100095178892584",
            "count": 0
        },
        {
            "id": "100005739870915",
            "count": 0
        },
        {
            "id": "100040198336063",
            "count": 0
        },
        {
            "id": "61554388240057",
            "count": 2
        },
        {
            "id": "100091921995806",
            "count": 15
        },
        {
            "id": "100093157642956",
            "count": 0
        },
        {
            "id": "100084384192451",
            "count": 0
        },
        {
            "id": "61555195859431",
            "count": 0
        },
        {
            "id": "100094747553869",
            "count": 1
        },
        {
            "id": "100086716297253",
            "count": 225
        },
        {
            "id": "61559102733401",
            "count": 15
        },
        {
            "id": "100094353911598",
            "count": 0
        },
        {
            "id": "61560471662093",
            "count": 0
        },
        {
            "id": "61562008079776",
            "count": 0
        },
        {
            "id": "61563403736796",
            "count": 0
        },
        {
            "id": "61560178637385",
            "count": 55
        },
        {
            "id": "100013467543129",
            "count": 0
        },
        {
            "id": "574073658",
            "count": 93
        },
        {
            "id": "61559816103821",
            "count": 90
        },
        {
            "id": "61561736848864",
            "count": 0
        },
        {
            "id": "100001669706520",
            "count": 0
        },
        {
            "id": "61561063291880",
            "count": 1
        },
        {
            "id": "100085065916104",
            "count": 408
        },
        {
            "id": "100005647569450",
            "count": 0
        },
        {
            "id": "61562295315439",
            "count": 29
        },
        {
            "id": "61560740554202",
            "count": 23
        },
        {
            "id": "100088981467199",
            "count": 59
        },
        {
            "id": "100078511280282",
            "count": 0
        },
        {
            "id": "61559935331166",
            "count": 0
        },
        {
            "id": "61556666968083",
            "count": 229
        },
        {
            "id": "100004752336149",
            "count": 9
        },
        {
            "id": "100022948871841",
            "count": 31
        },
        {
            "id": "61559424537809",
            "count": 0
        },
        {
            "id": "100003133525251",
            "count": 95
        },
        {
            "id": "61550061143909",
            "count": 13
        },
        {
            "id": "61562880831168",
            "count": 69
        },
        {
            "id": "1678083193",
            "count": 215
        },
        {
            "id": "100088431079755",
            "count": 0
        },
        {
            "id": "100083818527164",
            "count": 0
        },
        {
            "id": "100080818083144",
            "count": 0
        },
        {
            "id": "100012219093873",
            "count": 94
        },
        {
            "id": "61551073806131",
            "count": 0
        },
        {
            "id": "100085073240621",
            "count": 10
        }
    ],
    "day": [
        {
            "id": "1053703548",
            "count": 0,
            "name": "Hoàng Luân"
        },
        {
            "id": "100008166858665",
            "count": 0,
            "name": "Nợ　Lại　Cho　Nhau　Chiều　 Hẹn　Rong　Chơi　Ngọt　Ngào　 Nơi　Tim　Còn　Nhiều　Không　Em"
        },
        {
            "id": "100070411463701",
            "count": 0,
            "name": "Ngo Duc Cong"
        },
        {
            "id": "100089033040313",
            "count": 0,
            "name": "Nguyễn Đức Toàn"
        },
        {
            "id": "100003600814334",
            "count": 0,
            "name": "Chiến Thần Sàn War"
        },
        {
            "id": "100012312998814",
            "count": 0,
            "name": "Nguyễn Khắc Vĩnh Kỳ"
        },
        {
            "id": "100089494792922",
            "count": 0,
            "name": "Anh　Là　 Zeno　Đấng Toàn　Năng"
        },
        {
            "id": "100003101801545",
            "count": 2,
            "name": "Trần Jan Jan"
        },
        {
            "id": "100095178892584",
            "count": 0,
            "name": "𓆩𑁍𓆪𓂁 𓆩𑁍𓆪𓂁 Anh Là ꕤ̤̤̤̈̈̈⃣̳̳̳̳̳̳̳̳̳̳̿̿̿̿̿̿̿̿̿̿⃢⃣̳̳̳̳̳̳̳̳̳̳̿̿̿̿̿̿̿̿̿̿卐𓏪𓉚ʚ𝑻𝒓𝒂̂̀𝒏 Đ𝒖̛́𝒄 𝑨𝒏𝒉 𝑸𝒖𝒂̂𝒏ɞ𓉛𓏪卐 ⸙ 爾 ⃟ 𖤛 𒅒𝑺𝒂𝒅𝒃𝒐𝒊𝒛 𝑩𝒂̂́𝒕 𝑻𝒖̛̉ꤶ𖤍𑁍 𖣔 ᯽ 𖤐 𖤍 𖡦 𖡨 ꤶ 𖣘𓃼 Anh Đây Không Phải Tricker Hay Con Cặc Gì Cả 𓃰Anh Đặt Cái Tên Dài Là Bởi Vì Anh Không Thích Cái Tên Ngắn𓆦M"
        },
        {
            "id": "100005739870915",
            "count": 0,
            "name": "Tran Duc Anh Quan"
        },
        {
            "id": "100040198336063",
            "count": 0,
            "name": "Ng Ngoc Anh Thu"
        },
        {
            "id": "61554388240057",
            "count": 0,
            "name": "Trần Bảo Sơn"
        },
        {
            "id": "100091921995806",
            "count": 0,
            "name": "Nguyen Phuong Anh"
        },
        {
            "id": "100093157642956",
            "count": 0,
            "name": "Ng Phuong Anh"
        },
        {
            "id": "100084384192451",
            "count": 0,
            "name": "Tũn Cte Nhat Meta"
        },
        {
            "id": "61555195859431",
            "count": 0,
            "name": "Ank　Là　Lee　Hoangg　Khang　Yeu　 Em　Mọi　Vũ　Trụ　Và　Ank　 Là　Kẻ　Cai　Trị　Lũ　Đú"
        },
        {
            "id": "100094747553869",
            "count": 0,
            "name": "𓇻𑁍 Anh Yêu Em Đơn Giản Vì Anh Ngu Như Chó Thêm Một Lần Nữa Để Anh Bớt Ngu Ra Thiên Thần Trong Bar Chơi Đá Còn Anh Thì Nằm Khóc Trên Chiếc Ghế SoFa Lớp Năm Anh Biết Mùi Thuốc Lá Mười Tuổi Anh Biết Đến Rượu Bia Mối Tình Đầu Vào Năm Lớp Bốn Đều Tan Nát Cộng Thêm Máy Vụ Kia Khả Năng Anh Chính Là SadBoiz𓇻𑁍"
        },
        {
            "id": "100086716297253",
            "count": 0,
            "name": "Tran Duc Anh Quan"
        },
        {
            "id": "61559102733401",
            "count": 0,
            "name": "Minh　Nhựt　HotBoiz　Sàn　Treo YêuEm　Ở　Mọi　Vũ　Trụ"
        },
        {
            "id": "100094353911598",
            "count": 0,
            "name": "𓂄𓆩𑁍𓆪𓂁 Em Đâu Nào Biết 𓉡 Anh Vẫn Luôn Ở Đây 𓆤 Nhìn Từ Xa Theo Bóng Em Nhạt Nhòa 𓆣 Để Tháng Năm Dài Trôi Qua 𓅂 Nếu Ngày Ấy Anh Ngỏ Lời Thương Và Yêu Đậm Sâu Với Em 𓆉 Em Có Tin Anh Và Nắm Tay Anh 𓃰 Mình Cùng Đi Qua Từng Mùa Đông Rét Buốt 𓆏 Nếu Ngày Ấy Anh Là Chàng Trai Mà Em Ngày Đêm Ước Ao 𓆡 Dẫu Nắng Hay Mưa Dù Có Ra Sao 𓉣 Thì Giờ Đây Anh Đã Có Câu Chuyện Thật Đẹp 𓇻"
        },
        {
            "id": "61560471662093",
            "count": 0,
            "name": "HW Hắc Gi Pi"
        },
        {
            "id": "61562008079776",
            "count": 0,
            "name": "Cay Hả Em"
        },
        {
            "id": "61563403736796",
            "count": 0,
            "name": "Aebst x Aemt Song Kiếm Hợp Bích Đánh Bại HotTreo Hoa Rơi Cửa Phật Vạn Vật Cúi Đầu Đại Láo Thiên Cung Mang Tên Trần Minh Triết x Nguyễn Ngọc Khang Anh Đây Không Phải Hw Nhưng Được Cái Một Tay Che Trời"
        },
        {
            "id": "61560178637385",
            "count": 0,
            "name": "Nhật　Trường　Yêu　Em Ở　Mọi　Vũ　Trụ"
        },
        {
            "id": "100013467543129",
            "count": 0,
            "name": "Người dùng Facebook"
        },
        {
            "id": "574073658",
            "count": 11,
            "name": "فينه عطلة"
        },
        {
            "id": "61559816103821",
            "count": 0,
            "name": "Mai Quynh Nhi"
        },
        {
            "id": "61561736848864",
            "count": 0,
            "name": "Hi Ju"
        },
        {
            "id": "100001669706520",
            "count": 0,
            "name": "Tr Ng Van Nhan"
        },
        {
            "id": "61561063291880",
            "count": 0,
            "name": "Chau Huyen Nhu"
        },
        {
            "id": "100085065916104",
            "count": 57,
            "name": "Trần Minh Triết"
        },
        {
            "id": "100005647569450",
            "count": 0,
            "name": "Hoàng Gia Huy"
        },
        {
            "id": "61562295315439",
            "count": 0,
            "name": "Hot Treo Văn Phan"
        },
        {
            "id": "61560740554202",
            "count": 4,
            "name": "Minh Triết"
        },
        {
            "id": "100088981467199",
            "count": 10,
            "name": "Quang Vinhh"
        },
        {
            "id": "100078511280282",
            "count": 0,
            "name": "Gia Huy JW"
        },
        {
            "id": "61559935331166",
            "count": 0,
            "name": "Nguyễn Khắc Trung Huy"
        },
        {
            "id": "61556666968083",
            "count": 9,
            "name": "Gkhanhdz vcl"
        },
        {
            "id": "100004752336149",
            "count": 9,
            "name": "Dang Gia Khanh"
        },
        {
            "id": "100022948871841",
            "count": 0,
            "name": "Tống Hoàng Gia Huy"
        },
        {
            "id": "61559424537809",
            "count": 0,
            "name": "Nguyen Minh Duc"
        },
        {
            "id": "100003133525251",
            "count": 0,
            "name": "Tran Dinh Tuan"
        },
        {
            "id": "61550061143909",
            "count": 0,
            "name": "Truong Hoang Quang Loc"
        },
        {
            "id": "61562880831168",
            "count": 0,
            "name": "Ank Là Văn Phan"
        },
        {
            "id": "1678083193",
            "count": 0,
            "name": "Nguyễn Văn Đức"
        },
        {
            "id": "100088431079755",
            "count": 0,
            "name": "Người dùng facebook"
        },
        {
            "id": "100083818527164",
            "count": 0,
            "name": "Người dùng facebook"
        },
        {
            "id": "100080818083144",
            "count": 0,
            "name": "Người dùng facebook"
        },
        {
            "id": "100012219093873",
            "count": 0,
            "name": "𝙽𝚐 𝚅𝚞 𝙻𝚞𝚞 𝚃𝚑𝚞𝚘𝚗𝚐𓆈"
        },
        {
            "id": "61551073806131",
            "count": 0
        },
        {
            "id": "100085073240621",
            "count": 10
        }
    ],
    "time": 0,
    "last": {
        "time": 5,
        "day": [
            {
                "id": "1053703548",
                "count": 0,
                "name": "Hoàng Luân"
            },
            {
                "id": "100008166858665",
                "count": 0,
                "name": "Nợ　Lại　Cho　Nhau　Chiều　 Hẹn　Rong　Chơi　Ngọt　Ngào　 Nơi　Tim　Còn　Nhiều　Không　Em"
            },
            {
                "id": "100070411463701",
                "count": 0,
                "name": "Ngo Duc Cong"
            },
            {
                "id": "100089033040313",
                "count": 2,
                "name": "Nguyễn Đức Toàn"
            },
            {
                "id": "100003600814334",
                "count": 0,
                "name": "Chiến Thần Sàn War"
            },
            {
                "id": "100012312998814",
                "count": 14,
                "name": "Nguyễn Khắc Vĩnh Kỳ"
            },
            {
                "id": "100089494792922",
                "count": 0,
                "name": "Anh　Là　 Zeno　Đấng Toàn　Năng"
            },
            {
                "id": "100003101801545",
                "count": 0,
                "name": "Trần Jan Jan"
            },
            {
                "id": "100095178892584",
                "count": 0,
                "name": "𓆩𑁍𓆪𓂁 𓆩𑁍𓆪𓂁 Anh Là ꕤ̤̤̤̈̈̈⃣̳̳̳̳̳̳̳̳̳̳̿̿̿̿̿̿̿̿̿̿⃢⃣̳̳̳̳̳̳̳̳̳̳̿̿̿̿̿̿̿̿̿̿卐𓏪𓉚ʚ𝑻𝒓𝒂̂̀𝒏 Đ𝒖̛́𝒄 𝑨𝒏𝒉 𝑸𝒖𝒂̂𝒏ɞ𓉛𓏪卐 ⸙ 爾 ⃟ 𖤛 𒅒𝑺𝒂𝒅𝒃𝒐𝒊𝒛 𝑩𝒂̂́𝒕 𝑻𝒖̛̉ꤶ𖤍𑁍 𖣔 ᯽ 𖤐 𖤍 𖡦 𖡨 ꤶ 𖣘𓃼 Anh Đây Không Phải Tricker Hay Con Cặc Gì Cả 𓃰Anh Đặt Cái Tên Dài Là Bởi Vì Anh Không Thích Cái Tên Ngắn𓆦M"
            },
            {
                "id": "100005739870915",
                "count": 0,
                "name": "Tran Duc Anh Quan"
            },
            {
                "id": "100040198336063",
                "count": 0,
                "name": "Ng Ngoc Anh Thu"
            },
            {
                "id": "61554388240057",
                "count": 0,
                "name": "Trần Bảo Sơn"
            },
            {
                "id": "100091921995806",
                "count": 15,
                "name": "Nguyen Phuong Anh"
            },
            {
                "id": "100093157642956",
                "count": 0,
                "name": "Ng Phuong Anh"
            },
            {
                "id": "100084384192451",
                "count": 0,
                "name": "Tũn Cte Nhat Meta"
            },
            {
                "id": "61555195859431",
                "count": 0,
                "name": "Ank　Là　Lee　Hoangg　Khang　Yeu　 Em　Mọi　Vũ　Trụ　Và　Ank　 Là　Kẻ　Cai　Trị　Lũ　Đú"
            },
            {
                "id": "100094747553869",
                "count": 1,
                "name": "𓇻𑁍 Anh Yêu Em Đơn Giản Vì Anh Ngu Như Chó Thêm Một Lần Nữa Để Anh Bớt Ngu Ra Thiên Thần Trong Bar Chơi Đá Còn Anh Thì Nằm Khóc Trên Chiếc Ghế SoFa Lớp Năm Anh Biết Mùi Thuốc Lá Mười Tuổi Anh Biết Đến Rượu Bia Mối Tình Đầu Vào Năm Lớp Bốn Đều Tan Nát Cộng Thêm Máy Vụ Kia Khả Năng Anh Chính Là SadBoiz𓇻𑁍"
            },
            {
                "id": "100086716297253",
                "count": 80,
                "name": "Tran Duc Anh Quan"
            },
            {
                "id": "61559102733401",
                "count": 15,
                "name": "Minh　Nhựt　HotBoiz　Sàn　Treo YêuEm　Ở　Mọi　Vũ　Trụ"
            },
            {
                "id": "100094353911598",
                "count": 0,
                "name": "𓂄𓆩𑁍𓆪𓂁 Em Đâu Nào Biết 𓉡 Anh Vẫn Luôn Ở Đây 𓆤 Nhìn Từ Xa Theo Bóng Em Nhạt Nhòa 𓆣 Để Tháng Năm Dài Trôi Qua 𓅂 Nếu Ngày Ấy Anh Ngỏ Lời Thương Và Yêu Đậm Sâu Với Em 𓆉 Em Có Tin Anh Và Nắm Tay Anh 𓃰 Mình Cùng Đi Qua Từng Mùa Đông Rét Buốt 𓆏 Nếu Ngày Ấy Anh Là Chàng Trai Mà Em Ngày Đêm Ước Ao 𓆡 Dẫu Nắng Hay Mưa Dù Có Ra Sao 𓉣 Thì Giờ Đây Anh Đã Có Câu Chuyện Thật Đẹp 𓇻"
            },
            {
                "id": "61560471662093",
                "count": 0,
                "name": "HW Hắc Gi Pi"
            },
            {
                "id": "61562008079776",
                "count": 0,
                "name": "Cay Hả Em"
            },
            {
                "id": "61563403736796",
                "count": 0,
                "name": "Aebst x Aemt Song Kiếm Hợp Bích Đánh Bại HotTreo Hoa Rơi Cửa Phật Vạn Vật Cúi Đầu Đại Láo Thiên Cung Mang Tên Trần Minh Triết x Nguyễn Ngọc Khang Anh Đây Không Phải Hw Nhưng Được Cái Một Tay Che Trời"
            },
            {
                "id": "61560178637385",
                "count": 33,
                "name": "Nhật　Trường　Yêu　Em Ở　Mọi　Vũ　Trụ"
            },
            {
                "id": "100013467543129",
                "count": 0,
                "name": "Người dùng Facebook"
            },
            {
                "id": "574073658",
                "count": 25,
                "name": "فينه عطلة"
            },
            {
                "id": "61559816103821",
                "count": 86,
                "name": "Mai Quynh Nhi"
            },
            {
                "id": "61561736848864",
                "count": 0,
                "name": "Hi Ju"
            },
            {
                "id": "100001669706520",
                "count": 0,
                "name": "Tr Ng Van Nhan"
            },
            {
                "id": "61561063291880",
                "count": 0,
                "name": "Chau Huyen Nhu"
            },
            {
                "id": "100085065916104",
                "count": 199,
                "name": "Trần Minh Triết"
            },
            {
                "id": "100005647569450",
                "count": 0,
                "name": "Hoàng Gia Huy"
            },
            {
                "id": "61562295315439",
                "count": 29,
                "name": "Hot Treo Văn Phan"
            },
            {
                "id": "61560740554202",
                "count": 1,
                "name": "Minh Triết"
            },
            {
                "id": "100088981467199",
                "count": 47,
                "name": "Quang Vinhh"
            },
            {
                "id": "100078511280282",
                "count": 0,
                "name": "Gia Huy JW"
            },
            {
                "id": "61559935331166",
                "count": 0,
                "name": "Nguyễn Khắc Trung Huy"
            },
            {
                "id": "61556666968083",
                "count": 47,
                "name": "Gkhanhdz vcl"
            },
            {
                "id": "100004752336149",
                "count": 0,
                "name": "Dang Gia Khanh"
            },
            {
                "id": "100022948871841",
                "count": 21,
                "name": "Tống Hoàng Gia Huy"
            },
            {
                "id": "61559424537809",
                "count": 0,
                "name": "Nguyen Minh Duc"
            },
            {
                "id": "100003133525251",
                "count": 42,
                "name": "Tran Dinh Tuan"
            },
            {
                "id": "61550061143909",
                "count": 1,
                "name": "Truong Hoang Quang Loc"
            },
            {
                "id": "61562880831168",
                "count": 9,
                "name": "Ank Là Văn Phan"
            },
            {
                "id": "1678083193",
                "count": 40,
                "name": "Nguyễn Văn Đức"
            },
            {
                "id": "100088431079755",
                "count": 0,
                "name": "Người dùng facebook"
            },
            {
                "id": "100083818527164",
                "count": 0,
                "name": "Người dùng facebook"
            },
            {
                "id": "100080818083144",
                "count": 0,
                "name": "Người dùng facebook"
            },
            {
                "id": "100012219093873",
                "count": 94,
                "name": "𝙽𝚐 𝚅𝚞 𝙻𝚞𝚞 𝚃𝚑𝚞𝚘𝚗𝚐𓆈"
            },
            {
                "id": "61551073806131",
                "count": 0
            },
            {
                "id": "100085073240621",
                "count": 0
            }
        ],
        "week": [
            {
                "id": "100049746434290",
                "count": 0
            },
            {
                "id": "1053703548",
                "count": 0
            },
            {
                "id": "100008166858665",
                "count": 0
            },
            {
                "id": "100070411463701",
                "count": 0
            },
            {
                "id": "100089033040313",
                "count": 0
            },
            {
                "id": "100003600814334",
                "count": 0
            },
            {
                "id": "100012312998814",
                "count": 0
            },
            {
                "id": "100089494792922",
                "count": 0
            },
            {
                "id": "100003101801545",
                "count": 0
            },
            {
                "id": "100095178892584",
                "count": 0
            },
            {
                "id": "100005739870915",
                "count": 0
            },
            {
                "id": "100040198336063",
                "count": 0
            },
            {
                "id": "100091742275111",
                "count": 0
            },
            {
                "id": "61554388240057",
                "count": 0
            },
            {
                "id": "100048155569483",
                "count": 0
            },
            {
                "id": "100091921995806",
                "count": 0
            },
            {
                "id": "100093157642956",
                "count": 0
            },
            {
                "id": "100084384192451",
                "count": 0
            },
            {
                "id": "61555195859431",
                "count": 0
            },
            {
                "id": "100078159843511",
                "count": 0
            },
            {
                "id": "100094747553869",
                "count": 0
            },
            {
                "id": "100086716297253",
                "count": 0
            },
            {
                "id": "61559102733401",
                "count": 0
            },
            {
                "id": "100088177455067",
                "count": 0
            },
            {
                "id": "100094353911598",
                "count": 0
            },
            {
                "id": "61560471662093",
                "count": 0
            },
            {
                "id": "61562008079776",
                "count": 0
            },
            {
                "id": "61563403736796",
                "count": 0
            },
            {
                "id": "61560178637385",
                "count": 0
            },
            {
                "id": "100013467543129",
                "count": 0
            },
            {
                "id": "574073658",
                "count": 0
            },
            {
                "id": "61559816103821",
                "count": 0
            },
            {
                "id": "61561736848864",
                "count": 0
            },
            {
                "id": "100001669706520",
                "count": 0
            },
            {
                "id": "61561063291880",
                "count": 0
            },
            {
                "id": "100085065916104",
                "count": 0
            },
            {
                "id": "100005647569450",
                "count": 0
            },
            {
                "id": "61562295315439",
                "count": 0
            },
            {
                "id": "61560740554202",
                "count": 0
            },
            {
                "id": "100088981467199",
                "count": 0
            },
            {
                "id": "100078511280282",
                "count": 0
            },
            {
                "id": "61559935331166",
                "count": 0
            },
            {
                "id": "61556666968083",
                "count": 0
            },
            {
                "id": "100004752336149",
                "count": 0
            },
            {
                "id": "100022948871841",
                "count": 0
            },
            {
                "id": "100003133525251",
                "count": 0
            },
            {
                "id": "61559424537809",
                "count": 0
            },
            {
                "id": "61550061143909",
                "count": 0
            },
            {
                "id": "61562880831168",
                "count": 0
            },
            {
                "id": "100085073240621",
                "count": 0
            },
            {
                "id": "1678083193",
                "count": 0
            },
            {
                "id": "100088431079755",
                "count": 0
            },
            {
                "id": "100083818527164",
                "count": 0
            },
            {
                "id": "100080818083144",
                "count": 0
            },
            {
                "id": "100012219093873",
                "count": 0
            },
            {
                "id": "61551073806131",
                "count": 0
            }
        ]
    }
}