{
    "total": [
        {
            "id": "61560508402077",
            "count": 0
        },
        {
            "id": "61551799203400",
            "count": 2
        },
        {
            "id": "61552673794952",
            "count": 0
        },
        {
            "id": "100046642711399",
            "count": 0
        },
        {
            "id": "61556894156849",
            "count": 16
        },
        {
            "id": "61559393968426",
            "count": 0
        },
        {
            "id": "100073187282846",
            "count": 0
        },
        {
            "id": "100029749691172",
            "count": 0
        },
        {
            "id": "100092612001566",
            "count": 0
        },
        {
            "id": "100072708458078",
            "count": 7
        },
        {
            "id": "61558767149708",
            "count": 1
        },
        {
            "id": "100000499554983",
            "count": 0
        },
        {
            "id": "61559749266159",
            "count": 5
        },
        {
            "id": "61557832086124",
            "count": 0
        },
        {
            "id": "61557544997413",
            "count": 0
        },
        {
            "id": "61553333164212",
            "count": 12
        }
    ],
    "week": [
        {
            "id": "61560508402077",
            "count": 0,
            "name": "Bé Đăng"
        },
        {
            "id": "61551799203400",
            "count": 0,
            "name": "Trần Hữu Phúc"
        },
        {
            "id": "61552673794952",
            "count": 0,
            "name": "Ken Đây"
        },
        {
            "id": "100046642711399",
            "count": 0,
            "name": "Bùi Anh Tú"
        },
        {
            "id": "61556894156849",
            "count": 0,
            "name": "Em dạo này ổn không Còn đi làm ở công ty cũ Còn đi sớm về hôm nhưng mà đồng lương vẫn không khi đủ Đồng nghiệp của em thế nào trong thang máy có chào với nhau "
        },
        {
            "id": "61559393968426",
            "count": 0,
            "name": "Đình Khang"
        },
        {
            "id": "100073187282846",
            "count": 0,
            "name": "Huy Tên"
        },
        {
            "id": "100029749691172",
            "count": 0,
            "name": "Trường Nhân"
        },
        {
            "id": "100092612001566",
            "count": 0,
            "name": "Công Nguyên Lương"
        },
        {
            "id": "100072708458078",
            "count": 0,
            "name": "Đại Hào"
        },
        {
            "id": "61558767149708",
            "count": 0,
            "name": "Lê Nguyên Hải"
        },
        {
            "id": "100000499554983",
            "count": 0,
            "name": "Bui Anh Tu"
        },
        {
            "id": "61559749266159",
            "count": 0,
            "name": "Minh Bùi"
        },
        {
            "id": "61557832086124",
            "count": 0,
            "name": "Bùi Bằng"
        },
        {
            "id": "61557544997413",
            "count": 0,
            "name": "Người dùng Facebook"
        },
        {
            "id": "61553333164212",
            "count": 0,
            "name": "Gia Bảo"
        }
    ],
    "day": [
        {
            "id": "61560508402077",
            "count": 0,
            "name": "Người dùng facebook"
        },
        {
            "id": "61551799203400",
            "count": 0,
            "name": "Người dùng facebook"
        },
        {
            "id": "61552673794952",
            "count": 0,
            "name": "Người dùng facebook"
        },
        {
            "id": "100046642711399",
            "count": 0,
            "name": "Người dùng facebook"
        },
        {
            "id": "61556894156849",
            "count": 0,
            "name": "Em dạo này ổn không Còn đi làm ở công ty cũ Còn đi sớm về hôm nhưng mà đồng lương vẫn không khi đủ Đồng nghiệp của em thế nào trong thang máy có chào với nhau "
        },
        {
            "id": "61559393968426",
            "count": 0,
            "name": "Người dùng facebook"
        },
        {
            "id": "100073187282846",
            "count": 0,
            "name": "Người dùng facebook"
        },
        {
            "id": "100029749691172",
            "count": 0,
            "name": "Người dùng facebook"
        },
        {
            "id": "100092612001566",
            "count": 0,
            "name": "Người dùng facebook"
        },
        {
            "id": "100072708458078",
            "count": 0,
            "name": "Người dùng facebook"
        },
        {
            "id": "61558767149708",
            "count": 0,
            "name": "Người dùng facebook"
        },
        {
            "id": "100000499554983",
            "count": 0,
            "name": "Người dùng facebook"
        },
        {
            "id": "61559749266159",
            "count": 0,
            "name": "Người dùng facebook"
        },
        {
            "id": "61557832086124",
            "count": 0,
            "name": "Người dùng facebook"
        },
        {
            "id": "61557544997413",
            "count": 0,
            "name": "Người dùng facebook"
        },
        {
            "id": "61553333164212",
            "count": 0,
            "name": "Người dùng facebook"
        }
    ],
    "time": 0,
    "last": {
        "time": 5,
        "day": [
            {
                "id": "61560508402077",
                "count": 0,
                "name": "Người dùng facebook"
            },
            {
                "id": "61551799203400",
                "count": 0,
                "name": "Người dùng facebook"
            },
            {
                "id": "61552673794952",
                "count": 0,
                "name": "Người dùng facebook"
            },
            {
                "id": "100046642711399",
                "count": 0,
                "name": "Người dùng facebook"
            },
            {
                "id": "61556894156849",
                "count": 0,
                "name": "Em dạo này ổn không Còn đi làm ở công ty cũ Còn đi sớm về hôm nhưng mà đồng lương vẫn không khi đủ Đồng nghiệp của em thế nào trong thang máy có chào với nhau "
            },
            {
                "id": "61559393968426",
                "count": 0,
                "name": "Người dùng facebook"
            },
            {
                "id": "100073187282846",
                "count": 0,
                "name": "Người dùng facebook"
            },
            {
                "id": "100029749691172",
                "count": 0,
                "name": "Người dùng facebook"
            },
            {
                "id": "100092612001566",
                "count": 0,
                "name": "Người dùng facebook"
            },
            {
                "id": "100072708458078",
                "count": 0,
                "name": "Người dùng facebook"
            },
            {
                "id": "61558767149708",
                "count": 0,
                "name": "Người dùng facebook"
            },
            {
                "id": "100000499554983",
                "count": 0,
                "name": "Người dùng facebook"
            },
            {
                "id": "61559749266159",
                "count": 0,
                "name": "Người dùng facebook"
            },
            {
                "id": "61557832086124",
                "count": 0,
                "name": "Người dùng facebook"
            },
            {
                "id": "61557544997413",
                "count": 0,
                "name": "Người dùng facebook"
            },
            {
                "id": "61553333164212",
                "count": 0,
                "name": "Người dùng facebook"
            }
        ],
        "week": [
            {
                "id": "61560508402077",
                "count": 0,
                "name": "Bé Đăng"
            },
            {
                "id": "61551799203400",
                "count": 2,
                "name": "Trần Hữu Phúc"
            },
            {
                "id": "61552673794952",
                "count": 0,
                "name": "Ken Đây"
            },
            {
                "id": "100046642711399",
                "count": 0,
                "name": "Bùi Anh Tú"
            },
            {
                "id": "61556894156849",
                "count": 16,
                "name": "Em dạo này ổn không Còn đi làm ở công ty cũ Còn đi sớm về hôm nhưng mà đồng lương vẫn không khi đủ Đồng nghiệp của em thế nào trong thang máy có chào với nhau "
            },
            {
                "id": "61559393968426",
                "count": 0,
                "name": "Đình Khang"
            },
            {
                "id": "100073187282846",
                "count": 0,
                "name": "Huy Tên"
            },
            {
                "id": "100029749691172",
                "count": 0,
                "name": "Trường Nhân"
            },
            {
                "id": "100092612001566",
                "count": 0,
                "name": "Công Nguyên Lương"
            },
            {
                "id": "100072708458078",
                "count": 7,
                "name": "Đại Hào"
            },
            {
                "id": "61558767149708",
                "count": 1,
                "name": "Lê Nguyên Hải"
            },
            {
                "id": "100000499554983",
                "count": 0,
                "name": "Bui Anh Tu"
            },
            {
                "id": "61559749266159",
                "count": 5,
                "name": "Minh Bùi"
            },
            {
                "id": "61557832086124",
                "count": 0,
                "name": "Bùi Bằng"
            },
            {
                "id": "61557544997413",
                "count": 0,
                "name": "Người dùng Facebook"
            },
            {
                "id": "61553333164212",
                "count": 12,
                "name": "Gia Bảo"
            }
        ]
    }
}