{
    "total": [
        {
            "id": "61559110839419",
            "count": 0
        },
        {
            "id": "100003600814334",
            "count": 0
        },
        {
            "id": "100089033040313",
            "count": 53
        },
        {
            "id": "61561364248342",
            "count": 0
        },
        {
            "id": "61560292916742",
            "count": 0
        },
        {
            "id": "100093157642956",
            "count": 0
        },
        {
            "id": "100023227486449",
            "count": 72
        },
        {
            "id": "61554465130105",
            "count": 0
        },
        {
            "id": "100001247408859",
            "count": 0
        },
        {
            "id": "61550992642482",
            "count": 0
        },
        {
            "id": "61560774283761",
            "count": 0
        },
        {
            "id": "61561775225170",
            "count": 0
        },
        {
            "id": "100077461261016",
            "count": 0
        },
        {
            "id": "100085065916104",
            "count": 501
        },
        {
            "id": "100077026869574",
            "count": 56
        },
        {
            "id": "61551073806131",
            "count": 0
        },
        {
            "id": "1678083193",
            "count": 4
        },
        {
            "id": "61559948472835",
            "count": 0
        },
        {
            "id": "61560740554202",
            "count": 25
        },
        {
            "id": "61559424537809",
            "count": 56
        },
        {
            "id": "100091921995806",
            "count": 300
        },
        {
            "id": "1053703548",
            "count": 157
        },
        {
            "id": "61561033598192",
            "count": 0
        },
        {
            "id": "61559686867468",
            "count": 3
        },
        {
            "id": "100084384192451",
            "count": 1
        },
        {
            "id": "100008166858665",
            "count": 54
        },
        {
            "id": "61557940740753",
            "count": 88
        },
        {
            "id": "100094353911598",
            "count": 0
        },
        {
            "id": "100070411463701",
            "count": 5
        },
        {
            "id": "61558560537241",
            "count": 2
        },
        {
            "id": "61551997412624",
            "count": 229
        },
        {
            "id": "61551680548347",
            "count": 7
        },
        {
            "id": "61562468907763",
            "count": 53
        },
        {
            "id": "61556894156849",
            "count": 40
        },
        {
            "id": "100022772118827",
            "count": 0
        },
        {
            "id": "61556675522584",
            "count": 0
        },
        {
            "id": "100002906478410",
            "count": 0
        },
        {
            "id": "61554388240057",
            "count": 0
        },
        {
            "id": "61560633992947",
            "count": 0
        },
        {
            "id": "100022948871841",
            "count": 0
        },
        {
            "id": "100081251420921",
            "count": 0
        },
        {
            "id": "61561063291880",
            "count": 15
        },
        {
            "id": "61559816103821",
            "count": 4
        },
        {
            "id": "100087886482079",
            "count": 16
        },
        {
            "id": "100004752336149",
            "count": 304
        },
        {
            "id": "61556673432987",
            "count": 35
        },
        {
            "id": "100005647569450",
            "count": 126
        },
        {
            "id": "100083861872559",
            "count": 66
        },
        {
            "id": "100000612458490",
            "count": 12
        },
        {
            "id": "61561336433951",
            "count": 115
        },
        {
            "id": "61556666968083",
            "count": 16
        },
        {
            "id": "100085073240621",
            "count": 3
        },
        {
            "id": "1745850334",
            "count": 0
        },
        {
            "id": "100092531345036",
            "count": 0
        },
        {
            "id": "100049746434290",
            "count": 0
        },
        {
            "id": "61557169663534",
            "count": 44
        },
        {
            "id": "61559570466558",
            "count": 43
        },
        {
            "id": "61552362793141",
            "count": 0
        },
        {
            "id": "61560829552056",
            "count": 0
        },
        {
            "id": "61562814924372",
            "count": 0
        },
        {
            "id": "61560537260685",
            "count": 0
        },
        {
            "id": "61561212034063",
            "count": 0
        },
        {
            "id": "100086362343384",
            "count": 0
        },
        {
            "id": "1791441527",
            "count": 0
        },
        {
            "id": "100080097861170",
            "count": 0
        },
        {
            "id": "61561010733805",
            "count": 0
        },
        {
            "id": "61561732588366",
            "count": 0
        },
        {
            "id": "61561040763685",
            "count": 0
        },
        {
            "id": "100003619367189",
            "count": 0
        },
        {
            "id": "100034159243190",
            "count": 0
        },
        {
            "id": "100072887267240",
            "count": 0
        },
        {
            "id": "61562051086054",
            "count": 59
        },
        {
            "id": "100001669706520",
            "count": 0
        },
        {
            "id": "61552377662353",
            "count": 0
        },
        {
            "id": "61561385322143",
            "count": 0
        },
        {
            "id": "61552537642840",
            "count": 0
        },
        {
            "id": "61561699343694",
            "count": 0
        },
        {
            "id": "61550586151010",
            "count": 0
        },
        {
            "id": "61555534891153",
            "count": 0
        },
        {
            "id": "100091742275111",
            "count": 0
        },
        {
            "id": "61557539442303",
            "count": 0
        },
        {
            "id": "61561923133681",
            "count": 0
        },
        {
            "id": "100078127443201",
            "count": 0
        },
        {
            "id": "100089061192258",
            "count": 0
        },
        {
            "id": "100069245266349",
            "count": 0
        },
        {
            "id": "61562673300113",
            "count": 0
        },
        {
            "id": "61560570901250",
            "count": 0
        },
        {
            "id": "100090676817313",
            "count": 0
        },
        {
            "id": "100011357772741",
            "count": 0
        },
        {
            "id": "100094005506955",
            "count": 0
        },
        {
            "id": "100043777096599",
            "count": 0
        },
        {
            "id": "100092129160806",
            "count": 0
        },
        {
            "id": "61555713512145",
            "count": 0
        },
        {
            "id": "61560035865846",
            "count": 47
        },
        {
            "id": "61554311408892",
            "count": 0
        }
    ],
    "week": [
        {
            "id": "61559110839419",
            "count": 0,
            "name": "Pun Xinh"
        },
        {
            "id": "100003600814334",
            "count": 0,
            "name": "Chiến Thần Sàn War"
        },
        {
            "id": "100089033040313",
            "count": 5,
            "name": "Nguyễn Đức Toàn"
        },
        {
            "id": "61561364248342",
            "count": 0,
            "name": "Triết Bán Hack "
        },
        {
            "id": "61560292916742",
            "count": 0,
            "name": "Triết Bá Sàn Treo"
        },
        {
            "id": "100093157642956",
            "count": 0,
            "name": "Ng Phuong Anh"
        },
        {
            "id": "100023227486449",
            "count": 0,
            "name": "Honza Hoàng"
        },
        {
            "id": "61554465130105",
            "count": 0,
            "name": "Ng Tran Bich Tien"
        },
        {
            "id": "100001247408859",
            "count": 0,
            "name": "️️️️️️️️️️️️️️️️️️️️️️️️️️️️️️️️️️️️️️️️️️️️️️️️️️️️️️️️️️️️️️️️️️️️️️️️️️️️️️️️️️️️️️️️️️️️️️️️️️️️️️️️️️️️️️️️️️️️️️️️️️️️️️️️️️️️️️️️️️️️️️️️️️️️️️️️️️️️️️️️️️️️️️️️️️"
        },
        {
            "id": "61550992642482",
            "count": 0,
            "name": "Thanh Thanh"
        },
        {
            "id": "61560774283761",
            "count": 0,
            "name": "Nguyễn Hoàng Hải Đăng"
        },
        {
            "id": "61561775225170",
            "count": 0,
            "name": "Người dùng Facebook"
        },
        {
            "id": "100077461261016",
            "count": 0,
            "name": "Vày Lập Đức"
        },
        {
            "id": "100085065916104",
            "count": 450,
            "name": "Trần Minh Triết"
        },
        {
            "id": "100077026869574",
            "count": 0,
            "name": "Người dùng Facebook"
        },
        {
            "id": "61551073806131",
            "count": 0,
            "name": "Hớ Hớ"
        },
        {
            "id": "1678083193",
            "count": 4,
            "name": "Nguyễn Văn Đức"
        },
        {
            "id": "61559948472835",
            "count": 0,
            "name": "Minh Triết"
        },
        {
            "id": "61560740554202",
            "count": 0,
            "name": "Minh Triết"
        },
        {
            "id": "61559424537809",
            "count": 54,
            "name": "Nguyen Minh Duc"
        },
        {
            "id": "100091921995806",
            "count": 171,
            "name": "Nguyen Phuong Anh"
        },
        {
            "id": "1053703548",
            "count": 117,
            "name": "Hoàng Luân"
        },
        {
            "id": "61561033598192",
            "count": 0,
            "name": "Trần Thị Khánh Ly"
        },
        {
            "id": "61559686867468",
            "count": 0,
            "name": "ᴖᴥᴖ丨 tun cte"
        },
        {
            "id": "100084384192451",
            "count": 0,
            "name": "Tũn Cte Nhat Meta"
        },
        {
            "id": "100008166858665",
            "count": 54,
            "name": "Nợ　Lại　Cho　Nhau　Chiều　 Hẹn　Rong　Chơi　Ngọt　Ngào　 Nơi　Tim　Còn　Nhiều　Không　Em"
        },
        {
            "id": "61557940740753",
            "count": 6,
            "name": "Huyen Anh"
        },
        {
            "id": "100094353911598",
            "count": 0,
            "name": "𓂄𓆩𑁍𓆪𓂁 Em Đâu Nào Biết 𓉡 Anh Vẫn Luôn Ở Đây 𓆤 Nhìn Từ Xa Theo Bóng Em Nhạt Nhòa 𓆣 Để Tháng Năm Dài Trôi Qua 𓅂 Nếu Ngày Ấy Anh Ngỏ Lời Thương Và Yêu Đậm Sâu Với Em 𓆉 Em Có Tin Anh Và Nắm Tay Anh 𓃰 Mình Cùng Đi Qua Từng Mùa Đông Rét Buốt 𓆏 Nếu Ngày Ấy Anh Là Chàng Trai Mà Em Ngày Đêm Ước Ao 𓆡 Dẫu Nắng Hay Mưa Dù Có Ra Sao 𓉣 Thì Giờ Đây Anh Đã Có Câu Chuyện Thật Đẹp 𓇻"
        },
        {
            "id": "100070411463701",
            "count": 3,
            "name": "Ngô Đức Công"
        },
        {
            "id": "61558560537241",
            "count": 0,
            "name": "Kitty Bel"
        },
        {
            "id": "61551997412624",
            "count": 0,
            "name": "Trần Minh Triết"
        },
        {
            "id": "61551680548347",
            "count": 6,
            "name": "𓂄𓆩𑁍𓆪𓂁 Vòng Tay Anh Áp Ôm Em Ngày Xưa Đã Dành Cho Ai Kia𓅇Môi Trà Hương Em Đê Mê Nhưng Khi Bên Người Anh Cũng Thế𓆉 Đừng Xin Lỗi Với Những Lừa Dối Em Đã Vẫn Rồi𓇻 Mình Không Thể Tiếp Tục Lầm Lỗi𓃰Trở Về Mở Bên Cô Ấy Hãy Xoá Đi Hết Yêu Thương Ngày Nào Ta Bên Nhau𓆏Em Sẽ Thầm Chúc Phúc Cho Anh Sẽ Trọn Vẹn Yêu Thương 𓂄𓆩𑁍𓆪𓂁"
        },
        {
            "id": "61562468907763",
            "count": 53,
            "name": "Người dùng facebook"
        },
        {
            "id": "61556894156849",
            "count": 0,
            "name": "Em dạo này ổn không Còn đi làm ở công ty cũ Còn đi sớm về hôm nhưng mà đồng lương vẫn không khi đủ Đồng nghiệp của em thế nào trong thang máy có chào với nhau "
        },
        {
            "id": "100022772118827",
            "count": 0,
            "name": "Người dùng facebook"
        },
        {
            "id": "61556675522584",
            "count": 0,
            "name": "Người dùng facebook"
        },
        {
            "id": "100002906478410",
            "count": 0,
            "name": "Người dùng facebook"
        },
        {
            "id": "61554388240057",
            "count": 0,
            "name": "Trần Bảo Sơn"
        },
        {
            "id": "61560633992947",
            "count": 0,
            "name": "Người dùng facebook"
        },
        {
            "id": "100022948871841",
            "count": 0,
            "name": "Người dùng facebook"
        },
        {
            "id": "100081251420921",
            "count": 0,
            "name": "Người dùng facebook"
        },
        {
            "id": "61561063291880",
            "count": 0,
            "name": "Chau Huyen Nhu"
        },
        {
            "id": "61559816103821",
            "count": 3,
            "name": "Mai Quynh Nhi"
        },
        {
            "id": "100087886482079",
            "count": 2,
            "name": "Mor Trung Anhh"
        },
        {
            "id": "100004752336149",
            "count": 304
        },
        {
            "id": "61556673432987",
            "count": 35
        },
        {
            "id": "100005647569450",
            "count": 126
        },
        {
            "id": "100083861872559",
            "count": 66
        },
        {
            "id": "100000612458490",
            "count": 12
        },
        {
            "id": "61561336433951",
            "count": 115
        },
        {
            "id": "61556666968083",
            "count": 16
        },
        {
            "id": "100085073240621",
            "count": 3
        },
        {
            "id": "1745850334",
            "count": 0
        },
        {
            "id": "100092531345036",
            "count": 0
        },
        {
            "id": "100049746434290",
            "count": 0
        },
        {
            "id": "61557169663534",
            "count": 44
        },
        {
            "id": "61559570466558",
            "count": 43
        },
        {
            "id": "61552362793141",
            "count": 0
        },
        {
            "id": "61560829552056",
            "count": 0
        },
        {
            "id": "61562814924372",
            "count": 0
        },
        {
            "id": "61560537260685",
            "count": 0
        },
        {
            "id": "61561212034063",
            "count": 0
        },
        {
            "id": "100086362343384",
            "count": 0
        },
        {
            "id": "1791441527",
            "count": 0
        },
        {
            "id": "100080097861170",
            "count": 0
        },
        {
            "id": "61561010733805",
            "count": 0
        },
        {
            "id": "61561732588366",
            "count": 0
        },
        {
            "id": "61561040763685",
            "count": 0
        },
        {
            "id": "100003619367189",
            "count": 0
        },
        {
            "id": "100034159243190",
            "count": 0
        },
        {
            "id": "100072887267240",
            "count": 0
        },
        {
            "id": "61562051086054",
            "count": 59
        },
        {
            "id": "100001669706520",
            "count": 0
        },
        {
            "id": "61552377662353",
            "count": 0
        },
        {
            "id": "61561385322143",
            "count": 0
        },
        {
            "id": "61552537642840",
            "count": 0
        },
        {
            "id": "61561699343694",
            "count": 0
        },
        {
            "id": "61550586151010",
            "count": 0
        },
        {
            "id": "61555534891153",
            "count": 0
        },
        {
            "id": "100091742275111",
            "count": 0
        },
        {
            "id": "61557539442303",
            "count": 0
        },
        {
            "id": "61561923133681",
            "count": 0
        },
        {
            "id": "100078127443201",
            "count": 0
        },
        {
            "id": "100089061192258",
            "count": 0
        },
        {
            "id": "100069245266349",
            "count": 0
        },
        {
            "id": "61562673300113",
            "count": 0
        },
        {
            "id": "61560570901250",
            "count": 0
        },
        {
            "id": "100090676817313",
            "count": 0
        },
        {
            "id": "100011357772741",
            "count": 0
        },
        {
            "id": "100094005506955",
            "count": 0
        },
        {
            "id": "100043777096599",
            "count": 0
        },
        {
            "id": "100092129160806",
            "count": 0
        },
        {
            "id": "61555713512145",
            "count": 0
        },
        {
            "id": "61560035865846",
            "count": 47
        },
        {
            "id": "61554311408892",
            "count": 0
        }
    ],
    "day": [
        {
            "id": "61559110839419",
            "count": 0,
            "name": "Pun Xinh"
        },
        {
            "id": "100003600814334",
            "count": 0,
            "name": "Chiến Thần Sàn War"
        },
        {
            "id": "100089033040313",
            "count": 0,
            "name": "Nguyễn Đức Toàn"
        },
        {
            "id": "61561364248342",
            "count": 0,
            "name": "Người dùng facebook"
        },
        {
            "id": "61560292916742",
            "count": 0,
            "name": "Người dùng facebook"
        },
        {
            "id": "100093157642956",
            "count": 0,
            "name": "Ng Phuong Anh"
        },
        {
            "id": "100023227486449",
            "count": 0,
            "name": "Người dùng facebook"
        },
        {
            "id": "61554465130105",
            "count": 0,
            "name": "Người dùng facebook"
        },
        {
            "id": "100001247408859",
            "count": 0,
            "name": "Người dùng facebook"
        },
        {
            "id": "61550992642482",
            "count": 0,
            "name": "Thanh Thanh"
        },
        {
            "id": "61560774283761",
            "count": 0,
            "name": "Người dùng facebook"
        },
        {
            "id": "61561775225170",
            "count": 0,
            "name": "Người dùng Facebook"
        },
        {
            "id": "100077461261016",
            "count": 0,
            "name": "Vày Lập Đức"
        },
        {
            "id": "100085065916104",
            "count": 0,
            "name": "Trần Minh Triết"
        },
        {
            "id": "100077026869574",
            "count": 0,
            "name": "Người dùng Facebook"
        },
        {
            "id": "61551073806131",
            "count": 0,
            "name": "Người dùng facebook"
        },
        {
            "id": "1678083193",
            "count": 0,
            "name": "Nguyễn Văn Đức"
        },
        {
            "id": "61559948472835",
            "count": 0,
            "name": "Minh Triết"
        },
        {
            "id": "61560740554202",
            "count": 0,
            "name": "Minh Triết"
        },
        {
            "id": "61559424537809",
            "count": 0,
            "name": "Nguyen Minh Duc"
        },
        {
            "id": "100091921995806",
            "count": 0,
            "name": "Nguyen Phuong Anh"
        },
        {
            "id": "1053703548",
            "count": 0,
            "name": "Hoàng Luân"
        },
        {
            "id": "61561033598192",
            "count": 0,
            "name": "Trần Thị Khánh Ly"
        },
        {
            "id": "61559686867468",
            "count": 0,
            "name": "Người dùng facebook"
        },
        {
            "id": "100084384192451",
            "count": 0,
            "name": "Tũn Cte Nhat Meta"
        },
        {
            "id": "100008166858665",
            "count": 0,
            "name": "Nợ　Lại　Cho　Nhau　Chiều　 Hẹn　Rong　Chơi　Ngọt　Ngào　 Nơi　Tim　Còn　Nhiều　Không　Em"
        },
        {
            "id": "61557940740753",
            "count": 0,
            "name": "Người dùng facebook"
        },
        {
            "id": "100094353911598",
            "count": 0,
            "name": "𓂄𓆩𑁍𓆪𓂁 Em Đâu Nào Biết 𓉡 Anh Vẫn Luôn Ở Đây 𓆤 Nhìn Từ Xa Theo Bóng Em Nhạt Nhòa 𓆣 Để Tháng Năm Dài Trôi Qua 𓅂 Nếu Ngày Ấy Anh Ngỏ Lời Thương Và Yêu Đậm Sâu Với Em 𓆉 Em Có Tin Anh Và Nắm Tay Anh 𓃰 Mình Cùng Đi Qua Từng Mùa Đông Rét Buốt 𓆏 Nếu Ngày Ấy Anh Là Chàng Trai Mà Em Ngày Đêm Ước Ao 𓆡 Dẫu Nắng Hay Mưa Dù Có Ra Sao 𓉣 Thì Giờ Đây Anh Đã Có Câu Chuyện Thật Đẹp 𓇻"
        },
        {
            "id": "100070411463701",
            "count": 0,
            "name": "Ngo Duc Cong"
        },
        {
            "id": "61558560537241",
            "count": 0,
            "name": "Người dùng facebook"
        },
        {
            "id": "61551997412624",
            "count": 0,
            "name": "Người dùng Facebook"
        },
        {
            "id": "61551680548347",
            "count": 0,
            "name": "Người dùng facebook"
        },
        {
            "id": "61562468907763",
            "count": 0,
            "name": "Nguyễn Văn Đức"
        },
        {
            "id": "61556894156849",
            "count": 0,
            "name": "Em dạo này ổn không Còn đi làm ở công ty cũ Còn đi sớm về hôm nhưng mà đồng lương vẫn không khi đủ Đồng nghiệp của em thế nào trong thang máy có chào với nhau "
        },
        {
            "id": "100022772118827",
            "count": 0,
            "name": "Người dùng facebook"
        },
        {
            "id": "61556675522584",
            "count": 0,
            "name": "Người dùng facebook"
        },
        {
            "id": "100002906478410",
            "count": 0,
            "name": "Người dùng facebook"
        },
        {
            "id": "61554388240057",
            "count": 0,
            "name": "Trần Bảo Sơn"
        },
        {
            "id": "61560633992947",
            "count": 0,
            "name": "️️️️️️️️️️️️️️️️️️️️️️️️️️️️️️️️️️️️️️️️️️️️️️️️️️️️️️️️️️️️️️️️️️️️️️️️️️️️️️️️️️️️️️️️️️️️️️️️️️️️️️️️️️️️️️️️️️️️️️️️️️️️️️️️️️️️️️️️️️️️️️️️️️️️️️️️️️️️️️️️️️️️️️️️️️"
        },
        {
            "id": "100022948871841",
            "count": 0,
            "name": "Tống Hoàng Gia Huy"
        },
        {
            "id": "100081251420921",
            "count": 0,
            "name": "Người dùng facebook"
        },
        {
            "id": "61561063291880",
            "count": 0,
            "name": "Chau Huyen Nhu"
        },
        {
            "id": "61559816103821",
            "count": 0,
            "name": "Mai Quynh Nhi"
        },
        {
            "id": "100087886482079",
            "count": 0,
            "name": "Mor Trung Anhh"
        },
        {
            "id": "100004752336149",
            "count": 0,
            "name": "Dang Gia Khanh"
        },
        {
            "id": "61556673432987",
            "count": 0,
            "name": "Tuan Anh"
        },
        {
            "id": "100005647569450",
            "count": 0,
            "name": "Hoàng Gia Huy"
        },
        {
            "id": "100083861872559",
            "count": 0,
            "name": "Người dùng facebook"
        },
        {
            "id": "100000612458490",
            "count": 0,
            "name": "ഋൠ ഋൠ"
        },
        {
            "id": "61561336433951",
            "count": 0,
            "name": "පප පප"
        },
        {
            "id": "61556666968083",
            "count": 0,
            "name": "Gkhanhdz vcl"
        },
        {
            "id": "100085073240621",
            "count": 0,
            "name": "Dang Gia Khanh"
        },
        {
            "id": "1745850334",
            "count": 0,
            "name": "Người dùng Facebook"
        },
        {
            "id": "100092531345036",
            "count": 0,
            "name": "Duong Khanh Bang"
        },
        {
            "id": "100049746434290",
            "count": 0,
            "name": "Mai Vuong Phieu"
        },
        {
            "id": "61557169663534",
            "count": 0,
            "name": "Người dùng facebook"
        },
        {
            "id": "61559570466558",
            "count": 0,
            "name": "Nguyen Manh Hung"
        },
        {
            "id": "61552362793141",
            "count": 0,
            "name": "Người dùng facebook"
        },
        {
            "id": "61560829552056",
            "count": 0,
            "name": "Người dùng facebook"
        },
        {
            "id": "61562814924372",
            "count": 0,
            "name": "Người dùng facebook"
        },
        {
            "id": "61560537260685",
            "count": 0,
            "name": "Người dùng facebook"
        },
        {
            "id": "61561212034063",
            "count": 0,
            "name": "Người dùng facebook"
        },
        {
            "id": "100086362343384",
            "count": 0,
            "name": "Người dùng facebook"
        },
        {
            "id": "1791441527",
            "count": 0,
            "name": "Người dùng facebook"
        },
        {
            "id": "100080097861170",
            "count": 0,
            "name": "Người dùng facebook"
        },
        {
            "id": "61561010733805",
            "count": 0,
            "name": "Người dùng facebook"
        },
        {
            "id": "61561732588366",
            "count": 0,
            "name": "Người dùng facebook"
        },
        {
            "id": "61561040763685",
            "count": 0,
            "name": "Người dùng facebook"
        },
        {
            "id": "100003619367189",
            "count": 0,
            "name": "Người dùng facebook"
        },
        {
            "id": "100034159243190",
            "count": 0,
            "name": "Lê Minh Nam"
        },
        {
            "id": "100072887267240",
            "count": 0,
            "name": "Người dùng facebook"
        },
        {
            "id": "61562051086054",
            "count": 0,
            "name": "Người dùng facebook"
        },
        {
            "id": "100001669706520",
            "count": 0,
            "name": "Tr Ng Van Nhan"
        },
        {
            "id": "61552377662353",
            "count": 0,
            "name": "Người dùng facebook"
        },
        {
            "id": "61561385322143",
            "count": 0,
            "name": "Người dùng facebook"
        },
        {
            "id": "61552537642840",
            "count": 0,
            "name": "Người dùng facebook"
        },
        {
            "id": "61561699343694",
            "count": 0,
            "name": "Người dùng facebook"
        },
        {
            "id": "61550586151010",
            "count": 0,
            "name": "Người dùng facebook"
        },
        {
            "id": "61555534891153",
            "count": 0,
            "name": "Người dùng facebook"
        },
        {
            "id": "100091742275111",
            "count": 0,
            "name": "Trần Minh Đức"
        },
        {
            "id": "61557539442303",
            "count": 0,
            "name": "Người dùng facebook"
        },
        {
            "id": "61561923133681",
            "count": 0,
            "name": "Người dùng facebook"
        },
        {
            "id": "100078127443201",
            "count": 0,
            "name": "Người dùng facebook"
        },
        {
            "id": "100089061192258",
            "count": 0,
            "name": "Người dùng facebook"
        },
        {
            "id": "100069245266349",
            "count": 0,
            "name": "Người dùng facebook"
        },
        {
            "id": "61562673300113",
            "count": 0,
            "name": "Người dùng facebook"
        },
        {
            "id": "61560570901250",
            "count": 0,
            "name": "Người dùng facebook"
        },
        {
            "id": "100090676817313",
            "count": 0,
            "name": "Người dùng facebook"
        },
        {
            "id": "100011357772741",
            "count": 0,
            "name": "Người dùng facebook"
        },
        {
            "id": "100094005506955",
            "count": 0,
            "name": "Người dùng facebook"
        },
        {
            "id": "100043777096599",
            "count": 0,
            "name": "Người dùng facebook"
        },
        {
            "id": "100092129160806",
            "count": 0,
            "name": "Người dùng facebook"
        },
        {
            "id": "61555713512145",
            "count": 0,
            "name": "Người dùng facebook"
        },
        {
            "id": "61560035865846",
            "count": 0,
            "name": "Người dùng facebook"
        },
        {
            "id": "61554311408892",
            "count": 0,
            "name": "Người dùng facebook"
        }
    ],
    "time": 0,
    "last": {
        "time": 3,
        "day": [
            {
                "id": "61559110839419",
                "count": 0,
                "name": "Pun Xinh"
            },
            {
                "id": "100003600814334",
                "count": 0,
                "name": "Chiến Thần Sàn War"
            },
            {
                "id": "100089033040313",
                "count": 0,
                "name": "Nguyễn Đức Toàn"
            },
            {
                "id": "61561364248342",
                "count": 0,
                "name": "Người dùng facebook"
            },
            {
                "id": "61560292916742",
                "count": 0,
                "name": "Người dùng facebook"
            },
            {
                "id": "100093157642956",
                "count": 0,
                "name": "Ng Phuong Anh"
            },
            {
                "id": "100023227486449",
                "count": 0,
                "name": "Người dùng facebook"
            },
            {
                "id": "61554465130105",
                "count": 0,
                "name": "Người dùng facebook"
            },
            {
                "id": "100001247408859",
                "count": 0,
                "name": "Người dùng facebook"
            },
            {
                "id": "61550992642482",
                "count": 0,
                "name": "Thanh Thanh"
            },
            {
                "id": "61560774283761",
                "count": 0,
                "name": "Người dùng facebook"
            },
            {
                "id": "61561775225170",
                "count": 0,
                "name": "Người dùng Facebook"
            },
            {
                "id": "100077461261016",
                "count": 0,
                "name": "Vày Lập Đức"
            },
            {
                "id": "100085065916104",
                "count": 0,
                "name": "Trần Minh Triết"
            },
            {
                "id": "100077026869574",
                "count": 0,
                "name": "Người dùng Facebook"
            },
            {
                "id": "61551073806131",
                "count": 0,
                "name": "Người dùng facebook"
            },
            {
                "id": "1678083193",
                "count": 0,
                "name": "Nguyễn Văn Đức"
            },
            {
                "id": "61559948472835",
                "count": 0,
                "name": "Minh Triết"
            },
            {
                "id": "61560740554202",
                "count": 0,
                "name": "Minh Triết"
            },
            {
                "id": "61559424537809",
                "count": 0,
                "name": "Nguyen Minh Duc"
            },
            {
                "id": "100091921995806",
                "count": 0,
                "name": "Nguyen Phuong Anh"
            },
            {
                "id": "1053703548",
                "count": 0,
                "name": "Hoàng Luân"
            },
            {
                "id": "61561033598192",
                "count": 0,
                "name": "Trần Thị Khánh Ly"
            },
            {
                "id": "61559686867468",
                "count": 0,
                "name": "Người dùng facebook"
            },
            {
                "id": "100084384192451",
                "count": 0,
                "name": "Tũn Cte Nhat Meta"
            },
            {
                "id": "100008166858665",
                "count": 0,
                "name": "Nợ　Lại　Cho　Nhau　Chiều　 Hẹn　Rong　Chơi　Ngọt　Ngào　 Nơi　Tim　Còn　Nhiều　Không　Em"
            },
            {
                "id": "61557940740753",
                "count": 0,
                "name": "Người dùng facebook"
            },
            {
                "id": "100094353911598",
                "count": 0,
                "name": "𓂄𓆩𑁍𓆪𓂁 Em Đâu Nào Biết 𓉡 Anh Vẫn Luôn Ở Đây 𓆤 Nhìn Từ Xa Theo Bóng Em Nhạt Nhòa 𓆣 Để Tháng Năm Dài Trôi Qua 𓅂 Nếu Ngày Ấy Anh Ngỏ Lời Thương Và Yêu Đậm Sâu Với Em 𓆉 Em Có Tin Anh Và Nắm Tay Anh 𓃰 Mình Cùng Đi Qua Từng Mùa Đông Rét Buốt 𓆏 Nếu Ngày Ấy Anh Là Chàng Trai Mà Em Ngày Đêm Ước Ao 𓆡 Dẫu Nắng Hay Mưa Dù Có Ra Sao 𓉣 Thì Giờ Đây Anh Đã Có Câu Chuyện Thật Đẹp 𓇻"
            },
            {
                "id": "100070411463701",
                "count": 0,
                "name": "Ngo Duc Cong"
            },
            {
                "id": "61558560537241",
                "count": 0,
                "name": "Người dùng facebook"
            },
            {
                "id": "61551997412624",
                "count": 0,
                "name": "Người dùng Facebook"
            },
            {
                "id": "61551680548347",
                "count": 0,
                "name": "Người dùng facebook"
            },
            {
                "id": "61562468907763",
                "count": 0,
                "name": "Nguyễn Văn Đức"
            },
            {
                "id": "61556894156849",
                "count": 0,
                "name": "Em dạo này ổn không Còn đi làm ở công ty cũ Còn đi sớm về hôm nhưng mà đồng lương vẫn không khi đủ Đồng nghiệp của em thế nào trong thang máy có chào với nhau "
            },
            {
                "id": "100022772118827",
                "count": 0,
                "name": "Người dùng facebook"
            },
            {
                "id": "61556675522584",
                "count": 0,
                "name": "Người dùng facebook"
            },
            {
                "id": "100002906478410",
                "count": 0,
                "name": "Người dùng facebook"
            },
            {
                "id": "61554388240057",
                "count": 0,
                "name": "Trần Bảo Sơn"
            },
            {
                "id": "61560633992947",
                "count": 0,
                "name": "️️️️️️️️️️️️️️️️️️️️️️️️️️️️️️️️️️️️️️️️️️️️️️️️️️️️️️️️️️️️️️️️️️️️️️️️️️️️️️️️️️️️️️️️️️️️️️️️️️️️️️️️️️️️️️️️️️️️️️️️️️️️️️️️️️️️️️️️️️️️️️️️️️️️️️️️️️️️️️️️️️️️️️️️️️"
            },
            {
                "id": "100022948871841",
                "count": 0,
                "name": "Tống Hoàng Gia Huy"
            },
            {
                "id": "100081251420921",
                "count": 0,
                "name": "Người dùng facebook"
            },
            {
                "id": "61561063291880",
                "count": 0,
                "name": "Chau Huyen Nhu"
            },
            {
                "id": "61559816103821",
                "count": 0,
                "name": "Mai Quynh Nhi"
            },
            {
                "id": "100087886482079",
                "count": 0,
                "name": "Mor Trung Anhh"
            },
            {
                "id": "100004752336149",
                "count": 0,
                "name": "Dang Gia Khanh"
            },
            {
                "id": "61556673432987",
                "count": 0,
                "name": "Tuan Anh"
            },
            {
                "id": "100005647569450",
                "count": 0,
                "name": "Hoàng Gia Huy"
            },
            {
                "id": "100083861872559",
                "count": 0,
                "name": "Người dùng facebook"
            },
            {
                "id": "100000612458490",
                "count": 0,
                "name": "ഋൠ ഋൠ"
            },
            {
                "id": "61561336433951",
                "count": 0,
                "name": "පප පප"
            },
            {
                "id": "61556666968083",
                "count": 0,
                "name": "Gkhanhdz vcl"
            },
            {
                "id": "100085073240621",
                "count": 0,
                "name": "Dang Gia Khanh"
            },
            {
                "id": "1745850334",
                "count": 0,
                "name": "Người dùng Facebook"
            },
            {
                "id": "100092531345036",
                "count": 0,
                "name": "Duong Khanh Bang"
            },
            {
                "id": "100049746434290",
                "count": 0,
                "name": "Mai Vuong Phieu"
            },
            {
                "id": "61557169663534",
                "count": 0,
                "name": "Người dùng facebook"
            },
            {
                "id": "61559570466558",
                "count": 0,
                "name": "Nguyen Manh Hung"
            },
            {
                "id": "61552362793141",
                "count": 0,
                "name": "Người dùng facebook"
            },
            {
                "id": "61560829552056",
                "count": 0,
                "name": "Người dùng facebook"
            },
            {
                "id": "61562814924372",
                "count": 0,
                "name": "Người dùng facebook"
            },
            {
                "id": "61560537260685",
                "count": 0,
                "name": "Người dùng facebook"
            },
            {
                "id": "61561212034063",
                "count": 0,
                "name": "Người dùng facebook"
            },
            {
                "id": "100086362343384",
                "count": 0,
                "name": "Người dùng facebook"
            },
            {
                "id": "1791441527",
                "count": 0,
                "name": "Người dùng facebook"
            },
            {
                "id": "100080097861170",
                "count": 0,
                "name": "Người dùng facebook"
            },
            {
                "id": "61561010733805",
                "count": 0,
                "name": "Người dùng facebook"
            },
            {
                "id": "61561732588366",
                "count": 0,
                "name": "Người dùng facebook"
            },
            {
                "id": "61561040763685",
                "count": 0,
                "name": "Người dùng facebook"
            },
            {
                "id": "100003619367189",
                "count": 0,
                "name": "Người dùng facebook"
            },
            {
                "id": "100034159243190",
                "count": 0,
                "name": "Lê Minh Nam"
            },
            {
                "id": "100072887267240",
                "count": 0,
                "name": "Người dùng facebook"
            },
            {
                "id": "61562051086054",
                "count": 0,
                "name": "Người dùng facebook"
            },
            {
                "id": "100001669706520",
                "count": 0,
                "name": "Tr Ng Van Nhan"
            },
            {
                "id": "61552377662353",
                "count": 0,
                "name": "Người dùng facebook"
            },
            {
                "id": "61561385322143",
                "count": 0,
                "name": "Người dùng facebook"
            },
            {
                "id": "61552537642840",
                "count": 0,
                "name": "Người dùng facebook"
            },
            {
                "id": "61561699343694",
                "count": 0,
                "name": "Người dùng facebook"
            },
            {
                "id": "61550586151010",
                "count": 0,
                "name": "Người dùng facebook"
            },
            {
                "id": "61555534891153",
                "count": 0,
                "name": "Người dùng facebook"
            },
            {
                "id": "100091742275111",
                "count": 0,
                "name": "Trần Minh Đức"
            },
            {
                "id": "61557539442303",
                "count": 0,
                "name": "Người dùng facebook"
            },
            {
                "id": "61561923133681",
                "count": 0,
                "name": "Người dùng facebook"
            },
            {
                "id": "100078127443201",
                "count": 0,
                "name": "Người dùng facebook"
            },
            {
                "id": "100089061192258",
                "count": 0,
                "name": "Người dùng facebook"
            },
            {
                "id": "100069245266349",
                "count": 0,
                "name": "Người dùng facebook"
            },
            {
                "id": "61562673300113",
                "count": 0,
                "name": "Người dùng facebook"
            },
            {
                "id": "61560570901250",
                "count": 0,
                "name": "Người dùng facebook"
            },
            {
                "id": "100090676817313",
                "count": 0,
                "name": "Người dùng facebook"
            },
            {
                "id": "100011357772741",
                "count": 0,
                "name": "Người dùng facebook"
            },
            {
                "id": "100094005506955",
                "count": 0,
                "name": "Người dùng facebook"
            },
            {
                "id": "100043777096599",
                "count": 0,
                "name": "Người dùng facebook"
            },
            {
                "id": "100092129160806",
                "count": 0,
                "name": "Người dùng facebook"
            },
            {
                "id": "61555713512145",
                "count": 0,
                "name": "Người dùng facebook"
            },
            {
                "id": "61560035865846",
                "count": 0,
                "name": "Người dùng facebook"
            },
            {
                "id": "61554311408892",
                "count": 0,
                "name": "Người dùng facebook"
            }
        ],
        "week": [
            {
                "id": "61559110839419",
                "count": 0,
                "name": "Pun Xinh"
            },
            {
                "id": "100003600814334",
                "count": 0,
                "name": "Chiến Thần Sàn War"
            },
            {
                "id": "100089033040313",
                "count": 48,
                "name": "Nguyễn Đức Toàn"
            },
            {
                "id": "61561364248342",
                "count": 0,
                "name": "Triết Bán Hack "
            },
            {
                "id": "61560292916742",
                "count": 0,
                "name": "Triết Bá Sàn Treo"
            },
            {
                "id": "100093157642956",
                "count": 0,
                "name": "Ng Phuong Anh"
            },
            {
                "id": "100023227486449",
                "count": 72,
                "name": "Honza Hoàng"
            },
            {
                "id": "61554465130105",
                "count": 0,
                "name": "Ng Tran Bich Tien"
            },
            {
                "id": "61559407214892",
                "count": 0,
                "name": "anhiuembe"
            },
            {
                "id": "100001247408859",
                "count": 0,
                "name": "️️️️️️️️️️️️️️️️️️️️️️️️️️️️️️️️️️️️️️️️️️️️️️️️️️️️️️️️️️️️️️️️️️️️️️️️️️️️️️️️️️️️️️️️️️️️️️️️️️️️️️️️️️️️️️️️️️️️️️️️️️️️️️️️️️️️️️️️️️️️️️️️️️️️️️️️️️️️️️️️️️️️️️️️️️"
            },
            {
                "id": "100001404731076",
                "count": 0,
                "name": "️️️️️️️️️️️️️️️️️️️️️️️️️️️️️️️️️️️️️️️️️️️️️️️️️️️️️️️️️️️️️️️️️️️️️️️️️️️️️️️️️️️️️️️️️️️️️️️️️️️️️️️️️️️️️️️️️️️️️️️️️️️️️️️️️️️️️️️️️️️️️️️️️️️️️️️️️️️️️️️️️️️️️️️️️️"
            },
            {
                "id": "61550992642482",
                "count": 0,
                "name": "Thanh Thanh"
            },
            {
                "id": "61560774283761",
                "count": 0,
                "name": "Nguyễn Hoàng Hải Đăng"
            },
            {
                "id": "61561775225170",
                "count": 0,
                "name": "Người dùng Facebook"
            },
            {
                "id": "100077461261016",
                "count": 0,
                "name": "Vày Lập Đức"
            },
            {
                "id": "100085065916104",
                "count": 51,
                "name": "Trần Minh Triết"
            },
            {
                "id": "100077026869574",
                "count": 56,
                "name": "Người dùng Facebook"
            },
            {
                "id": "61551073806131",
                "count": 0,
                "name": "Hớ Hớ"
            },
            {
                "id": "1678083193",
                "count": 0,
                "name": "Nguyễn Văn Đức"
            },
            {
                "id": "61559948472835",
                "count": 0,
                "name": "Minh Triết"
            },
            {
                "id": "61560740554202",
                "count": 25,
                "name": "Minh Triết"
            },
            {
                "id": "100091905580817",
                "count": 2,
                "name": "ℚ𝕦𝕒́𝕔𝕙 𝔾𝕚𝕒 𝕋𝕙𝕚𝕖̂𝕟"
            },
            {
                "id": "61559424537809",
                "count": 2,
                "name": "Nguyen Minh Duc"
            },
            {
                "id": "100091921995806",
                "count": 129,
                "name": "Nguyen Phuong Anh"
            },
            {
                "id": "1053703548",
                "count": 40,
                "name": "Hoàng Luân"
            },
            {
                "id": "61561033598192",
                "count": 0,
                "name": "Trần Thị Khánh Ly"
            },
            {
                "id": "61559686867468",
                "count": 3,
                "name": "ᴖᴥᴖ丨 tun cte"
            },
            {
                "id": "100084384192451",
                "count": 1,
                "name": "Tũn Cte Nhat Meta"
            },
            {
                "id": "100008166858665",
                "count": 0,
                "name": "Nợ　Lại　Cho　Nhau　Chiều　 Hẹn　Rong　Chơi　Ngọt　Ngào　 Nơi　Tim　Còn　Nhiều　Không　Em"
            },
            {
                "id": "61557940740753",
                "count": 82,
                "name": "Huyen Anh"
            },
            {
                "id": "100094353911598",
                "count": 0,
                "name": "𓂄𓆩𑁍𓆪𓂁 Em Đâu Nào Biết 𓉡 Anh Vẫn Luôn Ở Đây 𓆤 Nhìn Từ Xa Theo Bóng Em Nhạt Nhòa 𓆣 Để Tháng Năm Dài Trôi Qua 𓅂 Nếu Ngày Ấy Anh Ngỏ Lời Thương Và Yêu Đậm Sâu Với Em 𓆉 Em Có Tin Anh Và Nắm Tay Anh 𓃰 Mình Cùng Đi Qua Từng Mùa Đông Rét Buốt 𓆏 Nếu Ngày Ấy Anh Là Chàng Trai Mà Em Ngày Đêm Ước Ao 𓆡 Dẫu Nắng Hay Mưa Dù Có Ra Sao 𓉣 Thì Giờ Đây Anh Đã Có Câu Chuyện Thật Đẹp 𓇻"
            },
            {
                "id": "61561336433951",
                "count": 0,
                "name": "පප පප"
            },
            {
                "id": "100070411463701",
                "count": 2,
                "name": "Ngô Đức Công"
            },
            {
                "id": "61558560537241",
                "count": 2,
                "name": "Kitty Bel"
            },
            {
                "id": "61551997412624",
                "count": 229,
                "name": "Trần Minh Triết"
            },
            {
                "id": "61551680548347",
                "count": 1,
                "name": "𓂄𓆩𑁍𓆪𓂁 Vòng Tay Anh Áp Ôm Em Ngày Xưa Đã Dành Cho Ai Kia𓅇Môi Trà Hương Em Đê Mê Nhưng Khi Bên Người Anh Cũng Thế𓆉 Đừng Xin Lỗi Với Những Lừa Dối Em Đã Vẫn Rồi𓇻 Mình Không Thể Tiếp Tục Lầm Lỗi𓃰Trở Về Mở Bên Cô Ấy Hãy Xoá Đi Hết Yêu Thương Ngày Nào Ta Bên Nhau𓆏Em Sẽ Thầm Chúc Phúc Cho Anh Sẽ Trọn Vẹn Yêu Thương 𓂄𓆩𑁍𓆪𓂁"
            },
            {
                "id": "61562468907763",
                "count": 0,
                "name": "Người dùng facebook"
            },
            {
                "id": "61556894156849",
                "count": 40,
                "name": "Em dạo này ổn không Còn đi làm ở công ty cũ Còn đi sớm về hôm nhưng mà đồng lương vẫn không khi đủ Đồng nghiệp của em thế nào trong thang máy có chào với nhau "
            },
            {
                "id": "100022772118827",
                "count": 0,
                "name": "Người dùng facebook"
            },
            {
                "id": "61556675522584",
                "count": 0,
                "name": "Người dùng facebook"
            },
            {
                "id": "100002906478410",
                "count": 0,
                "name": "Người dùng facebook"
            },
            {
                "id": "61554388240057",
                "count": 0,
                "name": "Trần Bảo Sơn"
            },
            {
                "id": "61560633992947",
                "count": 0,
                "name": "Người dùng facebook"
            },
            {
                "id": "100001669706520",
                "count": 0,
                "name": "Người dùng facebook"
            },
            {
                "id": "100022948871841",
                "count": 0,
                "name": "Người dùng facebook"
            },
            {
                "id": "100081251420921",
                "count": 0,
                "name": "Người dùng facebook"
            },
            {
                "id": "61561063291880",
                "count": 15,
                "name": "Chau Huyen Nhu"
            },
            {
                "id": "61559816103821",
                "count": 1,
                "name": "Mai Quynh Nhi"
            },
            {
                "id": "100087886482079",
                "count": 14,
                "name": "Mor Trung Anhh"
            },
            {
                "id": "61559570466558",
                "count": 0,
                "name": "Người dùng facebook"
            },
            {
                "id": "100004752336149",
                "count": 0
            },
            {
                "id": "61556673432987",
                "count": 0
            },
            {
                "id": "100005647569450",
                "count": 0
            },
            {
                "id": "100083861872559",
                "count": 0
            },
            {
                "id": "100000612458490",
                "count": 0
            },
            {
                "id": "61556666968083",
                "count": 0
            },
            {
                "id": "100085073240621",
                "count": 0
            },
            {
                "id": "1745850334",
                "count": 0
            },
            {
                "id": "100092531345036",
                "count": 0
            },
            {
                "id": "100049746434290",
                "count": 0
            },
            {
                "id": "61557169663534",
                "count": 0
            },
            {
                "id": "61552362793141",
                "count": 0
            },
            {
                "id": "61560829552056",
                "count": 0
            },
            {
                "id": "61562814924372",
                "count": 0
            },
            {
                "id": "61560537260685",
                "count": 0
            },
            {
                "id": "61561212034063",
                "count": 0
            },
            {
                "id": "100086362343384",
                "count": 0
            },
            {
                "id": "1791441527",
                "count": 0
            },
            {
                "id": "100080097861170",
                "count": 0
            },
            {
                "id": "61561010733805",
                "count": 0
            },
            {
                "id": "61561732588366",
                "count": 0
            },
            {
                "id": "61561040763685",
                "count": 0
            },
            {
                "id": "100003619367189",
                "count": 0
            },
            {
                "id": "100034159243190",
                "count": 0
            },
            {
                "id": "100072887267240",
                "count": 0
            },
            {
                "id": "61562051086054",
                "count": 0
            },
            {
                "id": "61552377662353",
                "count": 0
            },
            {
                "id": "61561385322143",
                "count": 0
            },
            {
                "id": "61552537642840",
                "count": 0
            },
            {
                "id": "61561699343694",
                "count": 0
            },
            {
                "id": "61550586151010",
                "count": 0
            },
            {
                "id": "61555534891153",
                "count": 0
            },
            {
                "id": "100091742275111",
                "count": 0
            },
            {
                "id": "61557539442303",
                "count": 0
            },
            {
                "id": "61561923133681",
                "count": 0
            },
            {
                "id": "100078127443201",
                "count": 0
            },
            {
                "id": "100089061192258",
                "count": 0
            },
            {
                "id": "100069245266349",
                "count": 0
            },
            {
                "id": "61562673300113",
                "count": 0
            },
            {
                "id": "61560570901250",
                "count": 0
            },
            {
                "id": "100090676817313",
                "count": 0
            },
            {
                "id": "100011357772741",
                "count": 0
            },
            {
                "id": "100094005506955",
                "count": 0
            },
            {
                "id": "100043777096599",
                "count": 0
            },
            {
                "id": "100092129160806",
                "count": 0
            },
            {
                "id": "61555713512145",
                "count": 0
            },
            {
                "id": "61560035865846",
                "count": 0
            },
            {
                "id": "61554311408892",
                "count": 0
            }
        ]
    }
}