{
    "total": [
        {
            "id": "100085073240621",
            "count": 70
        },
        {
            "id": "100047870110891",
            "count": 17
        },
        {
            "id": "61556666968083",
            "count": 127
        },
        {
            "id": "61559407214892",
            "count": 0
        }
    ],
    "week": [
        {
            "id": "100085073240621",
            "count": 0,
            "name": "Dang Gia Khanh"
        },
        {
            "id": "100047870110891",
            "count": 0,
            "name": "Mỹ Tuyết"
        },
        {
            "id": "61556666968083",
            "count": 0,
            "name": "Gkhanhdz vcl"
        },
        {
            "id": "61559407214892",
            "count": 0,
            "name": "Anh Thật Sự Không Thích Nhìn Cách Anh Ta Đang Khiến Em Đau Lòng  Nếu Là Anh Sẽ Không Để Em Rơi Lệ Anh Thật Sự Không Thích Nhìn Năm Tháng Qua Họ Để Em Một Mình Nếu Là Anh Sẽ Quan Tâm Gần Em Hơn"
        }
    ],
    "day": [
        {
            "id": "100085073240621",
            "count": 0,
            "name": "Dang Gia Khanh"
        },
        {
            "id": "100047870110891",
            "count": 0,
            "name": "Mỹ Tuyết"
        },
        {
            "id": "61556666968083",
            "count": 0,
            "name": "Gkhanhdz vcl"
        },
        {
            "id": "61559407214892",
            "count": 0,
            "name": "Anh Thật Sự Không Thích Nhìn Cách Anh Ta Đang Khiến Em Đau Lòng  Nếu Là Anh Sẽ Không Để Em Rơi Lệ Anh Thật Sự Không Thích Nhìn Năm Tháng Qua Họ Để Em Một Mình Nếu Là Anh Sẽ Quan Tâm Gần Em Hơn"
        }
    ],
    "time": 0,
    "last": {
        "time": 4,
        "day": [
            {
                "id": "100085073240621",
                "count": 0,
                "name": "Dang Gia Khanh"
            },
            {
                "id": "100047870110891",
                "count": 0,
                "name": "Mỹ Tuyết"
            },
            {
                "id": "61556666968083",
                "count": 0,
                "name": "Gkhanhdz vcl"
            },
            {
                "id": "61559407214892",
                "count": 0,
                "name": "Anh Thật Sự Không Thích Nhìn Cách Anh Ta Đang Khiến Em Đau Lòng  Nếu Là Anh Sẽ Không Để Em Rơi Lệ Anh Thật Sự Không Thích Nhìn Năm Tháng Qua Họ Để Em Một Mình Nếu Là Anh Sẽ Quan Tâm Gần Em Hơn"
            }
        ],
        "week": [
            {
                "id": "100085073240621",
                "count": 0,
                "name": "Dang Gia Khanh"
            },
            {
                "id": "100047870110891",
                "count": 0,
                "name": "Mỹ Tuyết"
            },
            {
                "id": "61556666968083",
                "count": 0,
                "name": "Gkhanhdz vcl"
            },
            {
                "id": "61559407214892",
                "count": 0,
                "name": "Anh Thật Sự Không Thích Nhìn Cách Anh Ta Đang Khiến Em Đau Lòng  Nếu Là Anh Sẽ Không Để Em Rơi Lệ Anh Thật Sự Không Thích Nhìn Năm Tháng Qua Họ Để Em Một Mình Nếu Là Anh Sẽ Quan Tâm Gần Em Hơn"
            }
        ]
    }
}