{
    "total": [
        {
            "id": "61555887641057",
            "count": 206
        },
        {
            "id": "61560035216388",
            "count": 223
        },
        {
            "id": "61557414847588",
            "count": 5
        },
        {
            "id": "61550731811009",
            "count": 0
        },
        {
            "id": "61560131671898",
            "count": 0
        },
        {
            "id": "61561636512443",
            "count": 6
        },
        {
            "id": "61556894156849",
            "count": 100
        },
        {
            "id": "61560669868646",
            "count": 0
        },
        {
            "id": "61562046273806",
            "count": 0
        },
        {
            "id": "100023525916693",
            "count": 0
        },
        {
            "id": "61551334486424",
            "count": 0
        }
    ],
    "week": [
        {
            "id": "61555887641057",
            "count": 0,
            "name": "Chênh Vênh"
        },
        {
            "id": "61560035216388",
            "count": 0,
            "name": "Chị Là Linh Bé"
        },
        {
            "id": "61557414847588",
            "count": 0,
            "name": "kit  ti."
        },
        {
            "id": "61550731811009",
            "count": 0,
            "name": "Beobeo Cte"
        },
        {
            "id": "61560131671898",
            "count": 0,
            "name": "Ngày Hôm Đó"
        },
        {
            "id": "61561636512443",
            "count": 0,
            "name": "ՙՙ ՙՙ"
        },
        {
            "id": "61556894156849",
            "count": 0,
            "name": "Em dạo này ổn không Còn đi làm ở công ty cũ Còn đi sớm về hôm nhưng mà đồng lương vẫn không khi đủ Đồng nghiệp của em thế nào trong thang máy có chào với nhau "
        },
        {
            "id": "61560669868646",
            "count": 0,
            "name": "Người dùng facebook"
        },
        {
            "id": "61562046273806",
            "count": 0,
            "name": "Người dùng facebook"
        },
        {
            "id": "100023525916693",
            "count": 0,
            "name": "Người dùng facebook"
        },
        {
            "id": "61551334486424",
            "count": 0,
            "name": "Người dùng facebook"
        }
    ],
    "day": [
        {
            "id": "61555887641057",
            "count": 0,
            "name": "Người dùng facebook"
        },
        {
            "id": "61560035216388",
            "count": 0,
            "name": "Người dùng facebook"
        },
        {
            "id": "61557414847588",
            "count": 0,
            "name": "Người dùng facebook"
        },
        {
            "id": "61550731811009",
            "count": 0,
            "name": "Người dùng facebook"
        },
        {
            "id": "61560131671898",
            "count": 0,
            "name": "Người dùng facebook"
        },
        {
            "id": "61561636512443",
            "count": 0,
            "name": "Người dùng facebook"
        },
        {
            "id": "61556894156849",
            "count": 0,
            "name": "Em dạo này ổn không Còn đi làm ở công ty cũ Còn đi sớm về hôm nhưng mà đồng lương vẫn không khi đủ Đồng nghiệp của em thế nào trong thang máy có chào với nhau "
        },
        {
            "id": "61560669868646",
            "count": 0,
            "name": "Người dùng facebook"
        },
        {
            "id": "61562046273806",
            "count": 0,
            "name": "Người dùng facebook"
        },
        {
            "id": "100023525916693",
            "count": 0,
            "name": "Tống Hoàng Phương Dương"
        },
        {
            "id": "61551334486424",
            "count": 0,
            "name": "Người dùng facebook"
        }
    ],
    "time": 0,
    "last": {
        "time": 5,
        "day": [
            {
                "id": "61555887641057",
                "count": 0,
                "name": "Người dùng facebook"
            },
            {
                "id": "61560035216388",
                "count": 0,
                "name": "Người dùng facebook"
            },
            {
                "id": "61557414847588",
                "count": 0,
                "name": "Người dùng facebook"
            },
            {
                "id": "61550731811009",
                "count": 0,
                "name": "Người dùng facebook"
            },
            {
                "id": "61560131671898",
                "count": 0,
                "name": "Người dùng facebook"
            },
            {
                "id": "61561636512443",
                "count": 0,
                "name": "Người dùng facebook"
            },
            {
                "id": "61556894156849",
                "count": 0,
                "name": "Em dạo này ổn không Còn đi làm ở công ty cũ Còn đi sớm về hôm nhưng mà đồng lương vẫn không khi đủ Đồng nghiệp của em thế nào trong thang máy có chào với nhau "
            },
            {
                "id": "61560669868646",
                "count": 0,
                "name": "Người dùng facebook"
            },
            {
                "id": "61562046273806",
                "count": 0,
                "name": "Người dùng facebook"
            },
            {
                "id": "100023525916693",
                "count": 0,
                "name": "Tống Hoàng Phương Dương"
            },
            {
                "id": "61551334486424",
                "count": 0,
                "name": "Người dùng facebook"
            }
        ],
        "week": [
            {
                "id": "61555887641057",
                "count": 206,
                "name": "Chênh Vênh"
            },
            {
                "id": "61560035216388",
                "count": 223,
                "name": "Chị Là Linh Bé"
            },
            {
                "id": "61557414847588",
                "count": 5,
                "name": "kit  ti."
            },
            {
                "id": "61550731811009",
                "count": 0,
                "name": "Beobeo Cte"
            },
            {
                "id": "61560131671898",
                "count": 0,
                "name": "Ngày Hôm Đó"
            },
            {
                "id": "61561636512443",
                "count": 6,
                "name": "ՙՙ ՙՙ"
            },
            {
                "id": "61556894156849",
                "count": 100,
                "name": "Em dạo này ổn không Còn đi làm ở công ty cũ Còn đi sớm về hôm nhưng mà đồng lương vẫn không khi đủ Đồng nghiệp của em thế nào trong thang máy có chào với nhau "
            },
            {
                "id": "61560669868646",
                "count": 0,
                "name": "Người dùng facebook"
            },
            {
                "id": "61562046273806",
                "count": 0,
                "name": "Người dùng facebook"
            },
            {
                "id": "100023525916693",
                "count": 0,
                "name": "Người dùng facebook"
            },
            {
                "id": "61551334486424",
                "count": 0,
                "name": "Người dùng facebook"
            }
        ]
    }
}