{
    "total": [
        {
            "id": "100086635778898",
            "count": 48
        },
        {
            "id": "100022902729215",
            "count": 263
        },
        {
            "id": "61551752412604",
            "count": 31
        },
        {
            "id": "100075610939839",
            "count": 0
        },
        {
            "id": "100048955819542",
            "count": 12
        },
        {
            "id": "100091541721038",
            "count": 0
        },
        {
            "id": "100084398950729",
            "count": 31
        },
        {
            "id": "100018834165980",
            "count": 29
        },
        {
            "id": "100077032407982",
            "count": 15
        },
        {
            "id": "100010815753018",
            "count": 11
        },
        {
            "id": "100093707658829",
            "count": 0
        },
        {
            "id": "100027559176552",
            "count": 2
        },
        {
            "id": "61562492445049",
            "count": 34
        },
        {
            "id": "100008016937122",
            "count": 18
        },
        {
            "id": "100025952826221",
            "count": 3
        },
        {
            "id": "100009037455424",
            "count": 52
        },
        {
            "id": "100054837762087",
            "count": 0
        },
        {
            "id": "100049949086575",
            "count": 2
        },
        {
            "id": "100012987460225",
            "count": 0
        },
        {
            "id": "61561943984028",
            "count": 1
        },
        {
            "id": "100072825312392",
            "count": 1
        },
        {
            "id": "100004752336149",
            "count": 56
        },
        {
            "id": "100021439593905",
            "count": 3
        },
        {
            "id": "100054604996480",
            "count": 25
        },
        {
            "id": "100004417871041",
            "count": 9
        },
        {
            "id": "100058554495010",
            "count": 33
        },
        {
            "id": "100077288961162",
            "count": 0
        },
        {
            "id": "61556666968083",
            "count": 19
        },
        {
            "id": "100067893003671",
            "count": 0
        },
        {
            "id": "100093968743080",
            "count": 0
        }
    ],
    "week": [
        {
            "id": "100086635778898",
            "count": 48
        },
        {
            "id": "100022902729215",
            "count": 263
        },
        {
            "id": "61551752412604",
            "count": 31
        },
        {
            "id": "100075610939839",
            "count": 0
        },
        {
            "id": "100048955819542",
            "count": 12
        },
        {
            "id": "100091541721038",
            "count": 0
        },
        {
            "id": "100084398950729",
            "count": 31
        },
        {
            "id": "100018834165980",
            "count": 29
        },
        {
            "id": "100077032407982",
            "count": 15
        },
        {
            "id": "100010815753018",
            "count": 11
        },
        {
            "id": "100093707658829",
            "count": 0
        },
        {
            "id": "100027559176552",
            "count": 2
        },
        {
            "id": "61562492445049",
            "count": 34
        },
        {
            "id": "100008016937122",
            "count": 18
        },
        {
            "id": "100025952826221",
            "count": 3
        },
        {
            "id": "100009037455424",
            "count": 52
        },
        {
            "id": "100054837762087",
            "count": 0
        },
        {
            "id": "100049949086575",
            "count": 2
        },
        {
            "id": "100012987460225",
            "count": 0
        },
        {
            "id": "61561943984028",
            "count": 1
        },
        {
            "id": "100072825312392",
            "count": 1
        },
        {
            "id": "100004752336149",
            "count": 56
        },
        {
            "id": "100021439593905",
            "count": 3
        },
        {
            "id": "100054604996480",
            "count": 25
        },
        {
            "id": "100004417871041",
            "count": 9
        },
        {
            "id": "100058554495010",
            "count": 33
        },
        {
            "id": "100077288961162",
            "count": 0
        },
        {
            "id": "61556666968083",
            "count": 19
        },
        {
            "id": "100067893003671",
            "count": 0
        },
        {
            "id": "100093968743080",
            "count": 0
        }
    ],
    "day": [
        {
            "id": "100086635778898",
            "count": 0,
            "name": "Kiều Loan"
        },
        {
            "id": "100022902729215",
            "count": 0,
            "name": "Đặng Thị Trúc Ly"
        },
        {
            "id": "61551752412604",
            "count": 0,
            "name": "Hàn Tuyết Hy"
        },
        {
            "id": "100075610939839",
            "count": 0,
            "name": "Du Tyn"
        },
        {
            "id": "100048955819542",
            "count": 0,
            "name": "Tiến Đạt"
        },
        {
            "id": "100091541721038",
            "count": 0,
            "name": "Lục Hy Tuyết"
        },
        {
            "id": "100084398950729",
            "count": 0,
            "name": "Tấn Vinh"
        },
        {
            "id": "100018834165980",
            "count": 0,
            "name": "Lê Trọng"
        },
        {
            "id": "100077032407982",
            "count": 0,
            "name": "Vũ"
        },
        {
            "id": "100010815753018",
            "count": 0,
            "name": "Khánh Huyền"
        },
        {
            "id": "100093707658829",
            "count": 0,
            "name": "Phan Kim Tỏa"
        },
        {
            "id": "100027559176552",
            "count": 0,
            "name": "Thắng Thất"
        },
        {
            "id": "61562492445049",
            "count": 0,
            "name": "Như Quỳnhh"
        },
        {
            "id": "100008016937122",
            "count": 0,
            "name": "Hậu Nguyễn"
        },
        {
            "id": "100025952826221",
            "count": 0,
            "name": "Phạm Hiệp"
        },
        {
            "id": "100009037455424",
            "count": 0,
            "name": "Trần Lâm Khan"
        },
        {
            "id": "100054837762087",
            "count": 0,
            "name": "Hùng Nguyễn"
        },
        {
            "id": "100049949086575",
            "count": 0,
            "name": "Trịnh Công Việt"
        },
        {
            "id": "100012987460225",
            "count": 0,
            "name": "Lê Kiên"
        },
        {
            "id": "61561943984028",
            "count": 0,
            "name": "Nhược Hy"
        },
        {
            "id": "100072825312392",
            "count": 0,
            "name": "Thị Huệ"
        },
        {
            "id": "100004752336149",
            "count": 0,
            "name": "Dang Gia Khanh"
        },
        {
            "id": "100021439593905",
            "count": 0,
            "name": "Trần Quốc Tú"
        },
        {
            "id": "100054604996480",
            "count": 0,
            "name": "Nguyễn Tân"
        },
        {
            "id": "100004417871041",
            "count": 0,
            "name": "Hữu Nghĩa"
        },
        {
            "id": "100058554495010",
            "count": 0,
            "name": "Khắc Đạt"
        },
        {
            "id": "100077288961162",
            "count": 0,
            "name": "Người dùng facebook"
        },
        {
            "id": "61556666968083",
            "count": 0,
            "name": "Gkhanhdz vcl"
        },
        {
            "id": "100067893003671",
            "count": 0,
            "name": "Người dùng facebook"
        },
        {
            "id": "100093968743080",
            "count": 0,
            "name": "Người dùng facebook"
        }
    ],
    "time": 0,
    "last": {
        "time": 5,
        "day": [
            {
                "id": "100086635778898",
                "count": 0,
                "name": "Kiều Loan"
            },
            {
                "id": "100022902729215",
                "count": 0,
                "name": "Đặng Thị Trúc Ly"
            },
            {
                "id": "61551752412604",
                "count": 0,
                "name": "Hàn Tuyết Hy"
            },
            {
                "id": "100075610939839",
                "count": 0,
                "name": "Du Tyn"
            },
            {
                "id": "100048955819542",
                "count": 0,
                "name": "Tiến Đạt"
            },
            {
                "id": "100091541721038",
                "count": 0,
                "name": "Lục Hy Tuyết"
            },
            {
                "id": "100084398950729",
                "count": 0,
                "name": "Tấn Vinh"
            },
            {
                "id": "100018834165980",
                "count": 0,
                "name": "Lê Trọng"
            },
            {
                "id": "100077032407982",
                "count": 0,
                "name": "Vũ"
            },
            {
                "id": "100010815753018",
                "count": 0,
                "name": "Khánh Huyền"
            },
            {
                "id": "100093707658829",
                "count": 0,
                "name": "Phan Kim Tỏa"
            },
            {
                "id": "100027559176552",
                "count": 0,
                "name": "Thắng Thất"
            },
            {
                "id": "61562492445049",
                "count": 0,
                "name": "Như Quỳnhh"
            },
            {
                "id": "100008016937122",
                "count": 0,
                "name": "Hậu Nguyễn"
            },
            {
                "id": "100025952826221",
                "count": 0,
                "name": "Phạm Hiệp"
            },
            {
                "id": "100009037455424",
                "count": 0,
                "name": "Trần Lâm Khan"
            },
            {
                "id": "100054837762087",
                "count": 0,
                "name": "Hùng Nguyễn"
            },
            {
                "id": "100049949086575",
                "count": 0,
                "name": "Trịnh Công Việt"
            },
            {
                "id": "100012987460225",
                "count": 0,
                "name": "Lê Kiên"
            },
            {
                "id": "61561943984028",
                "count": 0,
                "name": "Nhược Hy"
            },
            {
                "id": "100072825312392",
                "count": 0,
                "name": "Thị Huệ"
            },
            {
                "id": "100004752336149",
                "count": 0,
                "name": "Dang Gia Khanh"
            },
            {
                "id": "100021439593905",
                "count": 0,
                "name": "Trần Quốc Tú"
            },
            {
                "id": "100054604996480",
                "count": 0,
                "name": "Nguyễn Tân"
            },
            {
                "id": "100004417871041",
                "count": 0,
                "name": "Hữu Nghĩa"
            },
            {
                "id": "100058554495010",
                "count": 0,
                "name": "Khắc Đạt"
            },
            {
                "id": "100077288961162",
                "count": 0,
                "name": "Người dùng facebook"
            },
            {
                "id": "61556666968083",
                "count": 0,
                "name": "Gkhanhdz vcl"
            },
            {
                "id": "100067893003671",
                "count": 0,
                "name": "Người dùng facebook"
            },
            {
                "id": "100093968743080",
                "count": 0,
                "name": "Người dùng facebook"
            }
        ],
        "week": [
            {
                "id": "100086635778898",
                "count": 0
            },
            {
                "id": "100022902729215",
                "count": 0
            },
            {
                "id": "61551752412604",
                "count": 0
            },
            {
                "id": "100075610939839",
                "count": 0
            },
            {
                "id": "100048955819542",
                "count": 0
            },
            {
                "id": "100090603080272",
                "count": 0
            },
            {
                "id": "100091541721038",
                "count": 0
            },
            {
                "id": "100084398950729",
                "count": 0
            },
            {
                "id": "100018834165980",
                "count": 0
            },
            {
                "id": "100077032407982",
                "count": 0
            },
            {
                "id": "100010815753018",
                "count": 0
            },
            {
                "id": "100093707658829",
                "count": 0
            },
            {
                "id": "100027559176552",
                "count": 0
            },
            {
                "id": "61562492445049",
                "count": 0
            },
            {
                "id": "100008016937122",
                "count": 0
            },
            {
                "id": "61557673323229",
                "count": 0
            },
            {
                "id": "61559489077182",
                "count": 0
            },
            {
                "id": "100025952826221",
                "count": 0
            },
            {
                "id": "100009037455424",
                "count": 0
            },
            {
                "id": "100054837762087",
                "count": 0
            },
            {
                "id": "61551247294721",
                "count": 0
            },
            {
                "id": "100049949086575",
                "count": 0
            },
            {
                "id": "100002865025056",
                "count": 0
            },
            {
                "id": "100058759502298",
                "count": 0
            },
            {
                "id": "100012987460225",
                "count": 0
            },
            {
                "id": "61561943984028",
                "count": 0
            },
            {
                "id": "100072825312392",
                "count": 0
            },
            {
                "id": "100009534893430",
                "count": 0
            },
            {
                "id": "100004752336149",
                "count": 0
            },
            {
                "id": "100091089670216",
                "count": 0
            },
            {
                "id": "100021439593905",
                "count": 0
            },
            {
                "id": "100054604996480",
                "count": 0
            },
            {
                "id": "100004417871041",
                "count": 0
            },
            {
                "id": "100058554495010",
                "count": 0
            },
            {
                "id": "100077288961162",
                "count": 0
            },
            {
                "id": "61556666968083",
                "count": 0
            },
            {
                "id": "100067893003671",
                "count": 0
            },
            {
                "id": "100093968743080",
                "count": 0
            }
        ]
    }
}