{
    "total": [
        {
            "id": "61551997412624",
            "count": 0
        },
        {
            "id": "61559110839419",
            "count": 0
        },
        {
            "id": "100049746434290",
            "count": 0
        },
        {
            "id": "100070411463701",
            "count": 0
        },
        {
            "id": "61556666968083",
            "count": 76
        },
        {
            "id": "100003600814334",
            "count": 1
        },
        {
            "id": "61556894156849",
            "count": 0
        },
        {
            "id": "100093157642956",
            "count": 1
        },
        {
            "id": "61561063291880",
            "count": 7
        },
        {
            "id": "100087886482079",
            "count": 39
        },
        {
            "id": "100034159243190",
            "count": 1
        },
        {
            "id": "100002906478410",
            "count": 0
        },
        {
            "id": "100091921995806",
            "count": 63
        },
        {
            "id": "61557787810777",
            "count": 0
        },
        {
            "id": "100001669706520",
            "count": 6
        }
    ],
    "week": [
        {
            "id": "61551997412624",
            "count": 0
        },
        {
            "id": "61559110839419",
            "count": 0
        },
        {
            "id": "100049746434290",
            "count": 0
        },
        {
            "id": "100070411463701",
            "count": 0
        },
        {
            "id": "61556666968083",
            "count": 76
        },
        {
            "id": "100003600814334",
            "count": 1
        },
        {
            "id": "61556894156849",
            "count": 0
        },
        {
            "id": "100093157642956",
            "count": 1
        },
        {
            "id": "61561063291880",
            "count": 7
        },
        {
            "id": "100087886482079",
            "count": 39
        },
        {
            "id": "100034159243190",
            "count": 1
        },
        {
            "id": "100002906478410",
            "count": 0
        },
        {
            "id": "100091921995806",
            "count": 63
        },
        {
            "id": "61557787810777",
            "count": 0
        },
        {
            "id": "100001669706520",
            "count": 6
        }
    ],
    "day": [
        {
            "id": "61551997412624",
            "count": 0,
            "name": "Người dùng Facebook"
        },
        {
            "id": "61559110839419",
            "count": 0,
            "name": "Pun Xinh"
        },
        {
            "id": "100049746434290",
            "count": 0,
            "name": "Mai Vuong Phieu"
        },
        {
            "id": "100070411463701",
            "count": 0,
            "name": "Ngo Duc Cong"
        },
        {
            "id": "61556666968083",
            "count": 0,
            "name": "Gkhanhdz vcl"
        },
        {
            "id": "100003600814334",
            "count": 0,
            "name": "Chiến Thần Sàn War"
        },
        {
            "id": "61556894156849",
            "count": 0,
            "name": "Em dạo này ổn không Còn đi làm ở công ty cũ Còn đi sớm về hôm nhưng mà đồng lương vẫn không khi đủ Đồng nghiệp của em thế nào trong thang máy có chào với nhau "
        },
        {
            "id": "100093157642956",
            "count": 0,
            "name": "Ng Phuong Anh"
        },
        {
            "id": "61561063291880",
            "count": 0,
            "name": "Chau Huyen Nhu"
        },
        {
            "id": "100087886482079",
            "count": 0,
            "name": "Mor Trung Anhh"
        },
        {
            "id": "100034159243190",
            "count": 0,
            "name": "Lê Minh Nam"
        },
        {
            "id": "100002906478410",
            "count": 0,
            "name": "Người dùng facebook"
        },
        {
            "id": "100091921995806",
            "count": 0,
            "name": "Nguyen Phuong Anh"
        },
        {
            "id": "61557787810777",
            "count": 0,
            "name": "Người dùng facebook"
        },
        {
            "id": "100001669706520",
            "count": 0,
            "name": "Tr Ng Van Nhan"
        }
    ],
    "time": 0,
    "last": {
        "time": 2,
        "day": [
            {
                "id": "61551997412624",
                "count": 0,
                "name": "Người dùng Facebook"
            },
            {
                "id": "61559110839419",
                "count": 0,
                "name": "Pun Xinh"
            },
            {
                "id": "100049746434290",
                "count": 0,
                "name": "Mai Vuong Phieu"
            },
            {
                "id": "100070411463701",
                "count": 0,
                "name": "Ngo Duc Cong"
            },
            {
                "id": "61556666968083",
                "count": 0,
                "name": "Gkhanhdz vcl"
            },
            {
                "id": "100003600814334",
                "count": 0,
                "name": "Chiến Thần Sàn War"
            },
            {
                "id": "61556894156849",
                "count": 0,
                "name": "Em dạo này ổn không Còn đi làm ở công ty cũ Còn đi sớm về hôm nhưng mà đồng lương vẫn không khi đủ Đồng nghiệp của em thế nào trong thang máy có chào với nhau "
            },
            {
                "id": "100093157642956",
                "count": 0,
                "name": "Ng Phuong Anh"
            },
            {
                "id": "61561063291880",
                "count": 0,
                "name": "Chau Huyen Nhu"
            },
            {
                "id": "100087886482079",
                "count": 0,
                "name": "Mor Trung Anhh"
            },
            {
                "id": "100034159243190",
                "count": 0,
                "name": "Lê Minh Nam"
            },
            {
                "id": "100002906478410",
                "count": 0,
                "name": "Người dùng facebook"
            },
            {
                "id": "100091921995806",
                "count": 0,
                "name": "Nguyen Phuong Anh"
            },
            {
                "id": "61557787810777",
                "count": 0,
                "name": "Người dùng facebook"
            },
            {
                "id": "100001669706520",
                "count": 0,
                "name": "Tr Ng Van Nhan"
            }
        ],
        "week": [
            {
                "id": "61561336433951",
                "count": 0
            },
            {
                "id": "1678083193",
                "count": 0
            },
            {
                "id": "61559424537809",
                "count": 0
            },
            {
                "id": "61551997412624",
                "count": 0
            },
            {
                "id": "61562468907763",
                "count": 0
            },
            {
                "id": "100008166858665",
                "count": 0
            },
            {
                "id": "61559110839419",
                "count": 0
            },
            {
                "id": "100085065916104",
                "count": 0
            },
            {
                "id": "1053703548",
                "count": 0
            },
            {
                "id": "100089033040313",
                "count": 0
            },
            {
                "id": "100049746434290",
                "count": 0
            },
            {
                "id": "100005647569450",
                "count": 0
            },
            {
                "id": "100070411463701",
                "count": 0
            },
            {
                "id": "100004752336149",
                "count": 0
            },
            {
                "id": "61556666968083",
                "count": 0
            },
            {
                "id": "61556673432987",
                "count": 0
            },
            {
                "id": "61559816103821",
                "count": 0
            },
            {
                "id": "100092531345036",
                "count": 0
            },
            {
                "id": "100003600814334",
                "count": 0
            },
            {
                "id": "61556894156849",
                "count": 0
            },
            {
                "id": "61559570466558",
                "count": 0
            },
            {
                "id": "61559948472835",
                "count": 0
            },
            {
                "id": "61560740554202",
                "count": 0
            },
            {
                "id": "100085073240621",
                "count": 0
            },
            {
                "id": "61559809987389",
                "count": 0
            },
            {
                "id": "100093157642956",
                "count": 0
            },
            {
                "id": "100091921995806",
                "count": 0
            },
            {
                "id": "61561063291880",
                "count": 0
            },
            {
                "id": "100087886482079",
                "count": 0
            },
            {
                "id": "100012219093873",
                "count": 0
            },
            {
                "id": "100001669706520",
                "count": 0
            },
            {
                "id": "61560633992947",
                "count": 0
            },
            {
                "id": "100022948871841",
                "count": 0
            },
            {
                "id": "100034159243190",
                "count": 0
            },
            {
                "id": "100002906478410",
                "count": 0
            },
            {
                "id": "61557787810777",
                "count": 0
            }
        ]
    }
}