[
    {
        "senderID": 100089033040313,
        "input": 1.9292929182838384e+23
    },
    {
        "senderID": 100083222933380,
        "input": 8.080808080880807e+41
    },
    {
        "senderID": 100076354464928,
        "input": 94877879797979790
    },
    {
        "senderID": 100042750775325,
        "input": 7.383539373627383e+184
    },
    {
        "senderID": 2929292929393939
    },
    {
        "senderID": 10000000000000000000
    },
    {
        "senderID": 100077244356871,
        "input": 182828282939394000
    },
    {
        "senderID": 100067835842915,
        "input": 919172937383
    },
    {
        "senderID": 100091910771973,
        "input": 1e+29
    },
    {
        "senderID": 61559896483314,
        "input": 6861085878
    }
]