[
    {
        "threadID": "7299601900155579",
        "shortcuts": [
            {
                "id": "NiBckTEmtE.png",
                "input": "Cc",
                "output": "🐧"
            }
        ]
    },
    {
        "threadID": "25134307502880779",
        "shortcuts": [
            {
                "id": "IkyGJZlJFV.png",
                "input": "@Nguyễn Đức Toàn",
                "output": "Cc"
            }
        ]
    },
    {
        "threadID": "7486923394682012",
        "shortcuts": [
            {
                "id": "wWVjEfDFra",
                "input": "Tvm",
                "output": "Tvm gt show acc setname nha"
            },
            {
                "id": "YmEHkginTB",
                "input": "Kt",
                "output": "GE• tên + ns"
            }
        ]
    }
]