{
    "6313122122058241": {
        "data": false
    },
    "7118593611500902": {
        "data": false
    },
    "6711724235516416": {
        "data": false
    },
    "8970822222960133": {
        "data": false
    },
    "6372900922787417": {
        "data": false
    },
    "5983321965070671": {
        "data": false
    },
    "5230065643707864": {
        "data": false
    },
    "6089926517779357": {
        "data": false
    },
    "5885468938142520": {
        "data": false
    },
    "9595218433886431": {
        "data": false
    },
    "6054841757947295": {
        "data": false
    },
    "5608802415906097": {
        "data": false
    },
    "6530449863699364": {
        "data": false
    },
    "9661997880484933": {
        "data": false
    },
    "4864457066966026": {
        "data": false
    },
    "5824984300956628": {
        "data": false
    },
    "6440915239356368": {
        "data": false
    },
    "3319488758147736": {
        "data": false
    },
    "6547501105273052": {
        "data": false
    },
    "5734505759905712": {
        "data": false
    },
    "8354743811266319": {
        "data": false
    },
    "6573524392727641": {
        "data": false
    },
    "7680051052036908": {
        "data": false
    },
    "100015647791389": {
        "data": false
    },
    "5990529907693198": {
        "data": false
    },
    "8397750793584461": {
        "data": false
    },
    "9681162421958262": {
        "data": false
    },
    "24217357154529691": {
        "data": false
    },
    "6774585222576172": {
        "data": false
    },
    "6694355513961301": {
        "data": false
    },
    "4337267099701662": {
        "data": false
    },
    "7428642850495484": {
        "data": false
    },
    "6089387531110793": {
        "data": false
    },
    "100053045119110": {
        "data": false
    },
    "100027699232347": {
        "data": false
    },
    "100007547734653": {
        "data": false
    },
    "100014744202201": {
        "data": false
    },
    "100018404874801": {
        "data": false
    },
    "100041148612289": {
        "data": false
    },
    "100073608194435": {
        "data": false
    },
    "100084718641219": {
        "data": false
    },
    "100074063215209": {
        "data": false
    },
    "8370958332921988": {
        "data": false
    },
    "6213078958769656": {
        "data": false
    },
    "5207024956064419": {
        "data": false
    },
    "100071719927995": {
        "data": false
    },
    "100041745555567": {
        "data": false
    },
    "6628447543867137": {
        "data": false
    },
    "6590544304330176": {
        "data": false
    },
    "6721985691191889": {
        "data": false
    },
    "24942661922014550": {
        "data": false
    },
    "6822450847852864": {
        "data": false
    },
    "100085073240621": {
        "data": false
    },
    "7857228487694020": {
        "data": false
    },
    "100085070598864": {
        "data": false
    },
    "7736982792979077": {
        "data": false
    },
    "7650135715105569": {
        "data": false
    },
    "7258760540829608": {
        "data": false
    },
    "7347697485318651": {
        "data": false
    },
    "25698987183021731": {
        "data": false
    },
    "8189110847770426": {
        "data": false
    },
    "7252611298119609": {
        "data": false
    },
    "61550031651354": {
        "data": false
    },
    "61559252233092": {
        "data": false
    },
    "7704285509627960": {
        "data": false
    },
    "7619479374779417": {
        "data": false
    },
    "7472097596210921": {
        "data": false
    },
    "6450003288437701": {
        "data": false
    },
    "7000632509990346": {
        "data": false
    },
    "23941641862149097": {
        "data": false
    },
    "7199913473391815": {
        "data": false
    },
    "100082959835429": {
        "data": false
    },
    "7446676088703388": {
        "data": false
    },
    "100086450665601": {
        "data": false
    },
    "8088989491124314": {
        "data": false
    },
    "7299601900155579": {
        "data": false
    },
    "25134307502880779": {
        "data": false
    },
    "100089033040313": {
        "data": false
    },
    "100075185498345": {
        "data": false
    },
    "7099291153518681": {
        "data": false
    },
    "7426398957488049": {
        "data": false
    },
    "7261156653977424": {
        "data": false
    },
    "6337002989691929": {
        "data": false
    },
    "8430192483664347": {
        "data": false
    },
    "100087629987928": {
        "data": false
    },
    "100091582611359": {
        "data": false
    },
    "8602339476449182": {
        "data": false
    },
    "7675983022489231": {
        "data": false
    },
    "7631765660217666": {
        "data": false
    },
    "9860987227307427": {
        "data": false
    },
    "7521002927997636": {
        "data": false
    },
    "7307477135956824": {
        "data": false
    },
    "7411047998965058": {
        "data": false
    },
    "8219693388063942": {
        "data": false
    },
    "7215192971840719": {
        "data": false
    },
    "7892058284219892": {
        "data": false
    },
    "100091758047267": {
        "data": false
    },
    "100076354464928": {
        "data": false
    },
    "100004752336149": {
        "data": false
    },
    "7936775003032234": {
        "data": false
    },
    "100027187763993": {
        "data": false
    },
    "7121758727860028": {
        "data": false
    },
    "7770263853039622": {
        "data": false
    },
    "100042750775325": {
        "data": false
    },
    "7549269198468781": {
        "data": false
    },
    "25587817464198961": {
        "data": false
    },
    "25715775901400561": {
        "data": false
    },
    "8020182727993511": {
        "data": false
    },
    "8425221834157928": {
        "data": false
    },
    "6959160697519836": {
        "data": false
    },
    "7205190422937587": {
        "data": false
    },
    "8004798502873839": {
        "data": false
    },
    "8472615272779619": {
        "data": false
    },
    "7318353101585878": {
        "data": false
    },
    "7570382079720405": {
        "data": false
    },
    "25176663381933337": {
        "data": false
    },
    "8353463477997039": {
        "data": false
    },
    "7158396890933346": {
        "data": false
    },
    "7824580750898095": {
        "data": false
    },
    "8476068862422285": {
        "data": false
    },
    "25484431761204363": {
        "data": false
    },
    "26760955063503516": {
        "data": false
    },
    "8452680158092495": {
        "data": false
    },
    "7777383545679653": {
        "data": false
    },
    "7683374085078221": {
        "data": false
    },
    "7674731535967337": {
        "data": false
    },
    "25051605127787704": {
        "data": false
    },
    "7675098439244148": {
        "data": false
    },
    "7180508308717536": {
        "data": false
    },
    "7851015714949155": {
        "data": false
    },
    "7272460189473915": {
        "data": false
    },
    "9959367847437380": {
        "data": false
    },
    "25790767960567997": {
        "data": false
    },
    "8421259874559275": {
        "data": false
    },
    "25161605553453701": {
        "data": false
    },
    "7736845609734514": {
        "data": false
    },
    "7149818605117204": {
        "data": false
    },
    "8187289314636074": {
        "data": false
    },
    "8557201250961613": {
        "data": false
    },
    "7606898862735443": {
        "data": false
    },
    "8146971765364334": {
        "data": false
    },
    "8065380316845777": {
        "data": false
    },
    "7128928290541776": {
        "data": false
    },
    "100056910337047": {
        "data": false
    },
    "6135004339879471": {
        "data": false
    },
    "100093840380780": {
        "data": false
    },
    "7444620338961331": {
        "data": false
    },
    "7653955044721924": {
        "data": false
    },
    "7148092411910591": {
        "data": false
    },
    "8104573829576422": {
        "data": false
    },
    "7795513567194431": {
        "data": false
    },
    "26018492104432705": {
        "data": false
    },
    "100086545520110": {
        "data": false
    },
    "100085065916104": {
        "data": false
    },
    "26624556330476801": {
        "data": false
    },
    "7827870910666626": {
        "data": false
    },
    "61553349840198": {
        "data": false
    },
    "100070815402204": {
        "data": false
    },
    "100009801367183": {
        "data": false
    },
    "26183102027947548": {
        "data": false
    },
    "7705470182867877": {
        "data": false
    },
    "7486923394682012": {
        "data": false
    },
    "24339321679044610": {
        "data": false
    },
    "23871396445839156": {
        "data": false
    },
    "7590720307616117": {
        "data": false
    },
    "7246694305443771": {
        "data": false
    },
    "7630855133624516": {
        "data": false
    },
    "7531963723508069": {
        "data": false
    },
    "23933883846257996": {
        "data": false
    },
    "6852295658133294": {
        "data": false
    },
    "8284972358197620": {
        "data": false
    },
    "7263236747047382": {
        "data": false
    },
    "8117799294949127": {
        "data": false
    },
    "6545620788883406": {
        "data": false
    },
    "26026474220300618": {
        "data": false
    },
    "8224544314276739": {
        "data": false
    },
    "7959407810745006": {
        "data": false
    },
    "7505080172953541": {
        "data": false
    },
    "8235753683122427": {
        "data": false
    },
    "8695129700501486": {
        "data": false
    },
    "7276828075757494": {
        "data": false
    },
    "26002983736016540": {
        "data": false
    },
    "7692459930873038": {
        "data": false
    },
    "7289801334454991": {
        "data": false
    },
    "7780219582094070": {
        "data": false
    },
    "8361569787254910": {
        "data": false
    },
    "100022902729215": {
        "data": false
    },
    "7391778527568528": {
        "data": false
    },
    "5445373022228264": {
        "data": false
    },
    "5459941167466350": {
        "data": false
    },
    "61559832402512": {
        "data": false
    },
    "8255448647833434": {
        "data": false
    },
    "7235327119885343": {
        "data": false
    },
    "100068009795358": {
        "data": false
    },
    "7930336017074281": {
        "data": false
    }
}